Destination Port,Flow Duration,Total Fwd Packets,Total Backward Packets,Total Length of Fwd Packets,Total Length of Bwd Packets,Fwd Packet Length Max,Fwd Packet Length Min,Fwd Packet Length Mean,Fwd Packet Length Std,Bwd Packet Length Max,Bwd Packet Length Min,Bwd Packet Length Mean,Bwd Packet Length Std,Flow Bytes/s,Flow Packets/s,Flow IAT Mean,Flow IAT Std,Flow IAT Max,Flow IAT Min,Fwd IAT Total,Fwd IAT Mean,Fwd IAT Std,Fwd IAT Max,Fwd IAT Min,Bwd IAT Total,Bwd IAT Mean,Bwd IAT Std,Bwd IAT Max,Bwd IAT Min,Fwd PSH Flags,Bwd PSH Flags,Fwd URG Flags,Bwd URG Flags,Fwd Header Length,Bwd Header Length,Fwd Packets/s,Bwd Packets/s,Min Packet Length,Max Packet Length,Packet Length Mean,Packet Length Std,Packet Length Variance,FIN Flag Count,SYN Flag Count,RST Flag Count,PSH Flag Count,ACK Flag Count,URG Flag Count,CWE Flag Count,ECE Flag Count,Down/Up Ratio,Average Packet Size,Avg Fwd Segment Size,Avg Bwd Segment Size,Fwd Avg Bytes/Bulk,Fwd Avg Packets/Bulk,Fwd Avg Bulk Rate,Bwd Avg Bytes/Bulk,Bwd Avg Packets/Bulk,Bwd Avg Bulk Rate,Subflow Fwd Packets,Subflow Fwd Bytes,Subflow Bwd Packets,Subflow Bwd Bytes,Init_Win_bytes_forward,Init_Win_bytes_backward,act_data_pkt_fwd,min_seg_size_forward,Active Mean,Active Std,Active Max,Active Min,Idle Mean,Idle Std,Idle Max,Idle Min,Label
7270,860,5390,5191,5734,6265,466,4426,5578,8322,1685,769,6949,2433,5311,5051,6420,1184,4555,3385,6396,8666,9274,2558,7849,2047,2747,9167,9998,189,2734,3005,4658,1899,7734,1267,1528,3556,3890,8838,5393,8792,8433,7513,2612,7041,9555,6235,5486,7099,9670,775,8226,3152,1585,3943,7555,3073,1021,3843,7989,9692,6873,5675,161,4297,995,7629,9467,1016,7869,6439,7892,6863,7916,8529,878,DoS Slowhttptest
4887,4859,6331,8571,8684,7208,5276,2062,64,8006,2568,5463,2027,2695,9687,5258,5618,6736,391,5892,3561,6184,3099,6278,8392,3104,7215,2454,8996,2731,8154,9762,5056,8110,3840,1028,7385,502,6910,9062,6938,4488,206,5134,5977,7721,7035,1484,7858,863,2790,7408,8755,5116,6019,1757,7574,6374,6892,1678,3242,4636,1059,6668,9914,3157,5915,9789,2693,3627,9555,5450,1663,9721,5592,7392,1306,PortScan
6776,5864,9474,7526,8901,5575,5530,4413,3748,663,1998,7994,1495,3304,3763,5232,1853,6585,1291,3581,7554,7280,1636,3696,698,4737,854,8164,5855,7392,6528,5249,5172,1707,5791,9925,5535,4931,3510,202,4218,8958,4389,2327,8004,2931,7777,197,7125,1930,6287,8800,9339,4282,2511,9986,659,2811,7098,6546,9561,1986,8338,2911,1734,1843,8680,2976,1959,5759,6694,2385,4736,1802,8155,8120,6616,FTP-Patator
5534,4061,262,6287,8815,9208,2049,5423,4548,3108,7158,7400,3170,9874,2255,1154,4499,6295,6197,9888,1648,5539,9637,4199,8445,2557,5592,98,2200,2961,4973,4433,2869,956,8352,5699,6944,4493,9492,4911,3987,9719,6015,1218,4496,4735,4555,9146,8050,3446,1045,6893,1693,3436,8754,5895,3354,225,4893,7022,9151,5600,7996,9007,7683,4642,7679,8208,7339,9435,2205,1069,3444,1060,2327,3420,301,DoS Slowhttptest
606,3170,699,5088,9331,190,980,2975,6102,1184,3327,3394,8319,1816,5854,6709,569,5442,1895,2733,3863,7455,4014,1686,3009,7806,154,1409,784,8096,7560,7343,7206,5596,5801,2806,537,5986,1841,8716,6971,5625,2950,7992,4780,2368,6655,8173,4495,9163,6002,6614,9358,5919,853,4146,3769,574,1148,6293,6457,7509,9907,4777,3854,2491,3124,5691,3051,4,5222,5315,4869,876,9183,7027,4142,SSH-Patator
6966,7079,7987,6799,4465,635,1693,9874,4752,8311,830,5177,9561,8932,8308,5949,2838,1150,7560,1931,9204,1664,1081,512,7805,5237,559,3672,7404,3343,4070,9662,580,7004,8130,3147,4249,1679,3506,7253,2744,9435,5188,2141,6617,2479,6484,9827,7421,9949,4452,5881,6665,2849,7390,6905,2489,9823,9207,9540,4611,2839,8527,5878,9087,6303,851,1687,6833,2427,9760,4000,5052,2738,5732,5387,8002,BENIGN
5536,3913,1066,7723,4380,4107,5726,3373,8945,2082,8967,6748,9817,417,8306,8808,3974,3267,825,7668,5745,9708,412,7543,7587,728,7164,8867,5988,2504,2967,2786,1122,4079,1571,5073,5104,2143,9879,6806,7357,3440,3766,5644,2914,4968,5917,8787,728,1365,4492,698,7186,395,7400,8082,4171,4360,2502,717,2782,4946,5486,8335,4980,7266,4491,7192,5588,7651,3636,1167,1062,2156,7860,5161,5305,DoS GoldenEye
6541,4729,9348,7330,5334,8924,4330,8010,6801,4846,6731,7241,953,2539,7056,1542,5293,1191,6313,6938,2681,9409,1540,6172,5541,9580,1365,8691,9872,8702,7494,4312,1324,9347,3141,7419,3486,1810,6588,2923,5301,4186,8905,5977,4268,4748,4849,9435,3709,9273,6619,8647,9086,9576,3072,6530,504,1214,1531,7576,823,928,5029,133,2105,3627,6316,1852,4910,4175,5348,9442,6190,1256,3376,5645,3486,BENIGN
9588,8053,3330,2703,8662,8120,7114,1353,5063,8549,7575,667,4468,9337,6819,3719,2745,7483,539,4964,4835,3775,6042,7102,7312,5320,6132,7891,2779,924,1581,7714,3324,5713,7026,255,4804,1838,9,2871,8989,7409,7418,5124,1015,2193,8415,7449,4158,3925,6970,6938,4784,4000,1633,7266,8702,384,404,8175,2000,9860,5989,1460,7190,7140,3636,4809,4178,7245,6600,5997,2048,4780,716,7939,5565,BENIGN
4976,3419,7239,9766,249,8865,770,4363,1077,8427,8580,7901,4858,6544,4719,2814,3374,1252,6996,4673,4530,6881,6949,9521,6241,8017,6941,9550,7002,1331,4261,7648,9550,5115,4637,4854,3177,7730,2180,4892,7043,137,6327,3472,5449,2832,3579,5971,4164,7941,5569,4300,6269,3818,1906,6254,760,7830,7350,6238,6090,6031,7687,9091,9911,8472,1887,3266,666,4188,671,6777,7570,7956,5124,5585,4777,Bot
6677,6981,6376,523,2393,2593,9945,7240,6937,6190,5240,6493,2878,4143,3644,4432,1276,5811,302,638,55,8717,8150,2125,364,6809,4621,5126,5122,1646,918,2797,6506,5870,1531,8172,3345,7673,6949,6882,1906,3086,8152,5750,8905,1062,1976,1296,6229,7641,125,4632,6288,3596,6168,9795,7561,8258,232,9361,6371,4206,9685,7943,6891,6738,2472,2739,5401,1761,876,3812,9504,1460,1733,1605,5622,DoS slowloris
6986,3517,3735,9352,8434,2590,1063,4324,9111,5342,5,7489,8659,8195,5966,8837,117,2551,5560,4289,846,6316,6469,9333,8915,224,4208,6283,2048,6233,9765,1828,1917,4234,6988,2026,3744,9093,9,260,6038,9865,2219,7041,2060,5287,1619,8512,1342,2832,2824,1994,3490,9310,7984,1604,235,1908,8567,3530,5256,2635,8162,9762,2560,5415,3391,5951,5468,8007,9064,9444,6413,6941,9506,4820,2898,Web Attack - SQL Injection
77,7577,4227,600,1065,2136,9510,6943,7804,6565,5984,5142,4670,2190,9184,2712,2192,1248,4033,1997,3687,4018,1970,8389,5765,1202,8135,5567,7667,5742,5788,5408,8669,9446,922,419,2204,1120,950,2336,5373,2243,2645,4612,1865,6028,7326,6371,6359,7863,3228,3719,2371,2891,3756,4225,94,2674,6898,793,2116,5779,6166,814,345,8554,2443,7783,984,7790,9831,827,3531,7147,4451,3876,5959,DDoS
3177,8795,6024,5109,4146,7196,3368,3797,1792,5732,3476,3417,1645,9397,3030,2872,3072,1854,4021,4662,6514,5031,2708,7112,9524,8393,3507,6456,4212,7970,8766,536,1625,7973,8577,8070,8666,8609,6490,3600,6783,9146,4971,1205,1990,5299,3572,5975,6320,4380,4757,2713,5588,966,4944,3432,688,4243,3701,8533,5182,9916,6704,4422,9984,1759,9181,2482,8058,951,8914,2079,2717,4524,9692,8477,7311,Heartbleed
7186,2065,768,5490,6645,5083,5232,5797,9138,4926,6016,3335,8038,4873,1481,6305,3451,54,7643,3462,832,5954,8519,7221,3310,3300,6722,7218,7776,3675,3054,7970,2143,5207,9503,2538,4547,5619,8356,6612,5005,822,943,6150,4425,8966,2198,4242,3695,3452,9106,1308,4177,8705,6852,6035,3594,4841,1409,4566,4491,1555,804,1279,7083,5986,5619,1387,2679,2106,8173,4223,4831,2768,3186,2573,2599,FTP-Patator
8428,1304,7368,5877,1301,2541,2051,6809,8633,8996,74,6981,5475,8232,7184,5796,7141,1622,8041,341,2074,7992,645,4263,8801,6136,8646,9900,2969,3028,7643,2681,3629,4225,3067,5941,1386,2866,4788,5490,4124,8340,3850,5415,7679,6819,9328,8378,9442,1333,4150,6766,2711,4853,6212,7479,5408,9977,7715,8942,1762,7101,7674,6122,481,153,7617,1524,2120,2343,5136,5760,1240,60,9130,1639,6185,Web Attack - Brute Force
7970,1252,4203,8363,9650,3549,4197,7009,6667,2322,9828,4090,6960,3004,5136,329,3640,7982,4107,1341,8407,338,5895,2708,1750,5604,2421,7119,8901,5319,6609,5387,3993,8680,8044,8238,4873,4806,8592,5913,7124,3157,390,4430,8820,7686,4232,8007,1521,9018,1500,6737,3294,5085,2419,9126,3042,4497,1466,3561,614,5392,7693,9374,3223,7138,2667,7980,130,2983,4278,7126,8230,7694,6640,5468,920,Bot
8684,9323,8502,8930,3241,545,4346,9996,3810,7206,9005,2032,8436,271,3511,1771,9454,4361,7069,920,8190,3430,4435,3760,2050,1165,8567,2033,6467,145,4388,7832,8623,8896,8173,2632,4494,8056,7511,9155,1828,9130,4805,806,9655,7486,8202,1868,7878,5690,7827,5429,9076,3564,1389,7274,824,2265,936,6402,3845,1796,8245,7214,726,2736,1913,9788,7657,2466,9041,7312,8194,7906,4876,7287,892,DDoS
4675,1933,1380,1290,1640,7490,9179,1218,5016,6881,9547,9752,9610,954,9175,7291,974,4133,5370,3972,5295,9105,8228,9903,3020,8987,4036,5068,5233,9516,317,2396,2162,2745,1591,6183,3930,1312,9477,4311,7314,2383,3239,2139,1704,6924,362,2604,9908,4286,3738,2469,4795,6150,556,9017,2808,5150,7561,2719,6506,3741,9766,3998,2403,8780,9739,294,5343,9882,1136,2064,7009,4543,1007,5445,5352,FTP-Patator
1435,571,2382,9437,5084,277,7059,1887,1265,7491,1040,9109,8073,9077,2752,8213,4569,6353,2353,7437,4799,686,8476,4811,8954,5346,5043,2428,5126,8220,9098,7813,9645,3356,8707,7266,6540,38,3342,9078,2844,1098,7027,1823,3155,3093,5658,3778,2896,988,4116,6446,4179,1682,5626,7424,933,3598,1980,3056,8984,791,5390,6635,2255,3610,1607,5179,6573,984,5776,3676,3380,8711,8782,1050,3633,DoS slowloris
6342,959,6059,8884,5655,4473,2946,7725,526,3224,1875,1763,8712,5797,9208,7099,5109,6644,116,2433,5463,583,8586,3788,4167,8465,1389,8357,9759,6154,5420,8920,2043,4197,3496,778,213,3762,9768,6731,3117,5791,8783,2720,8905,9127,6047,8032,1,6368,1949,6732,7833,917,3174,7014,89,1709,3041,105,9078,8619,1895,6090,8508,6082,634,1925,2056,6917,3144,9631,552,8907,5383,3911,9905,Infiltration
3389,9299,8442,2430,458,207,899,21,8601,894,514,7294,4904,7867,4109,7179,1560,1266,3638,8941,3427,4780,1927,2356,4790,306,7979,3665,7057,661,4644,8503,2920,9274,8946,6236,6078,352,9094,7005,158,956,2071,8595,9579,3453,6675,955,6295,1712,4703,6563,9465,5631,9633,9989,1394,9461,4732,3714,529,2958,7904,3591,6895,9131,525,6477,1,374,4648,2365,1525,1646,13,4599,2278,Web Attack - Brute Force
3155,8321,3814,3216,8219,2113,9444,4356,5543,4555,7062,3374,6430,3466,3081,629,269,5724,5897,3432,9472,6276,5895,7115,6656,575,7029,6099,9499,3192,3178,6052,2734,6116,3568,9847,9771,2203,1390,1742,1925,619,1274,956,1939,3953,968,9508,9235,281,6262,1058,4293,5178,6980,9200,1229,9227,4585,8467,2740,2289,1239,5370,125,7473,9400,5342,7351,6638,6570,3249,9110,7595,6294,6527,5757,Bot
1969,891,4470,7175,9556,8320,9206,9991,6812,7519,4612,9710,1198,5238,6089,6257,7705,3719,302,986,4440,4909,3072,3124,9519,8125,3291,4033,5105,703,8133,574,5704,7848,5208,6924,3828,3230,488,7114,9539,3173,1667,9829,4114,3553,7761,1000,9042,1388,5450,3712,1367,8189,9013,454,9816,2772,3726,7232,4806,2190,9108,2875,5592,1440,8927,6059,7010,7117,9153,2989,9218,6228,6471,2863,1177,Web Attack - Brute Force
11,5252,4399,8234,9135,5445,6570,9196,8212,406,9206,4431,5243,6542,6936,8906,4146,140,4882,6012,963,7151,8564,3610,9884,6894,7311,105,5539,9873,6787,2137,4445,3530,1286,7052,3654,7102,2359,8105,8636,6441,5047,8227,5203,9667,1798,9600,5291,5495,9900,6284,7285,1300,6869,9435,3097,4616,9,5752,9852,6295,4815,1072,3225,1316,5699,6807,6674,3683,7227,3273,7000,145,5010,3040,9654,FTP-Patator
9776,482,3179,1249,630,8853,2852,987,7622,7327,9738,8841,9160,1100,6652,8632,7421,5016,769,1343,4358,9769,6780,6602,2349,5699,1241,1125,9382,6764,5101,7843,72,5472,5189,2472,707,1804,6704,3713,5051,2475,3610,4255,7397,1735,9777,8258,7979,2428,7426,8533,5249,5291,2817,9424,3874,9686,4211,661,3374,9208,207,2665,2493,6813,632,3083,3719,7123,1679,236,7446,4443,6770,9732,6099,Heartbleed
8555,2368,285,148,4037,6549,7121,9958,4895,5280,1012,9715,2785,3725,4576,5782,6257,9793,2408,340,2817,2496,5962,5299,9917,7574,1689,3267,4406,8453,1442,8597,4437,5435,8435,4107,560,8785,5548,1826,7629,8325,3138,7693,8264,7842,6721,7002,4225,2978,7373,5907,6097,5656,8984,4259,8286,5901,9325,4917,8429,2530,1960,7045,1048,5772,2529,2964,7137,963,536,7340,7179,7967,8734,845,5777,Bot
5947,2494,2719,1884,4349,5179,6610,6430,7154,6488,4737,6525,3850,689,5175,8648,5078,5448,1179,9074,6406,8591,6907,8800,1638,5671,6928,1382,1403,9011,3292,9011,419,4517,3302,7857,9700,7870,5693,767,2044,1549,9956,6140,3716,4481,7898,6548,2293,4837,7758,6793,7638,7993,6007,5542,9092,6356,8433,7380,2385,4268,671,163,8656,4592,4795,4798,6036,2355,5887,7961,5827,8737,4719,593,4839,SSH-Patator
9651,3493,6164,2672,4200,16,3191,392,8616,6272,571,3631,6172,9312,7177,8433,3897,8123,2279,8980,7451,8906,775,6869,2247,7088,78,8080,7099,3926,9047,7340,7083,6230,9223,4940,3271,3456,7788,8599,7650,2711,1668,147,6420,365,9866,4531,5330,5510,8754,8964,6493,5439,9765,6511,7504,1246,3839,8551,2376,3009,9154,1827,6979,9805,9832,8569,4285,6910,8561,2196,3747,8843,5978,5607,769,DoS Hulk
780,9908,6303,3983,9503,8714,521,9127,7569,5784,4583,5946,4941,6267,7128,2461,685,2160,7031,9759,5341,38,4875,1256,7697,2196,7165,301,7527,6381,646,9951,8789,8853,4330,9560,7003,3537,4558,6579,8474,9678,4082,4183,8652,3754,1724,1376,8706,8894,1653,2066,22,2460,5926,6251,9496,7295,3300,6279,8553,7353,3727,6272,5995,9476,514,448,6019,5343,8033,2520,3081,1428,3967,6445,9114,FTP-Patator
2159,5132,2547,2979,2649,8505,3083,1037,3489,7604,7544,2634,3983,1778,7902,5110,5189,7378,1124,697,2179,9596,5251,9235,1929,1013,226,7321,1828,7909,5588,2023,4966,5891,1080,5036,2563,3292,3586,4431,6841,6643,3959,161,593,3390,5997,6354,663,9324,541,5433,5093,867,8623,5469,6256,9398,1169,830,1651,1136,2810,8667,9518,1019,5237,1283,659,2010,8590,1733,2125,2171,8266,3471,9028,Web Attack - Brute Force
8691,8329,2097,5068,6397,2757,3920,8186,1900,2610,6900,1449,8738,5017,7999,6052,2096,8895,6404,9817,3331,7462,5105,2978,2839,3384,685,7531,4283,7736,7710,1619,6868,1431,9067,4713,9557,9435,4998,162,1974,3291,8461,631,905,2014,9833,7896,204,581,5675,9032,5347,9911,2643,8017,2297,874,5560,689,4000,9614,671,7927,1171,5591,9135,6342,1449,2539,3959,6285,5432,4260,2361,6164,3670,Web Attack - XSS
8100,1938,8562,5976,6588,8616,6304,7345,7875,9086,6633,597,3062,2336,9879,572,7521,6171,7097,2090,6566,4624,1633,1517,3648,1537,3137,6985,97,3750,8535,8174,8103,5413,4666,610,1727,1854,5055,2324,9369,9283,5774,6519,1749,781,7548,6823,2105,3867,7193,4976,2113,5879,3970,9259,7264,1577,9203,2274,4869,6744,2426,5546,6852,2551,6411,7,8087,2555,475,5416,8676,7239,6710,5000,4654,DDoS
6063,2285,5223,6971,3525,2822,4943,6530,258,282,1898,4135,6629,3200,5110,7167,612,687,3690,8804,2307,7133,6509,9973,5906,2591,7183,5248,8766,5108,3604,669,4364,7329,1283,923,1125,1529,9786,8438,3711,8004,9752,6274,3864,7833,6788,226,264,9587,645,7544,5569,2990,2504,9346,587,9177,4079,3348,6299,3831,9433,8381,9172,9890,1715,6450,5433,1098,7096,2326,9087,6416,6980,6763,1674,PortScan
7950,9122,8915,6049,1089,4578,9127,155,9262,1958,6344,5779,6144,5063,3830,9046,8831,9794,6659,441,6040,5925,7358,4628,6370,9528,948,8179,6115,459,7568,4646,392,1787,7374,1138,4741,7418,6362,2454,9658,3674,1377,6701,2597,141,2659,4596,9031,5661,6142,5626,8787,8472,423,6999,4249,1750,4757,1967,4088,4178,7789,2946,9641,5394,7880,5075,7230,1531,2990,7155,4493,9335,933,1460,2723,Heartbleed
285,264,6816,1762,40,5827,8259,987,7804,7789,5717,3198,5374,4790,7183,2524,9277,2479,9885,5154,778,9777,1492,660,1348,9491,7851,7156,2044,7368,3516,9250,9168,4577,727,7468,342,1447,6581,6317,526,6748,405,7986,9765,3740,1846,1478,771,5525,8770,193,2007,1185,2394,9984,9302,4005,7429,2261,3736,6716,4875,8921,4378,7815,3451,7616,9836,2800,8333,5410,1455,6892,5808,6796,4796,DoS Hulk
1325,4976,9405,1159,4650,4987,4697,340,3828,1968,703,5482,6376,1800,5463,4912,4648,855,2866,182,3112,5670,4492,5823,1517,5002,1356,3629,3628,8210,6132,9324,6588,3311,6048,6246,987,3321,4615,8365,3741,3052,6574,726,3760,5806,1875,6993,4033,5443,989,3744,8611,593,1774,935,3808,331,7922,2702,5889,5054,3868,4200,201,2497,1842,9101,4658,7544,7718,770,3155,1628,386,6031,6439,FTP-Patator
4008,2466,2282,1856,7980,1998,5476,9428,4669,9342,4318,7064,7446,1431,5624,7461,1819,1130,6563,2658,3500,8566,2120,4020,3259,1823,1474,2242,3243,6990,5160,3134,2070,359,1141,1635,4000,3361,6583,7835,6,3267,6564,9783,4928,2606,5906,3273,7611,913,2011,1442,5546,1829,8767,6468,929,3699,9655,1054,5744,1900,9649,6980,7069,9591,3415,442,6218,4652,7939,7833,9370,7597,4458,6591,9449,SSH-Patator
2309,6268,910,4340,4009,6628,2169,2172,5668,6313,8315,8036,6789,785,6139,6344,2416,8988,4154,5619,1936,3807,7151,9493,3236,2352,1932,8556,4916,5498,946,9569,1439,7730,4857,340,382,9748,8491,138,358,4931,9714,3456,1627,9495,6626,5004,9326,6652,6416,3170,3835,8017,2151,9429,6905,2834,9190,2567,1307,8848,2660,3730,6207,3162,1140,8458,1708,3630,3211,6538,9702,475,7684,9168,1207,DoS slowloris
1960,557,882,4761,5867,6963,7166,7929,5347,7269,9802,8125,2454,4494,1946,2808,6642,3825,3536,6068,3802,4699,1970,5806,6142,2819,9094,364,4258,3119,1863,115,7084,8016,2384,3935,7742,5442,2490,6980,9134,7661,1724,8182,2767,1137,4117,3420,5845,4778,3906,3637,2953,5929,276,1999,1227,6337,3735,695,9501,4152,7901,7470,7537,2841,4208,8733,1088,3363,24,9764,6144,5668,4236,9959,8068,Infiltration
7295,8392,8448,3747,3175,4897,5037,7427,8605,2014,1381,1098,3426,3655,7938,9101,187,5409,2092,2130,5242,8549,5647,5185,5776,7913,7547,7823,7355,6465,1497,2555,5409,2951,1238,9165,4727,3965,5686,9242,3701,2780,7398,1588,2368,5789,436,2828,1556,7570,7480,9496,182,7190,6687,5565,7241,7651,5575,1589,9779,8851,159,6555,9203,8244,6846,2307,1228,7226,5590,6919,5585,9227,6046,4945,7927,FTP-Patator
7016,7758,5086,9456,7161,1884,1809,3167,6352,9009,6056,2437,6468,9080,5951,5276,8859,7818,4728,2624,5738,4232,5793,4523,5571,9010,9298,2224,8389,6091,8662,6361,1948,7094,6318,3796,234,9120,3607,8043,522,5904,4888,9821,5832,7122,5842,1316,1124,5621,5423,2587,9215,5672,1378,3374,1519,5777,7935,6093,8418,5355,4968,9083,5574,4072,2257,8588,4424,3237,3893,2005,2016,9388,1772,8353,3976,Heartbleed
8967,7430,7170,6469,9131,3220,539,1461,5184,8547,234,1548,7480,4213,1673,6708,7982,2100,3748,3173,1815,3841,8016,7011,4493,674,8088,8578,2158,2661,2064,3253,4979,7703,8931,1401,3259,3923,4214,3227,2745,6091,3866,5818,2222,2792,9889,4063,1524,8224,6198,4025,2566,2803,3709,6155,719,6516,4579,972,3718,7395,4402,4552,2207,4426,6919,8835,8386,8680,2204,5345,3276,1102,5243,6614,9433,DoS slowloris
5223,8584,630,9171,6683,277,232,9744,5690,7659,25,7468,6410,8652,3764,6599,5102,7006,3483,1994,8682,1072,6707,215,7605,9915,9784,2606,8350,4781,3313,9968,7763,5939,2295,5685,1696,1946,2783,3644,5241,6420,7557,2645,6589,6353,1932,1757,5085,5637,1116,492,8811,7888,6474,9738,4958,9797,9467,2743,7866,7160,5451,5258,8548,7186,6102,9061,9077,9475,619,882,8988,3642,1296,8436,2895,FTP-Patator
929,5366,8711,3212,2409,8199,3423,6976,7594,5158,3667,5973,6236,8277,2468,6217,3619,1636,8155,3583,4009,3326,8148,2217,4967,2369,3638,9135,5722,4444,7618,3947,1676,1196,2787,7432,9653,7927,3318,8858,6689,2176,3743,8792,4422,3824,9171,2451,628,9821,7778,3696,3674,3929,2765,4369,8307,4956,692,3162,1105,3008,2161,8345,3699,3786,9256,4200,1913,9408,5520,1772,2780,7423,2871,660,6242,Infiltration
1132,699,7470,6297,7812,4557,2179,9065,8275,1422,3180,4316,6696,9583,614,4570,270,2468,9582,3607,3075,289,8120,6614,3252,7415,6771,278,580,4958,8445,4276,7997,4776,824,3832,8891,5445,1380,9865,6534,3156,4307,5634,8575,5810,8533,5934,3109,4082,3240,6028,1849,8497,2749,6680,9327,205,7352,4591,3450,7214,3811,5141,8501,2708,1991,8463,3273,4538,8712,9168,3722,3551,2832,5679,6579,DDoS
152,5754,2800,5310,9944,2610,1104,7361,4199,3854,7263,1914,7365,3072,9198,406,166,508,1661,3664,3489,680,2524,2120,5260,4357,1363,9523,2292,1538,3408,7742,8752,9291,1903,174,2230,4287,4160,7106,9689,3171,1567,1151,7619,6033,8560,4946,8234,1907,3490,2535,4173,1293,4769,4796,6871,2972,3922,4997,7032,992,8112,5287,2240,1476,6426,389,999,1855,8125,8850,2763,3663,4986,1481,7256,DoS slowloris
7262,451,9729,3093,882,4408,4068,3277,8566,7951,4690,4595,4559,7291,8160,112,5131,3197,139,1424,2949,3168,8708,6043,6989,7236,6261,887,3104,49,3951,3560,18,4821,6340,8058,9665,2606,7846,8643,6432,3765,2438,9741,6358,8319,5941,7644,4855,6547,7196,5911,6481,2761,4456,9607,6361,5693,5788,201,6160,517,7737,9533,1988,3802,5808,7162,6241,8399,5633,5755,6309,4117,8345,1518,6163,Web Attack - SQL Injection
2600,2195,3554,2849,1742,1306,3849,7519,4195,5178,2555,2305,7619,9280,2642,9369,6409,4757,2994,8751,1271,1813,8801,2461,4120,6124,8475,4396,9283,816,7304,7331,82,1920,7817,2093,7071,7967,8367,5285,4937,369,1818,2101,3490,1779,7674,1364,7294,3676,2426,8264,8089,2962,859,4138,2424,9256,4017,8560,8342,1134,5166,5119,5694,6136,5485,4164,2346,5039,4897,8252,5041,3901,1337,1184,4426,FTP-Patator
1629,9519,1526,9865,1361,9765,4370,5283,7610,1993,869,1014,602,690,8685,489,6864,7240,7786,8024,294,5488,4027,2912,9909,4744,1873,3258,2817,8636,3641,4458,5307,8933,2041,679,5738,5668,9550,7697,8033,62,7829,7352,6915,8326,3644,4970,8003,3278,7296,9014,3074,8312,7552,1637,5103,9116,644,2032,2761,2068,241,2668,802,5059,195,2187,2330,4841,3606,8468,60,3927,6296,2591,8758,DoS Slowhttptest
9763,6121,1200,2854,7024,9428,6972,136,1029,2594,7206,661,2472,86,6219,8143,6968,2773,1700,2700,6815,1647,6038,5164,5520,3687,596,4545,8676,8837,4757,4384,8912,4733,7081,8690,7117,4729,1673,8306,9928,7178,2294,3630,146,3453,4507,5783,7751,5628,8328,3360,3005,3552,18,2242,6318,5097,8640,1948,9137,5618,4236,6901,1920,4188,238,204,5552,4927,4390,2687,4951,6160,5388,9540,5126,Web Attack - XSS
816,9012,192,1776,3645,6314,8442,1788,7374,3700,9359,3893,6811,9288,2679,3904,7260,504,9813,9579,6773,3816,717,4434,658,5057,4008,4994,4234,3764,4637,2104,9447,6801,8575,2607,8385,3719,2581,2565,2763,6328,5991,3406,8923,4780,4177,6476,2604,8181,2382,531,6079,634,9961,2,8397,5951,5626,7739,6003,2890,6239,8026,3306,897,9277,9471,670,7291,1505,6460,5167,5255,249,6457,1892,Bot
2854,9695,3792,5330,7871,8235,3612,2618,4678,3163,9480,2942,8411,1925,2972,990,1812,8995,489,5876,9685,3645,7081,2891,9897,3516,3340,6410,53,2575,615,5944,7404,954,1629,6859,8841,3278,5455,3801,2561,6539,370,857,4886,7485,383,4334,4290,2725,6204,6111,4251,922,2915,7957,3046,9166,1230,7647,4933,9555,3940,6483,203,160,8960,3748,6718,2581,1093,4500,8799,5710,9732,2875,3191,PortScan
689,3759,2103,365,8092,4172,6033,2378,1205,4988,5669,2735,9867,8490,956,9306,6623,1474,4460,7002,6396,2828,2850,2964,4594,9141,6644,2850,165,919,8305,3504,991,6047,3839,1258,7609,8706,4804,67,9788,5660,4478,8210,3521,572,7082,7832,5395,2258,6039,650,5741,6838,2587,7876,3262,1338,4996,5780,2827,5232,2217,3539,7845,9229,4383,2961,3226,6837,7031,9290,9131,3716,3414,1448,570,DDoS
2904,2505,917,6982,7427,6336,1678,615,9941,7086,4749,3505,4529,1135,8566,7226,5162,206,4875,1319,1141,4627,7389,2690,7323,3255,8281,5213,4108,3020,1857,8996,9136,2789,3875,7605,9802,8135,6055,3882,7175,7129,5021,4735,2387,6582,9133,5866,2566,975,7212,9146,1262,5047,9135,7382,6231,3327,5630,2259,1257,464,3294,6774,7431,1230,9076,3805,6419,5750,3856,3135,6953,9116,6034,4589,1546,FTP-Patator
6065,1094,2411,2617,8954,4145,2775,6628,3155,3970,7972,8775,5415,4331,1942,6026,8301,191,9095,861,6711,9275,649,4134,7587,8828,1036,4131,2148,5457,6079,2430,1879,7542,2011,3373,7357,1289,1447,3199,6381,7522,6059,3183,5462,3216,3136,3318,2782,9182,7657,4920,6324,6327,8417,776,5208,687,529,5067,8080,5518,2153,9486,6094,6974,9718,4774,7692,3103,2440,4135,7124,5201,844,446,3915,Infiltration
3109,1234,6587,226,4143,7185,5558,186,2535,1932,9040,2032,1252,5509,5074,1881,269,1630,4405,6139,1574,1695,3258,3262,1445,6263,8411,52,9949,5570,7579,1666,6901,2785,719,8597,6855,2294,8263,9421,9759,4482,698,7243,9018,5918,348,5374,7869,307,3416,4820,3558,4478,6531,4620,2985,8112,8467,2547,336,2979,3968,910,1996,3129,5447,6129,5850,4204,7446,8519,9991,314,1134,4876,8102,DoS Slowhttptest
9712,8347,5592,1724,3343,886,721,7678,9104,3357,870,6751,497,1756,1117,2828,1647,6992,6771,142,2761,3435,6622,7069,4512,1848,2696,1717,3072,9259,2786,3791,9480,3871,1806,1504,3308,7117,5048,8263,1690,9536,3303,3113,9074,7850,6416,1504,8924,9940,3924,8615,9783,4485,8100,8684,191,8690,4917,5831,9448,4322,6999,9008,7282,9665,9278,1874,9062,4763,8464,9221,1051,9765,7538,7411,6320,Web Attack - SQL Injection
2105,307,7737,3359,3176,1251,5366,1517,6226,5305,9570,5869,8039,4891,4992,1961,2863,6603,4567,6513,4005,9114,183,7755,3358,6615,9590,6797,8728,7678,5698,1273,6653,1096,9497,9107,8002,4247,9220,5314,3354,270,1186,6305,2398,6995,7299,4182,9903,2230,6511,128,9461,3672,9793,4765,3970,7545,5552,627,6589,2044,2341,5884,8185,249,2925,5043,974,9517,7192,9175,9080,2672,7279,7531,9518,DoS GoldenEye
1987,90,8721,4059,2773,9878,8383,7409,4440,7347,1008,3783,6646,4298,4668,4287,2052,6009,1716,310,4538,1260,3932,584,7616,8551,2866,5898,2011,6251,4939,4006,1625,890,6078,7036,8923,3961,2504,8806,3806,6100,1719,6686,1587,7000,9803,896,5558,8469,4647,9828,2432,3904,6837,1449,4500,5454,9424,4117,8869,2028,6845,3758,5904,4624,8848,165,4591,589,4524,2821,6509,7693,9454,71,3580,Web Attack - SQL Injection
268,9968,2462,9460,1015,9275,7984,406,7384,6049,6169,7982,985,4485,8901,2618,6289,9603,6928,5368,4621,9677,7566,4670,7658,1003,7504,2466,1939,1635,9890,8095,6265,1895,6524,1073,5184,2402,4895,7331,9343,1956,7023,3907,807,8378,4827,4524,9499,2284,5313,757,4887,3854,3558,9772,961,3847,6726,3575,9067,2418,4198,1001,5244,7119,4066,2845,9673,8849,5316,422,6715,4266,7549,6316,2710,DoS Slowhttptest
8069,1657,2541,6763,3075,3164,2053,8479,5737,3217,1447,6009,607,4552,1764,9417,9427,9221,2671,6519,3962,3177,3722,4906,7263,5054,9667,808,9170,725,7701,1216,4051,2197,2806,8970,972,5634,7483,2123,8790,224,9032,1814,1106,124,3246,2931,2971,2017,7415,2415,3096,1609,717,3561,9208,6782,1048,9549,8307,7905,9993,5578,1620,6548,7381,4780,3792,2941,5695,6401,9169,6197,5450,8975,8432,SSH-Patator
1553,1012,8378,1881,6799,4586,8622,8430,6447,2345,75,9548,5877,6785,4922,8090,2330,4686,1902,4670,7143,2059,140,1789,16,464,4471,1827,8711,5956,89,4815,2851,2843,9117,6543,5901,969,1094,6124,7347,3195,1404,6940,4290,3982,5555,7954,4713,3092,4159,6308,7478,8476,4933,4926,9379,3969,2965,4319,8975,7108,9141,3939,44,1810,4566,9021,1909,6364,2581,691,931,7910,6382,3406,8339,Web Attack - Brute Force
1311,8579,3121,1873,9107,6781,3748,277,1859,5929,6792,4713,4675,1170,8681,9374,5308,2462,9822,287,5953,4282,1907,1161,129,6337,2363,8151,5983,143,8207,7469,244,926,3178,2176,5002,886,8532,3398,8497,9099,2654,7392,1371,7135,320,4654,5300,6761,6854,5505,9323,6553,4042,9009,7498,6636,7362,11,194,2537,2842,2229,3009,7984,2077,7845,3867,4873,8635,297,5856,9036,1015,1384,9589,Web Attack - XSS
2350,1269,1260,7701,8376,4563,6897,5672,5593,6155,5543,7240,4683,1881,8713,3809,5807,4883,7206,4155,4673,1409,9886,5197,7452,8718,2172,279,3977,2669,7825,9943,3981,4769,5247,4427,6135,5573,4131,9900,7189,4535,2776,9311,7697,8386,662,8671,8044,4218,9615,5060,5874,5581,2014,3789,9103,7148,7766,2364,3629,5919,5675,8872,6638,4651,609,7940,3866,371,6998,615,6911,6010,2253,4942,864,DoS Slowhttptest
7454,8976,4571,5229,2237,4054,935,6394,7891,325,9726,7774,3861,1985,4932,4603,2778,9462,8832,7754,4078,1367,4042,2575,6754,1581,1986,2240,3966,7604,8320,5968,9043,7493,4103,2076,5231,2994,3744,5594,7531,7371,1644,3144,242,4085,7954,7269,7130,6828,8362,8844,6331,3512,1499,2158,5162,4039,2035,7977,857,3823,6770,9241,298,7244,923,4232,4306,2799,6578,4875,5326,6582,1802,2657,3346,DoS Hulk
941,1907,4837,8105,1243,5696,1466,3957,1966,375,262,4362,6502,7833,1893,8106,1652,5540,3892,599,4815,1912,9484,8792,8572,4213,3637,9290,5599,6448,8557,7382,8982,3569,7707,746,8504,4633,920,9269,7008,2381,3618,8989,4443,272,1773,2547,3164,4780,946,506,6719,8435,8697,6360,7657,3590,1192,1464,390,5615,6106,8864,2560,5867,1211,9121,1539,9104,643,8693,8921,1283,7680,7345,4386,Heartbleed
919,2339,8947,5930,5402,5663,5275,507,1436,8750,7354,4516,3622,4399,5037,8111,3715,7837,1301,7370,5185,2155,6411,6365,692,1478,6396,8448,441,2646,5209,6533,4677,7211,9927,2645,8210,9316,7933,5476,7928,2080,6089,7396,9739,7797,861,8346,3494,904,1269,404,9035,9974,9756,1184,8938,1725,8462,5811,5606,3956,171,8465,2306,9350,9898,9963,421,5540,9401,4675,9082,6748,6103,1473,3243,DDoS
2181,9641,3096,6646,9782,5882,5982,5798,9627,8415,8411,9846,8456,9145,4524,6559,7620,2774,5673,3124,8671,1353,9081,3854,8134,924,2170,5506,2395,8220,8226,5515,2670,3365,588,3138,9095,6663,4086,8531,4270,6019,9906,556,8022,5452,3567,3899,6477,7500,1016,6470,2062,9030,9829,4321,3496,1813,6256,9643,2313,9706,1231,9837,5831,2999,3440,4056,305,9915,1689,9709,3917,7080,8611,2936,3862,Web Attack - SQL Injection
9642,5649,3261,9356,1819,1342,5560,2226,1079,4206,6280,7235,813,5089,2031,8514,9095,9733,5911,2653,3340,7876,1141,9041,8558,2897,9281,4041,2038,4270,4683,494,7116,1784,3510,3786,5266,9190,5428,6681,6893,9643,9943,4658,7082,6869,7607,7669,6219,4534,5979,8890,1312,2962,2938,3197,5296,7204,5730,126,5602,1191,2639,1366,9211,6453,6671,6683,4539,8876,2887,9654,4086,2261,4180,2841,9959,DoS Slowhttptest
6040,3560,4758,626,5014,1375,1181,5708,490,3729,5974,3534,3296,1940,5014,1882,4908,2987,5585,3159,4530,681,5254,1073,2387,2693,9562,4340,2156,7966,2580,7257,2159,6772,1627,8219,7080,1985,9713,8488,2181,2296,7164,2597,901,6060,9290,1677,2881,5622,8052,1378,1248,5650,6079,9456,7036,6487,1058,2048,6115,4248,2476,4603,3553,9953,220,4818,7192,4623,7349,5618,9856,7209,4576,1871,7915,Heartbleed
1462,5521,8536,8236,7813,2068,5753,7237,7016,6191,1514,2598,1001,1033,6899,8465,5051,9971,4476,478,515,1191,6297,9603,271,8334,7778,6008,7987,3332,787,6222,9873,622,3841,3676,2572,6915,5033,7788,5214,4712,66,7533,4616,1140,5730,7465,9379,4471,3339,548,7675,8264,198,9973,571,790,9830,1174,178,2244,4086,734,6232,798,7601,8979,2795,4588,7297,3084,731,1129,1605,2933,9407,DoS Slowhttptest
5074,7099,1490,893,1390,3389,4239,4479,2263,3432,2371,4312,1515,6326,7088,5586,2917,5731,7686,1167,8302,5109,4327,5810,3655,3793,9947,6738,1577,9488,2220,9164,1030,6691,3992,913,6358,2181,3197,6040,1462,7037,9499,4994,9381,5308,6221,7090,7769,687,4661,9399,1894,7389,4922,6322,3183,3797,5178,9836,3968,2716,190,1335,8181,378,3829,6380,615,2330,1754,463,9158,4267,3158,3624,4938,Web Attack - XSS
6004,8881,5603,2212,6120,5818,382,2256,1412,9775,6146,371,5806,5565,8802,8307,7437,446,1391,1340,2939,5969,9265,4813,3569,5454,3150,9797,6414,4657,6947,7943,3662,4482,4797,5068,5480,8033,983,5607,8543,9916,9471,1907,6924,9216,8737,4174,9080,7265,9297,1990,5596,3998,3775,9112,4645,2061,4487,4435,2644,1045,7951,6449,2681,3199,6768,9130,7440,8633,2550,4225,596,6054,1505,9053,6468,DoS Slowhttptest
1551,9928,6852,1449,5953,8456,8042,2659,7509,7893,7445,2721,9654,9637,2925,9824,7104,6240,512,215,7299,3153,7450,1706,1567,1128,3510,7867,2365,5583,4897,5718,6001,4567,9271,2741,3020,6256,228,8362,294,4284,8617,6801,918,498,2809,4961,9017,3779,2118,6391,145,7942,4565,192,5187,6637,8243,2410,1820,2964,2521,2568,5882,1867,7465,7602,3199,6103,240,3440,4631,9599,8274,5077,3768,DoS GoldenEye
7995,8802,6429,3605,2173,9714,6568,2601,2657,6080,7325,2159,3830,8313,4368,1317,4493,1230,1133,7607,1301,1910,8082,8107,9697,7970,1916,6996,2757,6464,178,9088,6362,9743,8683,60,9269,6681,2895,585,5823,534,3462,4011,3398,2155,5966,7329,6957,9196,5325,8518,4703,2706,1,9225,8316,1104,1861,5269,6943,8320,437,4846,3129,9413,8081,901,5398,6678,5529,6604,3918,1067,26,6937,7264,DDoS
547,8758,8895,5338,3140,7996,1590,7776,4943,8997,7798,3791,1357,8092,3225,2460,8737,2728,6726,7481,6430,3114,616,3644,6413,1203,9951,2565,3174,3081,2630,3161,4321,8861,6269,7099,7376,4078,5801,4151,8911,2600,6175,666,283,5840,3565,4593,1465,8321,4734,6257,7366,3672,7382,6587,992,6858,2121,2223,4522,3188,3237,4136,343,4704,4823,4920,3201,5471,888,9533,7127,3720,2883,4212,6961,PortScan
3001,1738,1364,2708,924,151,8777,8044,912,2321,495,2148,556,1552,2120,3085,3504,156,8926,7505,7162,5523,7543,8055,4654,6250,7246,154,7950,996,4626,2905,9369,153,7853,6481,5599,1716,786,4368,8096,4272,3767,8834,5994,7216,8857,3426,3783,5427,7011,8052,3701,9261,2349,7011,7055,1212,6965,9344,6704,7433,2511,143,7367,3228,4582,6031,4243,9549,2713,4185,9549,7328,4633,3192,300,DoS slowloris
5694,3010,5555,67,2506,1537,397,5680,9355,4825,8747,6048,3661,9943,2941,7067,5091,1601,1480,6230,9294,3276,6447,5499,6273,1299,5818,6701,4994,7489,9727,8269,2831,2721,1532,8429,5253,1996,5311,277,3089,523,4275,5365,3122,8167,5190,4575,7727,1797,2131,7322,6500,815,8634,6666,142,1410,534,9908,3364,1032,3342,9602,6085,4500,1172,9080,4517,8007,1641,471,2940,8738,4726,7670,3723,DoS Hulk
363,3309,545,3240,6665,1936,9154,882,3840,6923,9062,4611,9057,5204,7288,3203,2244,18,641,3083,5200,8521,865,773,4732,3518,6795,6984,2567,1674,739,1545,9327,5127,6947,6620,9065,4555,5645,8943,7124,9045,3732,2283,9521,8669,6998,5413,1269,7868,2603,5961,9661,8569,7557,1680,8433,9111,5682,8084,5367,69,3924,6200,2007,8992,8119,2779,4920,755,6495,5935,9513,2330,5705,8301,1016,DoS slowloris
8216,4938,2838,737,6200,8371,231,1917,8534,5918,2623,8646,6401,7072,2276,7393,8787,3874,4530,7164,4497,7933,2135,6727,1565,308,8534,8627,8368,138,193,3257,3235,942,4620,5720,6353,4957,9145,9494,3381,5839,2880,4887,545,1927,4152,4,5533,9554,5378,6233,2663,9465,3326,3659,1131,4763,6737,5092,6022,3159,6159,7318,8445,5307,8520,3044,9612,5636,2892,5288,5812,654,5481,759,6782,DoS GoldenEye
5159,8446,5262,3823,1876,6154,7787,4516,3734,9436,5972,6639,5356,6380,1008,4314,9702,2508,4758,2682,7311,989,8446,4711,6479,6964,8075,4452,8447,1007,6496,9947,7688,3908,2803,4379,98,8388,877,1868,2665,1388,2415,8761,2637,7242,9257,8613,2883,1204,544,1223,3172,8959,6450,6520,654,6821,2446,5892,8412,3666,4277,4402,2569,5515,9205,3985,8167,7448,4310,3019,3681,9635,4196,572,9524,FTP-Patator
7082,4002,5629,8417,4200,1997,8963,7422,4524,8625,3407,6731,7795,9057,2793,7334,2911,7952,2415,250,4951,8098,5289,8102,7257,5565,6437,9110,1173,8624,835,2262,9089,4567,3815,246,2429,9182,9118,5287,2607,9266,5930,4022,4784,6617,3151,5580,7054,7706,7619,4573,3491,706,6997,5233,8945,5755,6960,8779,1334,5588,1847,6851,7211,7865,3317,6811,164,7060,3057,4428,402,8605,8236,6349,4157,DoS slowloris
867,8210,364,7467,6571,579,7674,8737,6468,4150,3039,4137,452,6537,1381,8154,1467,2738,7572,9408,6747,880,3149,8276,7892,4144,1168,3129,3645,2526,3516,3367,7338,3555,5111,6752,445,6364,3626,4016,3875,5497,6238,261,4992,4025,8283,4222,4175,9174,3443,5011,693,8347,1812,5724,1407,8032,9408,1410,3497,4372,7394,551,9368,4332,997,4076,6099,5555,4052,5303,8118,6102,5490,8564,5616,DoS GoldenEye
2248,848,6354,8695,8070,8894,3625,314,2376,9232,4378,8449,574,9744,5585,5492,8949,2810,8134,9296,5670,7715,6567,3459,6117,3992,7837,203,2775,1992,2243,8498,1687,4109,1860,5176,722,8971,8720,4893,343,5398,8400,4736,3406,9503,919,5819,2044,418,1749,7378,1099,3392,2772,6784,1545,1070,6522,1850,5053,2939,7194,5851,6673,678,988,9799,1502,1789,5281,5027,1425,6654,2440,6856,7367,DDoS
2594,4689,2436,5517,9219,6310,3539,3483,7371,2241,6378,2765,9365,4911,403,3382,4163,7630,87,9350,5816,5470,6276,5739,4273,9573,6523,5003,8038,6606,2064,5315,317,1502,6130,7419,2042,4598,118,709,3557,3250,8061,8609,2603,1101,4421,7857,8177,6082,6658,2261,8021,508,2379,8879,4752,9484,5495,3209,7398,6743,5648,5171,7890,324,3557,3587,151,954,4354,7160,9383,687,8501,9694,3127,Infiltration
3395,9005,845,1164,5904,9959,5360,354,1872,2024,2817,3832,8257,2581,9582,9322,2486,9026,8418,2443,8919,1036,8684,7435,1548,9335,5065,6496,6183,3957,3407,639,172,5666,4354,3959,8708,8714,2886,2164,3945,5235,7746,2590,7754,4934,4076,5185,1093,3880,6559,2785,6065,6539,1574,5676,8060,3990,5210,4845,9285,1189,2689,4095,1875,7768,3406,9979,3932,9799,8240,5408,3861,7406,2833,5285,9589,DoS Slowhttptest
7645,9023,4777,2735,8273,8278,6368,821,7525,162,7777,1932,3535,5956,3446,2790,2707,7959,3933,3385,6636,922,8089,9774,564,3258,2500,4566,9179,6881,3636,6030,223,6297,350,7314,1928,7743,8540,4732,1017,2226,7206,7170,6207,2419,6240,1893,5322,7718,6878,1125,3117,4161,4042,4433,8638,2658,3483,2944,7210,7653,8787,1986,1074,4305,3007,969,8772,2824,1211,229,4284,3185,501,48,3566,DoS Hulk
3055,8880,386,969,9197,5820,3052,7397,2302,2283,9799,4366,122,6799,9472,3727,8450,9139,4958,524,9079,8399,148,8001,437,3749,8186,4453,5336,4551,2823,5728,8677,8391,1982,6996,9663,2311,7225,9713,604,8175,5785,9609,4597,7759,7532,8740,838,3815,847,4709,4507,6575,4773,4468,5192,3320,4698,4311,3673,1564,1840,6058,7131,726,9436,6697,9257,282,1081,3885,2881,2970,9344,6985,947,Web Attack - Brute Force
9909,66,8828,8505,564,9793,9017,3670,9217,2251,804,4631,9583,1235,6720,6906,6016,3549,7938,4141,6966,9546,5335,5077,5611,8089,2892,5577,3618,1559,6683,1507,2063,3642,2000,1294,4065,8014,9945,1603,1322,5956,2441,1098,5073,9697,9318,8488,3787,2096,2208,5988,175,7169,6014,1667,8867,1823,5147,1356,3072,3259,6199,546,5231,7965,2083,2040,4534,1752,9807,1849,2642,1600,4402,3799,618,Bot
5491,5795,7633,1487,7848,5009,9749,2113,1044,2431,7979,1582,1308,4917,8793,1620,7503,4766,5362,5192,6622,6093,6704,100,6657,5875,4271,237,7226,8032,5218,4025,6073,2542,1537,754,7396,7823,5507,4235,540,5510,8461,7926,5131,8697,1129,3145,8553,3720,9648,4067,4195,9873,9244,7281,2509,5016,6533,4727,681,3932,5560,4016,7339,719,74,9485,4157,8511,2149,9644,9747,6713,4207,7141,8652,DoS slowloris
9078,3936,9307,1075,3876,4615,7265,6379,9118,4652,6792,9247,7456,4674,541,2161,2251,9244,4569,2744,6041,4675,1560,1164,5419,2722,470,9608,1468,7925,808,8363,6719,5073,8012,1645,8249,1129,1353,767,3895,8874,3454,7329,1790,9669,885,7734,3906,4492,9730,2073,312,6269,5317,810,6841,2032,9699,7129,2705,8788,2147,615,947,5677,4651,7866,2013,3697,490,4350,2428,4987,8733,9479,9825,Web Attack - Brute Force
2926,9544,7282,4376,9490,4868,6986,6862,4423,6870,8159,2073,6170,701,8113,6825,7867,4264,7968,8146,7776,8558,8719,4886,3935,4619,5191,6875,7856,5401,3022,5738,5984,1770,9969,8989,3215,6694,2976,3737,9903,752,1392,6789,677,105,4753,1946,5544,1095,6985,1782,4541,3257,6213,4869,1561,4006,9867,9314,3981,9493,5682,5782,943,4550,9137,600,6376,9609,1524,3766,250,9736,78,3123,9089,Web Attack - Brute Force
8417,1209,5153,4898,2178,7610,8895,2544,5522,2370,3281,4710,328,5579,4228,6794,120,6749,964,4224,3675,5694,2076,6865,5643,8524,5249,1316,1196,3170,9621,355,9718,28,1013,9019,2024,8490,5839,5791,754,8961,3735,1238,1906,7399,7961,9756,9410,4601,9549,1460,7669,1416,7766,1428,4378,7529,4474,3071,555,8547,1563,1040,2686,2553,1779,75,4326,5835,5057,2349,2773,2262,3229,392,1108,Web Attack - SQL Injection
5188,8802,5057,3998,8864,6566,3677,5796,6363,8123,8222,7690,1400,4071,8808,2786,7169,870,4196,9604,2739,940,340,7422,4133,659,9752,3457,9848,2975,9241,453,9896,8184,5442,818,4868,12,7727,920,4920,2418,9506,6475,2017,7957,9420,4792,6830,2434,2868,1438,3543,1781,6343,2263,211,8699,6159,7027,331,6860,8044,8169,8742,5720,9133,727,4975,3243,648,5095,6614,7135,1009,1550,8995,BENIGN
7492,3401,7447,5424,4241,3161,4155,7478,8719,9215,6617,5660,8624,1176,7956,8592,2233,4700,5906,7860,7526,5559,6732,2513,7830,9965,6944,7910,5649,1096,9120,1951,9746,9186,7799,8804,595,7875,9033,4439,5972,858,5519,7385,8636,9980,4317,3454,1030,9487,7906,1447,2850,8106,7151,9503,6952,4055,5402,9281,1672,4532,4924,6085,7734,4864,9316,1221,2860,8428,9336,3253,3782,6957,766,2681,7710,Heartbleed
7482,5086,7964,2665,9951,3513,495,5822,2072,7795,8529,3949,6033,8328,2555,6370,4415,5959,9107,5993,5021,2907,2914,3870,9190,5085,6546,395,938,9828,2510,4636,1649,3690,3435,3201,4179,8405,3237,3862,58,4938,2971,9719,8314,9628,9354,3345,2486,561,3981,6261,1737,9096,3554,9918,9126,7095,8266,294,8212,9230,5330,4655,1109,3771,8563,6123,7647,1174,1164,9284,9475,9037,8712,4466,5538,DoS Slowhttptest
7111,8434,2800,4607,7262,1541,2765,4491,3083,5356,1857,769,1422,8598,2972,1872,5599,2269,5275,4749,6571,9373,5072,9631,5463,7450,8420,3959,1313,7847,1070,9166,9930,3285,8949,3095,320,2321,555,4939,5432,1386,4763,6854,7637,4841,3867,3793,7373,2513,3803,2327,8809,2165,3308,6452,8067,7642,6404,992,5424,9569,4381,3174,4782,9497,5560,7460,3078,2983,7259,6054,2523,9677,4581,5609,2001,Infiltration
6552,1030,9957,1220,6035,9810,9455,6523,8074,9063,834,9110,1724,6598,2413,9505,5993,4498,2105,2568,9330,209,9256,4911,2220,233,792,3110,2166,8526,9551,5193,1214,4419,7314,8475,212,1658,5024,9609,5917,5141,1794,5988,8296,5578,5551,3845,6906,378,3293,3329,4808,7937,224,737,235,711,5988,1888,7173,1259,5246,7271,748,3551,6400,6643,8701,1823,6852,7777,4232,6519,1777,1222,7630,DoS Slowhttptest
1777,9496,7490,4859,8893,8118,2989,8343,1325,9493,9903,5127,8998,2722,4656,1325,4133,9351,2869,1242,8539,1831,1569,7246,1918,6416,3232,3758,5997,2355,9589,1824,7280,4060,5324,404,1721,5316,3845,4210,64,9491,6382,9607,968,368,8424,2242,5002,3083,8073,9112,8880,1469,4725,4259,3622,823,3431,6528,4151,4213,7420,8989,779,2892,5534,3306,2902,3718,21,1500,9034,9952,3641,5212,191,Web Attack - SQL Injection
8587,7174,5114,4662,4326,9065,4335,8281,8648,9196,5494,8536,2711,7595,6273,6284,9308,8817,3994,1678,8414,743,462,1568,1736,7903,7002,8856,1356,1014,1054,1764,6009,4458,9604,667,3370,5976,1394,8290,4070,6982,8613,5599,3650,9324,9894,3620,3190,8789,391,1075,2650,2384,809,8047,5501,6895,1159,7574,1531,5481,7548,4976,5695,8445,3548,6163,6671,5264,1231,2423,8071,4261,9765,2908,4712,DoS slowloris
9817,3883,3515,3403,4598,5008,6222,4009,2735,4491,8593,974,223,4613,6777,8427,4211,225,8183,4277,1341,4036,8401,3727,3928,2803,9301,6558,393,6839,9035,9716,8795,581,132,2838,3385,3770,2268,975,7605,7213,9735,2835,2738,9549,4134,9508,6833,8353,1909,9319,9850,1963,5153,966,889,3061,6461,6166,6967,9858,8101,7379,9633,7280,1067,4223,9018,4607,3985,3179,4538,2362,2224,6371,1726,DoS GoldenEye
5791,8073,8458,7013,837,4584,686,356,9063,4647,4418,6642,3391,4357,4879,5319,2739,9510,9727,4784,9964,877,2870,292,9843,8728,2686,233,2374,2272,966,889,3863,6154,3400,8226,4542,3523,1763,3291,2488,1558,4690,6121,2276,4439,1103,7520,9611,5409,9670,7869,2956,7710,6017,9574,3384,9761,28,8897,9212,9638,7756,6948,5755,3602,5062,8071,7244,6372,7105,3581,2762,572,7705,614,4050,DoS Hulk
3740,358,3777,5906,1721,1349,3696,3896,4260,9788,9819,6941,3808,5246,8384,3845,2577,91,4234,8672,6592,8128,1075,2513,8168,6861,8990,604,2979,7140,7065,4916,6800,597,9724,7320,8705,5622,1877,1699,9221,5780,716,4086,665,7846,6611,1079,8419,8340,1069,5263,7951,1363,4508,1755,519,5463,7233,1102,597,3273,5781,6256,7258,8780,6554,9599,8002,4846,9821,9186,4798,6605,2986,400,2855,BENIGN
3412,56,8022,1875,4543,4298,3768,5752,4833,1353,4987,6597,4311,2934,22,1209,8940,804,8325,4416,8625,5141,4968,3671,7292,7001,2098,8444,5061,9321,3264,5435,8493,6691,2763,4005,3241,3057,550,5574,5411,1587,5920,5260,4409,5783,712,5406,7990,7420,6843,2433,3301,270,9986,1079,5322,8795,5257,7982,9777,6214,5006,3985,9587,8791,8705,5991,6227,9258,7833,2886,2653,9280,4864,2514,3969,DoS Slowhttptest
7740,4566,2196,789,3475,9856,1309,864,5389,3363,8215,3003,8502,1231,7959,2711,6581,7705,421,9965,946,9378,1834,1564,7332,4944,1308,2986,386,6131,9353,3258,6121,4811,6574,6697,3933,1439,6169,4480,55,3324,6777,105,3201,669,8934,966,307,2138,109,3632,6728,5684,6499,1915,556,7619,104,2047,145,873,298,3238,8837,6382,2511,6596,783,4992,370,486,7378,3196,9552,4287,2261,PortScan
9148,8572,238,6843,1105,1386,9719,1667,2691,7756,1996,1425,8023,6849,3247,2592,1490,1224,2587,7714,3064,7804,832,2440,4795,1646,440,5956,9721,2367,6696,5190,4663,7062,4331,9496,3034,9377,3262,2107,7036,4320,5938,2747,4677,7972,4264,3133,1465,4109,2211,5539,9735,1689,9763,7727,7764,4541,3541,818,4521,1124,5660,5641,1129,1702,2001,6912,3878,7232,9998,6331,6035,6523,8111,8736,2401,DoS GoldenEye
9481,8974,539,5615,2956,8077,3722,5087,6460,2170,3391,6942,1616,9108,6458,2756,6853,7709,1936,3091,968,7297,3203,6499,5173,889,8984,9173,7382,3531,801,8234,3349,8005,9969,3201,349,9759,9321,9972,583,3377,6028,7694,6196,7083,3401,3185,5285,9354,6772,8490,3347,788,4945,2889,9569,5273,3272,9069,5234,9769,6902,7612,2492,6745,9574,4240,2322,5298,1861,6620,4047,7581,7320,1098,5247,DoS GoldenEye
4663,5909,3416,6302,7593,680,8163,2070,6668,8001,9921,2191,8859,9804,7586,8872,9164,2846,2463,6837,4922,4392,3183,3167,2997,6521,3227,6564,9920,2024,329,2486,1155,4477,2185,7086,2317,3621,4491,2511,7842,8641,9546,7848,5404,5393,1293,2465,3175,7849,9425,9629,8444,8210,2759,5255,8414,2,8130,1259,8190,4323,5773,2568,1885,7060,7844,6111,9491,2338,9268,3758,4810,9139,6791,7171,2731,Heartbleed
869,5166,93,2987,9967,8627,4947,6651,6979,6794,6524,3144,3587,76,9007,8959,6553,8297,6694,2873,3346,7024,3148,9657,244,2625,3849,9597,9173,7737,8333,892,5487,7251,7310,2399,4640,2960,7325,1469,3374,8847,8234,7923,5122,9852,5387,7631,7226,5108,2224,2110,957,7146,560,9522,7413,1312,1821,5646,4945,5374,2651,9933,4701,2877,5582,5390,4083,745,8749,941,4023,2296,939,1610,6300,DDoS
1725,9176,9779,9528,8853,7187,32,5985,3414,1156,3126,8252,1543,271,5295,4076,5902,2709,9346,5221,9937,8529,6722,8201,4144,5606,6766,730,4890,1648,4228,2130,4366,1506,2158,2916,3229,9858,6265,4136,2689,7190,2810,6152,12,5938,7999,7219,5328,3621,3683,7872,5310,652,5799,8812,3790,1645,4512,4759,5874,3688,7689,1379,4243,9580,6507,7819,8593,2653,5611,6127,3923,8459,5912,5130,5439,Web Attack - Brute Force
6449,1725,9304,7522,4784,9472,1232,8808,8338,7446,4616,4725,3677,6287,8480,1409,8205,256,1721,1423,4953,2990,1195,4559,4365,1244,6766,5302,1306,2402,496,3399,909,372,6236,1344,8515,2431,4670,2784,9407,1695,1907,4814,780,1019,1403,1426,8855,5868,10,6330,9230,2825,7464,3003,9267,7195,6720,3088,1789,3036,7377,7598,4838,5872,3653,4299,9268,973,7083,5494,9491,3406,5150,9350,3129,Web Attack - Brute Force
7433,7689,3567,4348,4390,6811,1181,4644,5873,4394,3534,5844,5939,6475,1774,8283,446,108,3239,5931,4053,4537,6361,1245,2720,8469,7741,5105,2922,2513,9030,2801,6981,8221,6502,6038,6229,9449,364,1800,5958,9096,7436,4793,8160,179,3873,3960,1186,773,4460,352,6943,5202,5344,4507,4830,117,481,4287,6802,8298,4477,6533,243,7012,865,9753,5329,603,5756,4018,5192,2015,9850,3380,3770,DoS Hulk
1613,1879,5372,4108,9291,9266,8978,148,1754,7378,6681,3756,9371,9116,5392,9795,3052,5692,4218,4803,2377,5086,3182,3160,6576,8903,2586,2648,7313,1717,5308,7407,870,3574,5827,7986,8462,9735,8741,5769,5733,9904,3240,9554,4893,9476,886,5854,5318,2258,4382,1785,7727,295,2597,680,4890,4298,324,7952,986,3118,760,7758,9228,906,5499,364,7769,3413,8027,7939,9261,3081,5448,3258,2107,Web Attack - Brute Force
2933,2829,8633,5006,1559,1741,5830,7523,625,1690,8282,6310,3006,4302,1088,6007,4611,9372,7928,4490,8378,1597,3747,2670,8431,2580,7432,8330,2506,4725,4300,9941,8759,7002,9073,6131,8831,4537,2335,4321,2985,559,713,4593,3988,6203,256,8768,37,8652,9632,1832,7600,5167,432,4151,6411,1751,4997,5720,7616,256,671,489,6889,2096,1682,2460,4529,5121,1975,3216,9581,4515,5692,9776,4939,Infiltration
2963,4529,6786,6200,976,7345,45,1193,4512,4943,6282,246,3219,8983,636,3775,2421,9280,4183,712,5845,5323,6032,3644,7773,2108,3614,9434,6957,5279,4332,3900,7939,6963,4568,7838,1845,382,4112,7069,3810,1509,7573,1578,879,2162,9764,9840,7714,1359,4431,8148,3960,3811,4242,4217,80,2732,7833,2709,2422,3641,667,2496,3499,9636,9537,8080,6823,1189,6604,8650,9404,9103,1025,7785,71,Web Attack - SQL Injection
2685,9385,7372,1848,2022,6338,3741,1298,4102,904,3026,6709,4711,8021,5969,2620,2646,4865,7345,2289,7370,3872,9677,7690,1440,765,4092,9341,2666,8655,5968,7641,2181,9834,3888,840,5899,4118,565,6005,9156,9187,7226,9379,5890,4311,7736,8848,2982,9305,6083,556,3019,2580,8146,8243,9553,9386,4019,3138,9840,671,777,4927,3022,1860,3139,1074,9908,9475,6763,1986,9193,6327,1046,2176,2338,DoS Slowhttptest
2233,4608,7234,7972,6610,600,4284,9180,4483,5901,6129,1754,2464,4482,9686,9044,7400,6806,8643,7396,7338,9950,5241,7394,6437,4695,2588,1782,5947,6594,3520,9971,3218,3757,4016,2837,6000,7034,7309,4239,4428,9611,4150,9522,1446,9632,6468,5790,4175,5080,864,6860,8663,6217,5672,1502,4684,1410,3770,4659,4001,3483,4562,598,9183,3041,8160,6391,7287,66,8123,2750,8661,9916,6806,6429,8123,FTP-Patator
1631,6452,774,6107,7804,9678,4019,929,3012,5024,6264,7973,9697,4729,7961,2819,6655,1184,8480,6343,527,916,9900,3574,3319,1406,1241,5206,7249,3133,798,1523,7209,4928,2888,2690,4091,7282,9433,6249,690,8719,1495,892,8578,9441,5873,4503,897,710,3695,2686,7188,5778,7768,5013,4512,415,9663,4180,4262,2515,9287,9001,5640,6616,992,9473,4370,1773,3561,3816,6633,1756,2373,2576,9083,Web Attack - Brute Force
8899,2397,5969,4535,6883,8127,9168,734,632,4268,4099,2901,1663,5591,3872,1054,8572,3082,8007,9784,4261,2389,3553,5138,9399,544,3663,2239,3773,2627,6618,6780,8015,3130,96,3858,2708,5397,6152,456,5914,4368,4088,9223,8399,1937,1146,5152,4299,8118,8634,7759,7953,4784,9024,1461,1159,386,7192,9910,4775,3409,689,7028,7262,5664,6766,9361,952,6142,5967,7205,2484,1854,3231,2597,7829,Web Attack - SQL Injection
3983,6963,6684,656,7743,6839,9988,6312,7938,9954,6176,3285,9777,5559,3563,4584,4817,5041,6182,8026,3244,1040,2273,3629,2114,7364,1677,3094,9190,5873,2284,5052,7062,1589,9353,2520,4648,5729,694,7807,3683,6704,7368,1971,9695,8055,4218,1868,1671,9274,1728,7632,6403,6092,2142,9340,6184,6010,253,4102,3542,2775,7678,6212,4637,6034,8457,6476,3148,3359,1004,4717,3271,209,9079,5539,153,Web Attack - XSS
8606,1284,3148,768,9174,5607,3202,2787,2210,9230,7399,6338,8733,358,849,7498,4522,2544,1831,1472,9628,329,5851,7032,5266,4354,6435,7978,4238,6112,4722,1388,4185,8911,3235,4576,1100,8864,8708,2532,7770,3670,781,3523,6131,4782,9781,4995,1501,3080,9268,9292,502,9531,3885,8009,623,1050,7385,6081,5484,3772,3916,4018,1329,4114,3367,8095,5141,3951,5084,1573,2634,2768,5302,6250,1211,Heartbleed
5955,1160,5977,7041,2383,5876,3540,4635,1095,5901,8215,1079,8370,2847,1960,1473,4888,4979,1212,5697,9001,419,3659,5283,9470,9632,1340,5137,5189,1361,591,526,7855,1292,1654,187,2758,8720,8625,6431,6037,9996,8494,4182,6973,437,832,8988,8751,8953,5794,3574,3785,5220,7750,6818,684,4233,577,8007,227,2328,2731,9019,430,9255,1709,5782,1234,8493,5205,1420,768,6034,9596,8635,3104,DoS slowloris
3305,1538,1331,8168,6939,8261,5558,5944,7126,480,5263,4094,6167,2793,2892,1198,8011,2372,1892,5790,1883,5467,797,8209,8235,154,4962,4080,8050,5947,9617,4320,1892,9089,3424,9450,2015,6673,6032,4833,9894,9065,565,7412,2018,2314,4412,3883,8216,6739,9329,7902,1189,7156,7342,6884,3157,5520,1741,3688,7485,5369,5644,9089,4023,716,3967,7423,6450,3215,7825,390,9891,3037,232,3131,7634,Web Attack - SQL Injection
233,1391,9447,889,7902,745,9911,427,731,799,6507,7025,9027,7624,8326,5383,6207,2538,3718,8232,3367,5008,5229,7388,2415,7171,2949,4261,5145,3466,3088,1115,4578,2590,7372,3573,2978,9422,7313,7022,4975,4925,8047,8090,8051,5292,6645,5403,3430,1995,6030,3891,7145,8498,9554,2102,3030,8524,8107,242,1884,8015,9624,6747,8494,4330,7863,3109,2186,1550,9984,646,6144,4656,8904,537,6572,Web Attack - SQL Injection
9696,6539,1374,1909,9107,7218,80,2083,1690,756,2670,3751,8659,5261,6852,1494,5740,9211,8055,901,672,8630,444,9157,8655,2198,2287,4008,9104,496,1463,6828,4253,493,5065,5430,1426,9884,1793,2723,658,4761,7630,8741,8834,4350,207,4190,1883,2886,477,8953,8381,6854,755,9638,4931,9855,5724,4150,4060,4765,3612,6553,7378,1689,1316,7130,3186,5789,1145,4394,7942,7548,560,1912,1864,DoS Slowhttptest
296,2409,7630,1461,4292,2268,994,6554,7,2515,1417,2316,7358,3932,6204,1287,1118,8744,7637,660,8907,6922,8104,6337,2529,3970,3407,9650,9046,7416,4760,1897,6364,8464,4087,9464,4374,7607,4019,815,7255,922,4867,1264,3724,2722,5355,2550,5319,6686,1673,4587,5353,6857,1666,4511,6172,1384,4403,3954,6305,8252,7238,6981,6026,6609,8664,958,8724,493,7042,81,6999,2970,11,7824,761,FTP-Patator
25,1806,6651,5664,5154,5824,3659,1525,760,594,7192,1055,3083,3675,9650,5957,5255,9411,4228,4181,9691,1830,3395,1203,2810,3092,3044,6071,7272,4673,3514,9990,6192,144,7507,4857,1377,3146,5024,793,9793,5756,4414,1110,5672,4053,3937,3963,4942,5897,8974,1116,1750,4027,5745,5064,9679,5938,3397,8265,1359,9283,4853,1941,3148,7933,9436,1285,6474,770,1843,73,1660,4349,7102,8000,9011,Web Attack - SQL Injection
331,1421,7512,6890,4931,9883,6025,4408,5113,8419,2881,2865,2575,6185,8656,5741,277,65,4262,5704,8594,7989,6255,7441,4692,4419,7960,6078,1437,8620,7032,5731,3378,8584,6347,6401,6629,4541,7876,8533,8324,264,9877,1434,5327,5097,1660,5692,2354,8457,6461,9328,7044,5497,4549,6334,6010,4926,9582,9304,6065,2179,4967,634,3631,9591,4677,2218,1389,4276,1249,7640,5712,1245,8245,442,6976,DoS slowloris
7953,4377,7058,822,2939,7096,5765,1031,562,340,4567,7862,2296,234,5202,9308,9609,1291,4727,8720,2939,5435,6981,5392,9521,7972,1233,9945,2800,2775,6044,3487,7383,3850,4997,890,5920,1188,5644,740,1369,9581,2000,1471,1536,318,5153,1894,7991,9467,8592,5935,723,2329,9327,2770,7545,4846,267,569,1973,8737,2822,4460,270,7641,8930,6680,1257,8250,5370,4858,8581,8910,6999,120,6908,Bot
2303,4861,2911,8991,7236,5565,6531,1109,6929,1250,8177,1649,7351,5911,9537,2956,5828,4994,6436,8676,7614,8994,1715,8150,3483,7675,1757,1809,5539,6048,9862,1151,5492,6711,6302,4747,8402,4681,2507,2963,3428,7494,3955,3705,4038,9244,713,7260,7011,8879,8521,1746,1207,784,2696,7073,5036,7127,3718,5775,7910,2693,625,3708,6859,8953,7692,6398,7252,1555,8867,4187,7767,36,1787,6283,8060,Heartbleed
8065,3880,5932,8328,6333,5759,6485,5067,661,7973,6386,7887,414,6850,8534,2729,3897,2169,1878,6454,4570,1515,574,2867,3544,4477,71,2980,9309,5492,9551,4759,9707,8084,39,9574,5373,7565,1900,2217,4796,4606,1283,8775,8650,815,2511,246,4825,6516,416,6702,3717,107,9030,4513,1421,7283,255,7248,9029,2962,2282,8744,8372,1477,8762,4952,5880,9919,5592,7091,591,6277,2260,347,8357,Web Attack - Brute Force
4443,8774,6869,5696,3038,2845,7864,6609,1265,2274,2470,2577,3660,1068,5591,5974,4829,1950,8283,3093,5311,1387,4274,2285,3206,2924,7045,8471,1618,8562,5896,7843,9895,7063,8495,1348,5556,5289,2422,3628,2428,3033,6157,8860,8691,7813,1414,6708,8721,6635,3621,5315,754,2347,726,4923,2649,2815,9066,3279,2984,3807,7876,6099,607,6169,7790,5573,634,1074,1914,588,3231,6351,3838,1973,5044,Heartbleed
6103,6683,5837,9443,6783,5594,3822,3389,5914,1780,3688,9916,7211,5037,6319,9869,8640,81,6278,6999,1406,7410,1480,9271,3598,7993,4183,3680,7644,4310,1758,2599,5616,5813,3853,2292,1501,8422,7550,4250,9390,6991,114,9605,4406,9184,2347,1041,6927,11,7980,7871,6375,7098,3676,6109,5397,3065,2036,3046,540,76,3067,23,5134,675,6668,4267,5988,7652,8680,1485,3659,2419,7740,7143,3495,DoS Slowhttptest
8448,1779,6487,9664,258,4075,8498,8014,1118,7631,3017,4341,1658,8378,1797,9116,784,5691,3196,9552,8532,562,4746,2999,1193,68,5679,2428,6200,5396,6993,3598,9035,573,4214,7636,1478,9705,6127,9160,6676,2196,9703,8166,8846,6050,4650,8484,4526,4412,5443,9780,8787,2593,9107,6852,6629,3869,7971,9167,9267,7822,2989,7062,5340,9643,3823,3932,8554,2429,7444,7147,7631,3598,4329,6718,9923,Web Attack - SQL Injection
92,8500,51,318,5688,7018,7210,3956,6057,6875,4431,1525,7043,1278,8705,6125,7874,9925,6900,2500,3464,2259,7496,2659,255,1502,4656,5430,8598,3176,1860,6158,5806,4354,722,7579,9474,613,3331,5790,3116,9004,9978,330,2212,9408,5493,7232,5614,5913,5913,5611,9432,319,8085,4200,4791,329,8851,6742,4916,1793,6457,8125,5703,6170,6644,7420,4155,8411,2611,5691,2593,95,9180,9304,6041,DoS GoldenEye
5063,8437,3349,7644,6560,5247,5356,4077,4898,1417,8846,110,8281,8954,7391,5132,2504,9656,8289,5239,292,1734,5120,6393,2196,3466,1906,1721,1816,8444,4227,5775,3849,5228,6849,1058,2322,8378,948,8179,4359,5660,7254,8401,2093,1563,8217,174,1334,321,5698,5604,6742,7436,8524,5674,5002,910,949,5425,2514,7701,100,4646,6945,2400,5801,2343,352,2955,1018,1179,5193,3536,2502,3819,6855,DoS slowloris
976,9563,2280,5897,107,9164,1626,8895,6229,6877,874,5543,3809,2107,9465,559,8308,4969,3046,43,508,6107,3439,3928,5411,916,798,4971,1760,3275,818,5040,3065,3259,906,602,4295,9983,3527,4543,1811,9032,7963,5249,4615,9228,8916,6766,9179,802,2582,6445,3837,8718,1665,9330,8651,6975,2552,7475,2808,5633,6096,8823,2456,9173,5423,4317,1556,2205,3955,9113,6805,404,1620,2952,8080,DDoS
7380,6630,9786,565,4799,7670,2868,9049,9476,8776,4327,6413,7614,1245,8243,537,540,814,1415,1652,4062,2356,3810,9055,185,1551,7013,761,9471,6163,7635,3281,1536,6201,3164,2770,7399,3845,3435,4710,561,4717,7623,7187,2180,1960,3879,5153,7035,3270,4687,582,9805,9293,288,5664,7979,3859,3060,1183,4335,1446,6679,9941,6213,1903,7894,9269,2377,847,7370,6341,1239,5600,9524,4791,2365,FTP-Patator
5055,5622,372,7783,1949,244,7795,5772,124,1919,9827,9617,9732,530,7849,6929,4349,4756,1801,5156,7856,5461,9228,5302,7432,6189,1142,7076,7614,9947,4840,1629,5062,762,6905,4889,4839,3957,557,4621,839,8194,9243,9596,8348,6998,510,1137,5606,4666,8906,5434,6446,2654,990,7820,2160,5740,4457,2063,1977,8567,8933,2667,9432,4919,8609,7642,8798,8759,543,883,4798,8040,9415,5718,2068,DoS GoldenEye
8120,7820,1786,5715,9649,8269,1308,8839,8744,8473,9473,4861,2776,1596,479,3312,6156,7919,6744,3898,2072,9487,5624,938,8176,761,7254,1669,7128,3862,2685,6634,1931,7308,3939,1126,6021,6437,7039,5373,1203,4135,8711,7904,2283,4558,5347,7867,5944,8674,2477,3093,8534,7207,9654,9394,9813,6227,3535,7004,2913,9381,2340,9795,5289,597,8836,7145,2902,6645,8955,7694,4830,7546,7368,9834,2160,DoS Slowhttptest
5878,7663,3749,2922,6486,8112,8771,3804,4878,2368,8093,3932,5608,6635,6395,6101,9292,9862,5531,4970,6344,8408,375,7887,1609,2939,4062,1613,6578,7851,3679,7540,9488,7074,3996,4786,5695,9347,6998,2366,6764,8976,9273,1614,4555,2416,7288,6862,3653,6639,496,504,7699,5733,8055,3216,5688,9600,4364,6042,1477,4960,2397,8301,8841,6194,7570,7730,1499,7235,595,978,730,56,2243,5879,1701,PortScan
1286,8303,9393,947,4121,6553,757,5651,7273,3535,2293,1104,8853,908,6539,4617,7069,2311,789,171,7989,1885,8667,1049,4129,1161,815,3766,8945,4661,8653,3239,8272,2804,8031,869,5526,7741,4694,8998,1934,5172,703,2523,2639,6159,3909,1164,619,7982,3066,4872,8638,2337,8400,5594,2460,6820,5546,3442,2711,1291,5374,9592,2655,6513,7394,704,825,9196,376,972,4213,443,7519,754,4735,Infiltration
5396,3465,2711,2407,8814,5588,6104,5747,1723,7224,1919,918,4215,581,3881,9878,3909,1999,400,3648,5445,2628,1656,620,246,5212,3339,6758,7086,3010,4719,2368,1839,2903,6205,4395,5767,3691,7470,3841,4348,6621,1392,6060,4255,4300,3338,5487,3514,759,9915,8621,6793,2459,5273,1718,9457,5423,1308,1050,5479,2249,2809,2921,4676,4041,2417,532,9090,8167,1469,9444,7292,8961,9025,7142,6000,Web Attack - XSS
4649,6931,3424,1091,9388,9852,7849,4654,260,5936,9377,4370,4301,7207,5819,9058,92,5161,7632,9543,6208,8556,4916,3718,6125,1924,3095,6683,5181,2538,9488,2276,8194,9945,910,306,6575,4231,6028,6658,6336,9630,872,1141,665,8400,951,9249,4722,4008,6655,6190,771,4030,7859,521,3355,1400,3723,6579,3247,1858,4781,4064,2398,142,5062,3469,3695,717,642,2548,8561,3650,7549,8978,949,DoS Slowhttptest
521,6632,6048,354,1482,9839,6994,2215,4716,8619,5821,2537,6339,8736,4919,7075,3765,8850,7082,2827,2058,7749,730,1832,8600,6505,7170,4179,6299,7830,4802,6057,6615,6762,5543,8325,4883,7050,4959,666,276,881,2060,2082,6702,9429,158,5229,7956,7514,7803,2526,8302,7803,6574,8733,1138,7257,3283,7762,7896,2419,1756,2306,7630,6263,9167,5008,5247,8914,2570,5807,7812,324,7487,9721,5645,FTP-Patator
1945,4486,2430,3510,845,567,2179,2019,3319,2320,1646,3909,8015,3420,356,7485,3081,2280,4131,5123,7422,2787,4209,6540,9389,9470,465,1487,4942,4597,4536,325,9957,4162,303,5067,5024,7715,9632,8340,2631,6391,8287,2369,528,4675,1663,3364,2341,6656,4905,8884,9143,5950,1360,5127,5562,8730,9011,5777,3925,8463,8001,1028,6018,1242,9333,8784,7119,9797,4210,6406,3377,4071,1440,3626,184,DoS Slowhttptest
4996,8412,8031,5563,3188,9285,2945,6765,2474,6787,8792,9352,4599,6274,4313,2218,1152,56,9396,143,7218,8559,9674,6361,615,8062,5977,9780,6984,8890,4971,5781,944,9114,7078,1746,5783,9751,6907,9275,8625,2926,1089,2957,2612,6047,6249,3759,7718,4263,1902,2567,8075,2994,5229,2010,7377,830,48,4210,1178,5768,7878,70,7686,7879,5455,8258,5612,5769,1777,7380,2228,9981,8804,9814,8888,Web Attack - SQL Injection
6391,9429,2406,8440,637,8090,949,3587,1111,8367,722,3842,3674,4866,702,2128,9118,4233,2517,1149,1878,9445,9675,309,3952,7728,3049,5766,9756,9692,6412,4865,15,605,9573,4908,8006,9086,9759,6412,8605,4120,8507,4666,4820,7835,1849,1953,8580,2769,3046,7594,6840,5066,2415,2389,5924,8495,763,7541,815,6255,877,7173,7073,4798,6989,5039,9771,6324,9395,2823,5287,3285,7433,6174,4826,BENIGN
497,7641,4643,5056,131,5443,857,8712,8221,6147,4604,9452,1558,15,3605,1607,5935,2016,3574,7274,9935,3791,6406,1088,1361,4473,5294,7106,7319,8667,9481,8520,1186,3414,5486,3536,1773,5415,2558,5907,5079,9454,6724,5420,3291,9210,9981,3524,3504,8998,5989,2666,8596,7140,8785,6895,4107,3280,2212,8078,9734,7601,613,868,811,4862,4177,1744,2256,7612,8713,7196,5423,5089,6608,9717,1469,DoS slowloris
1513,4876,1451,4654,3007,3124,1753,1612,3275,8747,2049,824,3030,1081,5299,492,4764,7202,8266,3360,8562,4682,328,9982,8968,4674,4316,9379,9695,5803,3325,8379,1214,7556,9301,8722,9262,3136,9154,6618,5265,7089,7965,9597,8708,6569,1491,5213,4228,7508,4409,590,7379,9735,3056,2206,2708,5981,5722,747,8992,6553,1497,1379,8871,7360,3770,3342,9088,1546,3126,5889,6208,8875,1295,1385,942,BENIGN
1033,2786,2233,1620,3535,3205,2882,170,8140,9745,3897,9787,9815,4122,5109,9283,2837,8599,5228,4169,6721,679,7429,5487,236,6804,2423,1032,6339,2940,5409,3132,7080,4942,6961,7730,633,6822,4103,9584,6487,3446,5738,3098,8097,5476,8253,5181,1817,8824,4887,2598,9492,2653,1454,1138,5807,3192,6116,3759,3029,9552,5095,63,1345,974,4161,5962,9814,8649,6596,3330,1740,6055,6321,1954,279,Heartbleed
9232,6439,961,6827,1217,8566,6007,4130,1392,2076,8966,4316,6196,4589,8142,6260,8471,7897,4841,7161,9666,1059,1922,6101,4592,6349,2473,8108,8096,6748,4549,594,5452,506,4889,7637,8212,1399,3201,7854,6763,7962,5190,5681,3678,336,1667,909,8467,9083,8204,5122,8153,973,4270,1408,2288,8738,1218,1420,9646,3377,7501,4098,2738,7619,1842,8938,2816,9063,494,6560,5510,3444,9267,7543,7562,Web Attack - SQL Injection
7253,45,2057,663,4668,2029,5717,2696,8831,2663,2745,5004,6321,5125,4948,4402,3427,5912,394,3597,329,772,8135,1645,9924,1787,9815,999,1848,1561,773,7311,5179,1803,9290,2050,9790,747,8125,5860,3973,9745,1615,3754,5506,4221,5291,5854,216,1359,3774,5417,4927,4429,4606,4478,1896,7366,4427,5361,9091,641,5346,4729,3627,6594,8387,3275,4050,4553,4925,2304,3343,2056,2808,7092,9416,Web Attack - SQL Injection
886,8584,9867,7720,2446,3905,6474,3591,2181,5011,5030,354,2631,1521,2672,2337,6968,628,7162,2679,5266,4422,9630,7463,9613,1126,1780,9723,9424,6571,8584,825,7276,2395,4145,7059,5492,7111,9984,6792,9555,3551,7711,3628,1565,3667,6459,4096,1019,7928,9476,8254,5965,2269,8835,4721,8408,195,3273,5110,7401,3212,2755,1521,5674,1080,5623,721,1562,639,4260,5190,3736,7746,89,1251,9294,Bot
4052,2941,8437,271,2030,7836,9657,9387,7041,5175,9806,1126,4379,8708,9493,8052,611,749,1856,8591,1526,6229,8511,8527,2098,7865,173,9833,500,3646,6219,2363,7540,1896,5759,9910,1778,3057,5190,6997,4747,9286,45,7758,9637,7053,3201,455,9854,2924,7798,965,4964,1528,2976,3071,4869,6387,2521,6525,1126,6632,5773,7716,3404,4492,2343,106,3154,4053,4801,6139,5580,214,5400,6875,4289,PortScan
8656,6247,6177,7269,2372,6834,8783,6617,5150,9075,8102,4158,7727,5206,303,333,4506,2331,4561,79,3763,5196,732,3976,5659,1384,2124,6652,5283,7176,9390,6605,5707,2292,8376,997,4664,2357,5491,1679,5715,4886,7440,6821,3527,6813,2745,4090,6158,8561,7471,3743,9895,7008,3324,8632,3257,226,2401,4718,1024,5672,7727,5280,870,3199,1745,5270,8635,5886,5590,7897,8664,8271,5158,8431,589,BENIGN
1884,5399,8503,1076,7235,6837,33,1841,4481,8440,1134,7261,5298,7017,7771,8567,8915,1913,4297,1942,4004,1331,7890,4588,337,7066,7813,8983,3611,3700,9708,6118,7105,2673,2122,7082,8250,2062,1254,3688,3748,6342,4130,4257,3029,2846,8662,4035,2899,9638,4443,4789,912,4242,7541,1711,8866,1439,5613,3630,5375,7103,8877,9318,4216,2466,7824,4124,965,6928,6096,6157,9111,8120,1508,9404,871,DoS GoldenEye
863,3055,5133,2682,5278,5448,613,1872,7723,7189,5386,6942,8759,244,20,8585,5767,3515,1910,8481,5882,8552,8076,1622,4314,2453,2015,2800,9023,9985,9983,8772,6752,7453,2853,2236,4176,2155,9536,5698,6829,8537,1886,6471,8746,3770,8391,2940,3490,7899,306,3075,1656,7244,6611,6322,2692,1764,275,5271,7331,9593,9967,5025,4050,8080,3460,3835,4278,1844,71,7386,6862,7340,9868,9487,7635,Bot
1043,3042,814,5622,7332,309,6661,4227,1877,2486,6886,4835,794,6786,4014,7392,5353,3407,974,9239,4237,7248,4369,8050,464,5327,5415,8115,287,3195,9067,1992,7450,2925,1120,5310,446,6627,2896,721,2163,9543,3980,4502,1725,8885,3413,494,947,22,1128,557,9808,3730,5341,6998,7182,7034,1656,4173,5441,8998,3312,8645,2324,9639,5595,5984,2511,362,3454,2798,4620,3255,1217,1485,5349,Web Attack - Brute Force
7195,7750,6079,9399,9640,8035,1507,1003,6403,925,8275,6583,3927,9734,985,4231,5302,5291,908,5051,2586,9335,1331,6851,9745,1806,805,4147,71,27,8660,3983,8955,7055,6690,9616,3832,9867,559,7957,3831,7344,5171,78,4929,3647,1031,7381,2072,6911,6088,1484,5838,1550,5497,4682,1829,3751,6081,6601,4459,3856,6182,6083,7970,2094,6238,3032,1548,8559,64,3299,4849,5639,2035,5674,2228,DoS Slowhttptest
596,3606,3889,3506,1395,9778,7529,8303,452,7336,2631,2186,5967,6374,5358,4348,1459,1942,5422,5196,61,1494,1180,6268,2788,4636,4721,5710,7702,105,9346,4087,9900,3925,1908,2049,9466,9137,8172,3904,3796,292,6266,6370,4860,3729,7962,5510,8619,6761,6110,6955,106,4754,5278,6408,7635,1225,4250,895,1620,5088,5419,1385,2433,1301,6858,8950,8938,8784,5644,5088,9260,5440,7493,6291,3307,DDoS
4708,104,9689,3833,395,3517,3291,2010,4537,9860,4968,4762,1051,2841,6618,4723,7472,7913,5524,3584,8539,1263,4665,8014,1351,6980,7190,3827,8861,2646,266,9630,7434,1022,7947,2037,8756,7778,1059,1424,4123,219,405,9829,2318,9951,9866,8983,5058,1309,7621,4929,9522,8702,8683,1617,1520,7892,1583,6704,7988,6583,1575,6935,9953,6176,9238,2613,3892,8653,6733,4431,8112,1381,9337,3515,4454,Web Attack - XSS
6489,8384,3534,755,9876,2525,827,9081,4748,2333,4946,8302,8046,8984,7181,3414,9501,6457,6749,296,9821,568,5283,7664,7511,5465,8263,4382,65,879,8259,9408,7222,5069,3239,507,7704,1125,885,2841,7975,6565,6083,4870,2525,9117,4215,1938,3232,3744,6221,3465,440,461,8803,5413,5755,5012,3163,6752,5,4776,7038,6414,5739,3970,2606,98,525,6337,1180,8067,9881,9330,4491,5922,3071,Web Attack - XSS
7381,2792,4778,14,2415,2685,9428,8159,7926,4100,6374,6004,5521,9799,7155,3297,2633,3890,791,9191,151,3063,6367,7904,2091,4599,7408,2977,842,3793,1659,8789,5162,6446,4270,3603,6764,1216,2291,3811,4993,5142,6862,9123,6533,7526,2978,5347,7933,4595,6211,9955,2170,8527,9368,3021,8970,7836,1185,3285,3447,3991,9130,4899,1935,8825,9445,9274,1285,8545,7479,5255,1885,5062,7066,3022,5265,Infiltration
4204,7590,1368,1757,9709,4917,3484,3052,8382,932,4237,7240,3238,565,5378,5558,9326,743,8864,8722,5409,8753,5629,6318,301,3767,4280,7506,8701,6962,5429,7248,3445,2203,2834,8986,2479,9715,4856,434,1706,8260,5725,1904,7018,3959,6825,6347,6156,2713,6194,6512,6867,3727,3546,2303,3681,7852,3221,4374,1082,8637,1592,5608,5526,5179,6472,2775,1590,6004,7230,2231,5118,6454,7960,1561,3646,Bot
7240,4942,3238,1600,5700,6071,709,2971,793,3099,6030,5765,26,6693,5322,8276,5951,3101,6609,9314,5309,11,7770,9940,5413,5774,179,796,7279,7188,7312,2024,7666,3217,6584,9078,5285,7370,1519,6611,6856,2432,6457,4866,5054,9108,2070,1781,8530,1516,5491,9106,5949,3290,4570,9638,1379,9675,7670,800,9438,5267,3495,3257,6558,981,2088,2952,9203,2126,4812,8063,3861,5903,2591,9665,9357,Web Attack - SQL Injection
6437,8801,2861,1655,1755,8237,9451,6227,4638,9643,2567,3123,5164,7081,4907,9680,9765,4962,7150,1766,3549,2309,9634,1976,7180,2490,8917,4381,5987,7425,3619,6060,8689,3976,704,5452,6094,3681,4138,1916,9566,7501,1845,4654,6413,8111,7990,9628,3090,1370,1928,1636,6180,8283,1843,8376,9763,831,5538,5315,8455,5327,1286,1529,6655,1877,9941,5431,9389,2478,100,3087,5828,7425,2291,5467,8296,DoS Hulk
5786,5406,3491,3392,2268,5632,3783,9081,5973,5969,8981,4648,4939,8850,8024,7857,1018,1953,9382,3657,4846,2296,774,2811,9572,3182,7867,4329,6167,3097,1404,5101,1369,5497,6665,2064,2765,2817,7791,716,4040,1711,9417,5367,6261,8,8789,4118,6086,6383,9800,3667,2246,3626,2822,8283,850,1107,299,8102,9669,5400,1082,8167,9557,2800,3951,8967,6768,1452,1681,2303,7157,1851,1897,5825,9519,DoS GoldenEye
244,8948,9015,3807,2779,1846,7021,9432,473,4131,1792,1734,7215,7229,5188,5281,5858,944,1511,4081,6118,858,3560,8421,8369,2615,1613,2840,1774,3871,8273,845,9408,3260,3145,7802,2263,8636,8155,922,6695,4288,5758,8131,2630,7816,9359,7556,5930,7000,3512,6066,9087,3722,5648,2060,3034,2387,7008,8031,1799,4407,2780,1127,8530,7365,7611,7535,9364,2808,4297,4559,448,5008,4893,793,436,Bot
5869,1620,4308,948,3944,9319,191,1403,1990,1104,548,5761,8762,7903,1784,804,8990,8802,7517,6831,6917,9998,4238,3260,4367,5651,3371,2093,4001,6556,7810,4554,9624,2517,8697,5805,1096,9236,7061,2204,3902,1352,1596,8767,6980,679,3712,9321,8509,5301,5734,7981,5892,3696,7129,2996,7237,7327,7407,2542,678,5366,5643,7410,9835,5541,834,9860,6026,8472,7970,6818,5028,4703,9438,1772,2164,Heartbleed
8383,2835,2665,6113,2563,8498,8131,8723,2696,4687,7321,7013,7704,5571,7336,58,9765,1140,2562,2852,6641,941,6541,9966,7430,1421,5765,435,839,4001,5248,4959,1650,5828,9437,2261,9107,5894,6278,3889,6897,1326,5901,3358,1585,5645,388,2791,3332,703,5834,2820,8053,4959,1059,9490,1301,8865,7696,4299,6071,4112,7881,9208,8401,498,8620,7245,2105,9745,5327,5630,3206,7137,2569,2628,6764,Infiltration
1506,3013,9859,6642,4066,947,4389,8143,1171,6114,171,5682,9335,5856,6209,3577,8380,4076,157,7777,2717,8437,2795,7200,7528,2377,9041,1810,5190,5432,7895,2126,6953,3030,6323,5747,5605,5891,3076,2344,619,2407,6260,3004,3914,3596,9869,4039,1304,5630,7282,3307,1361,6665,4294,1787,1073,9357,5902,3599,3055,6476,659,6320,6513,4642,9321,6373,4466,9660,5587,2471,9343,6175,8284,1281,3177,DoS slowloris
4511,3881,2413,1544,4784,5761,7874,6961,5626,4514,1145,9102,5450,1566,3005,4507,4248,8283,3992,8522,8027,5760,9146,8045,2977,5347,4289,529,2892,9458,7443,9665,4734,9789,2525,3761,6141,2742,4635,4425,8661,3830,6992,533,4562,7120,6563,7289,4087,8953,9082,2355,1955,2971,5539,7493,1672,2836,4927,4939,3644,2297,4061,3166,9511,183,9475,2846,9624,9988,4722,782,1507,5855,7538,676,7250,DoS GoldenEye
7813,4090,5723,9552,2686,8382,9034,8526,7689,1110,578,61,386,9361,2200,1683,6321,8056,8678,7414,6643,8732,5631,7945,7726,5169,9430,9182,6787,4467,5232,8130,6196,3907,4288,6734,1080,6240,197,7814,7851,9790,1600,7462,6866,3692,8875,3083,3989,332,9963,6106,7333,6655,5308,4200,2721,8998,1064,9080,6820,8512,3957,2382,3231,7008,1500,1568,5892,3281,9711,4089,1865,9597,5600,6055,4,FTP-Patator
7959,1168,2398,2630,6608,347,5861,3342,6500,2574,3825,4593,5272,8244,148,8694,869,3521,3871,1300,7595,4833,6670,2451,4385,8530,2824,6854,9885,5964,986,8171,3490,8076,3767,2006,7925,3107,4468,3330,8722,923,6247,8432,1896,7883,3324,813,4750,7618,782,4055,7789,8199,3139,5007,4051,7575,8709,3190,5637,578,8138,4482,1865,5489,1376,9097,5408,8163,5058,9156,6283,1976,6443,4759,7595,Web Attack - Brute Force
1887,991,5228,8046,6450,3604,1083,8626,20,9664,1099,6841,2637,8581,7744,3413,7457,1354,6402,4521,5125,5,8382,8339,4353,3550,8031,4105,9302,5083,8816,2175,9270,8737,5224,1195,2069,3358,2438,8808,4244,3343,1811,171,4142,625,5906,7983,4063,8644,9610,8142,753,6851,5104,7343,6926,6827,9417,8359,3685,8277,9869,1982,4944,7892,9678,8191,8633,8462,343,9398,3081,6637,9449,2291,1532,DDoS
4362,1653,4988,6344,8430,9106,1438,3016,9652,8166,6389,5977,3079,6295,2258,8558,2991,3741,85,2493,6447,8323,7588,903,5083,9413,6190,9955,2804,1226,1284,689,5143,4782,4881,4507,1996,4381,7680,9301,429,5700,3781,8794,8631,9176,5468,4507,527,2996,3467,1361,6817,703,662,8556,9114,6256,8367,5297,9127,8573,5378,305,5497,4697,2390,7222,7933,1465,7852,402,6940,2670,8095,9993,8368,BENIGN
8934,5660,6074,2348,6850,4402,750,9060,4062,7434,8405,1617,2530,3333,7234,9789,5768,7707,511,5082,6860,252,4133,8820,3476,9178,1725,2093,1701,8496,5834,4340,2807,6301,7572,1024,2975,8698,4856,6724,9245,2567,4587,4922,5046,2894,7203,7478,5274,9292,9828,9647,3613,38,3084,6265,6598,2415,758,4342,7066,3116,764,9506,4029,6445,7443,1317,700,7527,4383,1593,4145,9422,6707,6997,7026,DoS Hulk
2612,7399,1908,6954,1790,8168,2928,9280,7681,5251,4127,4963,5311,9357,8792,2025,9776,7815,987,5310,1965,7316,9631,868,2063,1129,4378,5154,6256,6451,1934,1076,5200,1639,9584,6385,8222,7996,703,9060,5480,8424,7777,5362,950,8250,2818,3600,8493,7845,2944,6255,7580,8508,5264,7518,8122,1178,3855,8523,6037,527,2059,9290,211,1714,2688,3266,5149,9224,1332,6820,5891,4686,4091,443,9690,DDoS
6246,622,9671,3037,233,9809,2691,7402,386,1634,8110,4133,9376,5581,1967,5568,7284,8432,5145,5767,8753,1999,4901,2779,9867,6192,1677,9843,4177,7211,7873,3841,7098,6416,4885,594,2612,6359,1496,3555,4861,4766,3358,9793,914,1844,1995,7625,94,8684,3069,149,1046,2803,5334,8590,4476,7276,551,8486,1143,455,9745,8360,1946,6115,7310,6180,5817,5380,6374,8445,8070,1320,7123,6153,6589,Web Attack - XSS
3607,400,6042,362,3851,3412,84,1824,8499,8822,4775,7868,7619,7418,2371,7068,3300,5821,7803,7464,726,7121,9840,4312,8000,9461,4543,8014,318,3475,5153,4134,1602,2256,9021,9047,7319,7532,7366,2648,6903,1858,1102,2481,1820,3158,3684,7411,9447,3651,7707,8461,8107,6881,6220,4830,4979,7334,3775,9304,648,9371,16,8308,6476,5942,1545,2693,7599,4089,6259,5058,9468,3240,4942,3788,6953,DoS slowloris
7020,7120,5702,8347,2661,7180,6651,8656,4878,4315,6158,9965,8308,6474,1374,7393,4403,3546,3977,9388,3411,8988,3892,7324,8342,3249,111,682,1161,7400,2379,5426,8352,1425,3661,8469,9748,7040,4592,7530,3107,302,4533,2773,7199,4281,4768,1000,1718,7169,7361,3830,7154,5020,2882,998,284,8612,2160,3065,1494,4623,2543,4800,8913,1401,445,4522,3767,2551,5646,3888,4816,2731,7699,2629,7687,Bot
1057,6834,8949,1795,9835,4849,8215,9431,4150,9496,6947,6470,7179,3712,5458,5315,5381,9497,3174,6387,8973,6767,566,4622,4132,8830,6995,4167,2670,9364,9912,8296,1682,9054,8490,770,9654,3854,3118,2132,9901,7225,990,710,4304,5367,38,1275,7069,4857,1436,9661,2099,8565,7693,4251,4025,9305,6212,3234,9457,7662,7550,3123,653,4158,8700,9879,5543,9580,2197,3911,5235,4799,8707,5360,8221,DDoS
325,3766,4111,8302,7015,6856,106,2426,4378,4364,2531,6810,5316,5362,4693,8990,5268,2011,425,3044,6229,1239,6566,3391,4213,3997,3006,7025,3039,6558,8790,1184,2584,8102,7116,4383,3936,1699,4507,135,2025,3535,4854,5367,2890,2757,3773,8572,6652,1528,4571,5049,848,4127,7351,5866,5869,2121,4681,472,1787,113,9528,6473,8530,2285,1196,78,4559,6017,2652,4318,5385,9448,7054,827,4923,Web Attack - SQL Injection
3385,6056,1965,2427,2841,8805,8754,6563,5840,7810,6064,7144,4352,184,5809,4065,7181,8437,7504,7426,9057,2087,600,7804,5537,3033,2056,8724,5084,2042,7960,357,377,4488,4797,3307,2596,783,5924,2379,7831,9174,9234,5267,7638,2538,861,1876,3526,9877,1622,5518,2657,1932,8699,3478,2656,9313,289,7011,5858,7323,2829,5962,4812,7264,9592,8758,1473,1987,7673,3260,7490,6739,3251,5905,5300,DDoS
1716,9204,1310,617,4257,6099,468,5905,1139,9628,8728,951,8012,3006,6075,7890,5952,7077,9042,1971,1191,3920,7765,6193,3046,304,6339,8043,4908,2804,3936,712,6848,9873,9525,8366,3205,5185,9608,6506,1772,1074,5447,8783,5264,7322,6651,2410,9039,6441,8685,8737,9732,9075,3956,6553,6869,7531,3094,2365,6668,5000,7920,3347,3675,952,3300,3179,3247,4415,3357,6472,5996,4848,5475,1037,8262,Web Attack - SQL Injection
7008,5931,5642,105,769,2940,7899,6614,5805,4355,933,8766,5660,5906,6050,8261,4474,9494,254,9899,7087,4787,7862,9025,6356,3742,2035,1967,8291,1852,3183,6618,8303,182,6740,164,6958,2137,454,2285,7846,4822,541,6033,2665,7149,5798,5785,4614,4292,6189,6673,1688,5095,7583,7824,1637,5966,4670,5203,5134,1890,3205,8669,2366,7559,2526,7807,366,6521,9907,6606,12,8727,3239,2317,4042,DoS Hulk
7485,375,9916,256,449,9085,3212,9376,6175,5943,8026,7446,1308,9108,8339,4016,3940,6713,4071,8107,5912,442,2944,3936,398,9343,2995,6329,2216,1707,5766,5677,2568,7638,160,8067,3904,3573,1825,9815,5582,1176,4918,4880,3220,7820,130,6659,3562,1499,7430,7705,7626,6679,2788,4876,3708,9899,1769,9510,6731,3044,375,6347,3036,8852,6218,9595,740,8495,1085,1210,8420,3119,267,2774,4349,Bot
4965,8125,3459,989,937,6654,6989,8631,7342,6023,2358,3345,6360,4816,3743,7159,518,268,5444,5475,4185,5161,9580,9886,9581,3865,8011,2335,3674,4576,500,9853,8083,8294,5543,2746,3276,3085,5735,7796,6613,1327,7772,9871,3746,5684,2562,4163,3317,2436,5769,8499,5918,1089,4555,2394,6468,4004,666,5718,5152,2234,6335,1236,1623,1374,7275,6359,176,9545,6704,2928,8817,7617,7614,3715,4274,Web Attack - SQL Injection
9360,4971,8389,968,3155,4764,2504,7643,9468,6006,7962,7943,1269,1364,6716,923,470,6597,2954,1148,3086,9151,629,7407,774,8551,8709,1343,7398,7197,5016,7797,2899,934,1986,4996,6542,5465,6311,8568,9966,1505,5363,1010,3477,7741,9422,9369,3857,9864,3839,4268,2553,4389,551,5566,9231,5758,9076,3051,5322,2555,1089,458,4721,6304,1920,7694,5668,6298,6629,5146,1003,3083,2589,4310,2241,DoS GoldenEye
7711,4980,938,4301,3970,3999,4650,6627,3408,8962,248,8564,5950,2926,7975,3857,4930,7014,8893,6966,9133,6587,6496,5091,8985,677,5909,1561,4053,8644,3656,5234,4146,5488,8081,209,4983,7141,4945,7980,3966,8818,9650,2824,1250,4758,4363,2163,9815,1853,753,5448,1868,181,1513,9094,3344,5238,7089,6401,2556,6098,5280,4244,2164,6601,2021,2821,5938,6132,9762,5969,6168,713,7203,3545,8414,DoS Slowhttptest
4625,5307,1425,2304,653,9351,8129,6734,443,7459,4669,5106,4436,2857,9472,3039,8291,2737,6956,5239,1607,2953,5933,4682,6333,7392,9047,6609,4925,9578,7250,9908,5783,9917,6723,184,521,1248,9850,1002,6266,6444,7017,8585,1617,660,5524,7616,5250,7512,6905,319,8775,3600,5960,5279,8773,1767,9748,1798,9190,8949,282,6337,5166,7121,7409,5489,4896,130,1293,6059,6957,60,2211,9740,9973,DoS Slowhttptest
5363,8152,7973,37,5990,5438,7677,473,58,2636,2614,7296,4999,9603,8276,9725,3797,2674,6436,3120,9282,2076,3190,4787,6056,7494,9400,3577,4741,6832,2581,3787,8707,7103,932,1663,8748,7914,9863,9184,9820,9883,4852,1104,1270,9601,3646,5087,9522,4723,2054,9145,6658,1842,2802,7735,8201,8313,6105,2560,3037,8632,2749,590,1368,1361,8128,3773,2064,2415,2951,5616,7975,7101,9768,5003,8306,DoS slowloris
6581,9560,8330,4923,6467,4941,6437,6076,5648,8001,1315,73,8675,1549,1359,1896,6659,5246,6967,6661,510,8614,2432,1906,9150,9016,64,4928,4710,6124,7837,800,6063,8469,6109,9909,6659,1238,6582,4523,5620,1486,4681,4470,5619,8284,7177,5441,1840,5397,1621,1561,5849,1416,4190,5054,1130,9605,3597,2118,663,2634,2774,6194,3969,3490,9763,1523,8053,987,7915,6403,5321,3845,6301,98,2288,Web Attack - SQL Injection
4297,8825,7796,7263,8770,3959,7385,8464,5338,4881,3954,3927,8644,9367,4911,413,1550,4526,7141,6571,1946,5203,191,40,5892,9524,3449,8327,5909,1941,9757,4221,7524,6543,6222,8580,1558,2121,1028,8273,5656,8967,3038,1878,2271,1607,3139,605,4735,3665,5852,5462,2144,4270,8107,1376,3462,347,0,62,1783,8417,6566,1042,9036,1234,1984,9470,1594,6257,1952,1695,954,3291,8548,968,241,DoS GoldenEye
4234,8338,7349,5161,8734,8883,1025,3359,5257,5736,7679,2951,8921,7389,2555,1150,1735,7931,1038,6369,7127,2912,4840,1242,8964,8098,3412,2499,7160,6110,3545,1213,418,4960,788,1871,2025,6264,2446,7429,4823,8752,2651,539,6499,4755,5959,3289,5546,2758,5311,4107,1895,2500,2829,47,2364,5666,6458,8945,8177,7630,7931,7058,2802,8594,2086,6724,6155,1149,62,3153,9200,5938,9514,751,7776,BENIGN
8849,9852,700,9272,1540,3032,6167,6364,1983,8506,5796,7648,7894,2314,7959,1649,7700,6900,3800,2478,9967,7054,6059,9959,8433,6209,7115,2256,3368,7387,8558,2827,9444,2487,3603,3521,4517,1643,1212,7345,4703,5434,19,675,4477,608,6286,61,9457,1154,9820,9818,3716,5242,5559,5022,6485,1442,1653,2502,3269,281,9216,3403,1235,4760,6940,785,9859,3194,4789,3775,5350,533,8593,3663,129,DoS slowloris
2959,1858,3649,3097,3512,4860,9412,8833,723,737,1299,3480,339,152,5684,9613,3051,426,7146,8125,6347,9327,2372,8126,949,7695,1373,7082,9148,9893,2482,7593,9495,370,7837,2296,7034,6324,7142,7028,6479,4145,4021,2364,5230,5970,8954,7300,6755,1004,7057,3755,2846,6262,8541,2964,8878,4637,2755,3624,2732,6473,6351,1693,684,2919,7166,3756,5454,3283,4691,6828,7350,1156,3061,7157,5919,DoS Hulk
4445,6436,1292,9752,9175,7902,2067,1979,1736,1918,700,4046,2073,4661,394,3048,3452,522,9754,8741,1468,6230,8116,9024,6811,1421,7987,285,2745,7108,4464,1445,5837,1466,9968,7167,9106,8479,4426,5932,9996,1178,2551,4370,9780,6322,9967,4862,9179,5855,1203,7349,6386,1119,8388,3975,8717,9602,1292,9386,3655,4786,2217,6590,1017,5176,3590,8239,9019,6176,6647,4722,6015,5122,7683,2089,2056,Heartbleed
9010,3680,4885,3114,7383,1629,1543,7512,5769,1904,1436,5031,3317,4116,9190,9623,4552,5563,6123,3061,8089,8456,3731,6327,3317,2046,3144,3221,5064,9445,722,7775,7564,8275,4835,3819,3364,9949,6089,4318,6936,2780,7398,2452,5288,8520,425,8961,3975,8799,6669,2124,1300,5015,8657,1964,5567,5279,2360,2039,1184,3934,5794,8172,777,3379,2418,4077,2439,7804,5269,5587,1989,7868,9258,944,8220,Web Attack - XSS
5751,5150,1697,5885,1665,9762,9925,8951,9543,9460,1785,5948,2607,8590,2630,7660,9861,238,3536,3861,9338,9749,8491,7899,7145,5861,248,4323,7101,2860,723,569,8411,9586,2834,7928,6671,2122,4000,3089,7165,7210,49,514,4671,7749,1165,414,1104,4858,3356,2416,5611,5465,8395,7192,5672,8260,8707,3563,6383,9656,9844,8898,9817,6833,4752,8123,3785,9537,8535,8727,8546,5023,982,1345,5691,SSH-Patator
526,6647,7252,930,2282,1946,3360,9785,8112,2925,3625,5469,1223,7110,9157,4992,8814,4787,6818,4726,2372,3299,9360,6451,8583,3809,2407,4864,5027,4260,4828,8772,9012,9439,8315,1874,8715,3123,4224,5254,3198,7082,1210,9218,5404,4117,5429,8689,9885,4758,8182,8916,375,7413,4398,3859,1686,5012,256,3600,50,6590,7437,594,4731,3873,9264,5748,5237,1476,4870,8032,3020,6066,8053,9856,9587,SSH-Patator
8167,4780,4045,2233,8117,6359,4197,9498,9829,9332,615,1566,9168,9508,2339,8109,7374,6707,378,3465,6005,2271,9238,1007,6800,109,2771,3883,2600,5518,3243,1005,305,5701,958,9145,5270,7595,3538,7020,1630,9983,2603,8258,9026,205,9906,9724,5691,6141,3145,3120,6728,8899,6030,178,5167,112,8948,9088,8350,8977,1803,2298,1542,7259,2154,8766,1381,5902,1222,1501,9050,3574,3729,7740,3191,Bot
7476,1561,2522,2391,2675,2183,8468,8066,2078,4342,1120,5419,3370,1908,3520,4307,4496,4750,497,6991,3587,2413,3800,8654,6171,3457,8464,6969,1150,7454,5207,18,9808,3178,5577,4081,6454,8603,8933,2671,6387,6833,2624,5499,514,206,947,1828,6861,6094,6345,2167,7979,5926,6532,5656,5943,9848,8793,5439,8903,1203,7000,9583,6639,7689,7513,6626,7386,3131,7134,3730,2666,549,4741,1244,4012,DoS Hulk
9037,6196,4545,6205,7190,8235,658,6995,5776,5293,1691,9557,7735,3130,7044,4533,5547,967,1404,8677,9947,3630,2968,7269,1579,5992,50,6452,5153,9851,6023,4300,2787,2155,7019,5360,4230,9806,7607,8598,4197,9576,5412,4499,4909,7169,9821,3262,9218,2989,7654,2224,5376,2920,7701,6541,5615,4315,6100,2783,9605,2808,3331,2178,797,2846,929,4818,3091,2262,9525,9466,7549,3480,3342,6053,7574,DoS slowloris
9409,9656,4174,7147,4770,5833,8205,7002,2293,2045,1037,6242,9651,8448,6162,4073,1283,6732,5945,3487,2184,8550,3187,9417,5495,2297,7097,8469,3544,6831,391,968,5151,4364,3307,6125,4370,4838,8277,3134,1054,3729,2669,275,5717,9297,8022,8000,128,7077,4326,3568,7622,8080,2402,1647,3556,2193,3104,4355,2134,9034,3903,3613,8583,2279,9092,1152,1294,8657,5289,3245,6068,6716,6654,8679,2938,SSH-Patator
949,9241,4075,9582,9275,1658,6932,8053,6959,1817,8382,460,7971,6015,6376,2521,3476,2705,4366,9349,27,4231,6548,3024,1264,9047,6587,6577,1251,3870,1326,6177,9217,361,1218,605,5959,1670,4443,1277,398,2172,2810,6274,5681,2939,9013,944,5965,6348,7770,7099,1196,1212,823,7084,535,3010,7537,949,543,3900,4224,2866,2246,1836,8268,8560,6976,348,4601,4333,5399,5696,1455,2185,7436,DoS slowloris
7309,8086,3682,1846,1854,2985,2894,7496,558,2896,1254,1681,5271,6283,8854,3325,1241,3143,3037,8353,1781,4675,1477,7148,7551,106,2668,4935,7270,1164,1157,2246,6653,8858,7649,511,8441,888,9215,7983,8791,3022,2530,6315,2064,9950,5413,6537,3569,1242,4329,1925,3395,440,5231,8181,2743,8039,8198,1586,825,3824,1268,7615,3436,8089,1310,9819,9228,477,8906,9868,2162,508,7319,381,9372,Heartbleed
1845,7300,9910,9292,8909,7717,8509,4629,5704,1776,8103,2284,1244,1333,3669,1200,1794,6181,1454,1933,746,7370,9032,7973,6827,9280,792,6927,1267,9742,6369,2690,7874,292,6864,4022,9596,1648,5171,9589,1693,6710,1037,3852,5459,9754,9304,7048,6184,9483,1161,1029,978,8709,8974,5129,137,8945,4808,2455,7392,8771,3266,4649,8587,5253,5428,5985,2589,7176,3034,169,3239,3415,3568,3484,4835,FTP-Patator
6878,4552,6844,3026,6189,3965,7184,9793,5479,5380,1146,4326,111,592,7413,8179,1238,5983,2794,3598,3803,1526,7909,1969,9143,1502,4467,6407,8301,2354,5319,225,3011,4126,613,98,5458,9002,5916,3337,2699,5917,7517,1019,3025,3528,3886,6231,5182,5578,6729,6961,6013,796,1957,3066,2680,4441,2948,3731,1101,5484,9229,4231,8983,9970,981,9457,5170,8935,2431,8566,9945,6349,3897,7548,1991,BENIGN
5430,3446,6775,8783,5161,2569,2872,9368,1335,5413,112,3772,5294,1987,4829,1985,5091,252,8315,9428,623,3156,3389,3417,9847,9458,2945,9352,8632,2092,2705,3759,5112,553,4904,1112,2777,7097,1314,3493,8290,7473,7015,9671,5710,1222,4583,5520,7872,9196,8668,5431,9327,1705,517,1220,2506,4325,9383,5479,7436,3090,6497,5168,6993,973,5277,8257,6092,2906,570,307,3742,8974,765,8964,7814,FTP-Patator
7735,8036,7596,539,7985,2049,3283,4675,1663,6476,9239,3439,8697,7143,3247,3500,1910,732,3513,9763,4609,4456,3335,8168,7056,2753,1372,9636,3376,8481,63,3945,329,4858,1963,3088,140,4539,2473,5594,3903,5364,449,4446,4694,4806,869,6079,7307,3659,3602,8584,9033,2448,7592,2953,5131,1358,9182,9230,8219,387,832,8441,9720,4193,1838,9552,9515,891,5588,1305,5283,4548,4192,6452,8453,DoS Slowhttptest
1793,6394,324,9177,7848,8114,6644,4782,9931,3137,3898,835,4154,2778,9588,6409,9868,4313,5646,7608,3721,7911,1671,916,5588,9109,9325,6496,1836,2138,4007,1905,3989,3485,4797,2732,7714,1321,3354,9720,7101,4743,8951,7014,3412,7825,1357,3481,9140,1766,8219,7163,2470,159,2892,5326,4113,7749,7798,4999,1570,9028,3405,5527,5848,6817,1627,6143,8396,6558,5272,7881,8983,3747,9297,9282,1607,DDoS
5074,7153,6733,66,8000,7645,9470,4158,9005,402,7925,4166,2925,2993,9278,771,7371,9861,5713,8167,1556,1151,5314,1217,3944,8039,2042,6303,8897,2669,2113,2977,4378,7227,6261,422,8722,90,3372,6036,1942,3805,9432,9950,97,1479,4626,5147,3647,5443,79,5577,2223,2569,9964,4518,1123,2623,1403,2578,331,7485,739,8233,4980,3878,1949,3460,2128,4497,2154,5230,7444,1237,9958,8697,5240,DoS Hulk
4815,9586,256,1720,7347,7076,1071,1622,2066,9261,8642,897,5175,8273,8928,4174,5781,3944,6426,5435,9883,9371,2935,5833,8088,461,116,5785,6507,9846,5830,4561,9990,8127,659,2122,1586,4682,6799,8826,6987,7975,2882,5249,2811,5527,1884,9710,8813,5073,9729,5416,5800,6895,6315,4930,2365,854,2728,915,7173,4938,131,9308,3593,9052,293,9191,3685,8016,7762,6846,7584,7310,5356,286,8641,SSH-Patator
6586,5303,3116,5874,6970,8148,8444,9611,1235,999,3760,4116,4411,5557,9638,5352,3683,2261,1853,8791,6895,2990,862,4527,1219,3795,527,7369,2922,5849,1162,846,6959,3086,9962,3283,3323,445,1025,9963,1359,8210,6113,8752,471,27,8751,3236,9136,3948,6172,1979,4921,9007,2326,2330,7646,1002,9734,6448,6837,6467,9421,7354,2529,1430,3912,1532,1892,1421,8582,5768,2818,5617,1195,6229,9049,Web Attack - XSS
9708,8077,9345,842,5200,5921,9874,294,6097,6412,8836,6678,5020,5743,110,8775,9678,4864,1648,6381,2381,105,5818,9886,9925,381,4356,5918,1316,5454,4074,4804,906,7621,662,6718,8654,942,8349,6415,3309,1326,2106,4799,8839,2938,2483,1375,7856,244,2348,9059,479,1935,5757,87,9432,8764,9005,178,9917,162,2640,9197,2348,2421,4298,4142,4503,1217,2474,929,7958,8508,1502,420,5830,DoS GoldenEye
1449,5811,8619,7871,8588,8987,106,4049,8289,1903,7649,3570,5376,42,6385,1577,6065,5885,8576,3577,3238,5244,9888,2134,3892,4321,5776,5828,3815,295,413,5956,6278,6668,8195,177,8937,4354,8843,5914,5482,3271,6687,5392,289,8994,8425,407,693,1169,8623,7782,9174,3044,5530,4992,3924,6970,3312,4318,1688,467,9537,2422,7279,4507,4721,5371,9203,7541,9869,1486,9608,9549,9583,9770,3749,Web Attack - XSS
8059,2503,7855,7055,399,4382,1539,8428,7185,4910,9119,4509,6051,6152,8611,4124,2395,8852,3950,449,379,9442,7285,2301,7710,5792,8918,9659,7216,4905,5999,8607,7122,599,7288,7921,1567,1094,9639,9684,6191,1458,9400,8046,4934,1354,6473,8404,3894,8032,2963,3042,6973,7139,6930,1732,7870,5340,5111,3081,7802,9462,7527,4868,1529,1081,7994,3531,9343,9914,716,6229,204,6784,4094,5482,5740,DoS Slowhttptest
7219,6154,4842,8103,9429,2018,5051,8709,7835,1438,4086,5127,2052,7529,7147,4368,4517,2312,5577,8973,1244,2416,6490,6168,9167,5839,8608,8406,9327,7097,5009,1582,8924,7876,2427,5721,8423,4930,4353,7832,5375,402,6567,4865,8146,64,2237,7770,9141,172,7935,2675,9442,4005,6544,8829,948,1694,4757,6282,142,6001,6652,4581,5087,1460,3887,8484,9835,837,9229,5846,8463,2369,8997,3174,5985,SSH-Patator
9023,3171,2040,6732,9786,6372,9818,5985,7562,5900,7965,5316,8465,589,8774,5063,3633,1990,6515,1258,2866,3738,571,8736,4222,637,8232,4882,4392,9812,3672,9491,7257,4711,5643,159,9923,5938,9924,580,8411,7586,4474,9941,7073,9662,5059,4328,1394,921,2773,4462,4576,3434,6733,9310,1865,724,711,7710,5080,390,9262,4487,8116,6747,6066,4494,3572,7769,2311,6773,6905,3642,6338,2609,9622,Heartbleed
6240,7806,757,5086,6220,9931,5602,9326,6121,8956,2725,3368,3497,8174,9864,5642,8774,4766,4633,1821,1185,1637,7236,8380,1746,5797,8089,2620,7597,8002,6107,9376,2793,2500,8361,4925,1080,9455,4864,4453,2248,1325,3873,1688,2985,2076,9721,1461,9594,72,6030,4611,2796,7717,4516,2493,4231,3576,8100,5728,32,4373,3598,2392,6705,6790,2677,1401,817,6203,9852,4562,4723,2438,6828,1210,6641,Heartbleed
5480,1846,6592,7861,1887,679,3252,1835,2177,8142,148,1495,1744,1646,2995,6643,9864,7378,8849,3667,9245,576,4779,8187,2972,7756,3948,6544,2045,1627,1488,9127,3563,9906,1802,9612,3591,3520,5896,7643,7041,3311,2305,7875,1967,8009,5462,6897,3458,8585,4778,3730,4365,7547,27,3491,6423,5301,6160,1173,338,9260,841,293,9514,6558,1647,4898,4526,5614,3801,8280,7376,899,3477,1744,6096,PortScan
1633,7001,7020,9053,8149,4701,6735,1013,3299,1506,4803,977,1817,4901,9140,6798,473,567,7966,2258,8120,4310,1982,1096,6610,3570,6497,3646,2419,4279,673,2802,7312,2369,4530,1066,5432,8073,687,68,6774,419,6891,5593,6104,3892,439,9478,1208,9270,2563,7466,1253,3209,3549,614,3078,3490,3543,8102,1900,5680,6751,5862,1712,2329,1194,6781,8162,4906,1378,9504,749,5292,300,4695,4624,Infiltration
3837,277,3917,7307,2161,1389,8882,4732,3468,6141,5969,3816,9131,5037,5994,9938,2451,24,5962,2556,7632,60,7675,122,5616,1186,5158,7864,9922,4089,2472,7450,2964,8104,1310,8346,2212,9454,6792,9554,9129,8703,8378,1845,7660,1702,390,654,5835,4271,8955,3400,5319,6732,6674,1085,5446,4376,1963,9977,5177,4572,7543,8907,242,6510,3915,9715,837,3323,2953,9537,1432,6854,7655,8431,8330,Web Attack - XSS
8611,303,2162,6486,4102,6874,1168,415,5243,149,6524,5899,838,6144,9888,9613,7466,1320,1523,5234,6144,552,3756,3671,481,599,7677,9356,9195,1982,1634,7830,2997,686,5529,1759,7023,6208,7234,2480,9529,7476,7770,114,568,9745,7951,2689,4590,3340,2988,3151,3015,9013,6345,3574,7838,1608,559,6621,7126,5565,4435,5650,8803,1881,4169,3863,7436,3708,1709,7860,9953,1692,9437,125,1199,Bot
2711,9182,9713,6228,5995,8182,5502,5760,5582,2498,2565,6989,4790,5024,8307,1031,1241,1742,5709,5999,4090,8160,6883,5129,4403,6577,4897,163,3310,3388,995,6161,1877,8103,3264,1348,9995,2251,7290,9785,8018,6590,7658,432,5743,5247,7715,3817,1070,4600,8306,9631,9982,994,4318,4731,6068,7670,4767,957,8287,2154,631,9893,6045,697,31,6209,4874,5562,8740,2248,6192,9895,6406,1156,8535,Web Attack - Brute Force
6154,2248,9136,3285,9522,2003,3615,9979,3672,7458,2155,3479,51,2159,4390,3651,7356,2112,5765,1354,5620,3754,209,6232,7846,6171,237,8527,8075,1576,8691,9756,8982,3540,9327,7257,149,1624,7661,2574,4428,7529,4269,7769,2108,3947,7899,4914,6667,2263,9804,3815,577,422,2763,1229,3176,8945,687,722,746,4337,2712,707,8626,483,1533,169,1020,7093,6466,847,8887,3346,4013,8078,31,BENIGN
7877,6170,7830,9694,2315,65,1928,5011,7533,6225,5447,584,6470,6685,5244,8154,7951,1748,7670,2204,1892,7018,3093,973,4024,9634,6615,4329,6715,1477,5689,8962,7329,6444,8497,1,8462,6843,9055,5972,7903,5105,7702,2914,5156,8298,3168,2599,5716,2235,2799,7013,9703,5473,18,858,9608,5380,3032,4505,9618,5789,2531,7471,4719,4863,4038,2452,2846,8064,6622,9972,8896,9533,3462,1159,4626,BENIGN
3722,3560,6117,6589,9907,6849,2243,8177,1760,5442,9988,7679,2675,7124,5781,3236,5898,8235,8680,4276,4723,9148,5644,1115,1781,8842,1876,5363,8532,3375,2750,9546,3276,448,5537,4172,8989,3496,2182,3326,8837,719,1522,6756,6627,1069,5562,7749,4887,4674,2156,7944,4139,5629,7087,5078,6405,6871,632,2199,5353,2910,622,6073,360,6365,8401,9122,3943,4869,8128,877,4795,7791,2523,6270,8583,DDoS
6623,5088,7564,7066,6545,2321,8149,8125,8330,8294,5333,8675,7858,4319,5389,1848,3205,2161,1464,643,5351,4553,6518,5723,7946,610,4302,1543,1466,9108,6236,1181,2146,2272,9043,4536,719,4680,3472,3642,63,559,7446,1733,8861,3894,1542,9463,2415,6090,5217,5387,5179,8187,6643,7660,2458,9355,6028,5447,4559,2749,1948,6306,8251,8092,8524,189,6008,7482,295,8368,8168,799,8997,7003,9934,DoS GoldenEye
2700,8788,9909,9547,9484,5873,4714,6491,8333,2839,3513,9906,1135,6357,2247,6548,4516,4102,1548,6532,4511,2831,9198,3062,7975,3052,7210,3539,526,2807,9387,1753,9864,6882,1654,4841,4041,5024,9039,9059,8965,8734,4417,8977,4635,2883,5884,448,3310,4585,8108,4409,7873,6051,8576,294,1238,8041,2816,1098,1737,2189,2765,1222,6549,410,2945,8102,4786,9069,786,2109,5446,5835,1986,8126,9070,DoS Slowhttptest
9799,5709,2403,8262,4401,6701,3295,8953,2121,3582,4197,9821,5700,7232,4288,1085,8645,2621,8810,8828,2348,4874,3036,2349,5743,4432,6175,7265,6103,7358,9263,2031,1249,9487,6808,3556,8519,8988,5299,3094,2977,962,5725,5489,1268,5279,372,4380,7617,9796,6279,95,4369,3941,7021,9392,3944,5868,5396,8041,131,7290,9582,6516,9341,5906,807,50,5277,55,3664,743,6030,8131,79,2966,3728,Web Attack - Brute Force
125,5813,8410,947,594,5030,140,3055,9822,9068,4205,5171,7782,2660,6856,6089,5318,2552,3611,8062,1040,8506,7603,4172,2946,3236,3680,4807,1537,3872,1867,1161,3920,5693,3882,7738,8456,6331,5182,9494,9386,1526,8131,4394,1158,4367,4630,3513,1144,68,3717,9018,9361,9175,9644,9231,4723,4213,6413,3466,3026,6998,2747,7271,6171,3855,8753,2203,3419,1144,2699,9743,560,1187,3133,3411,1689,Heartbleed
2423,1369,6007,6728,8772,976,4272,6497,118,1542,4862,3043,972,915,6621,9629,586,8542,5625,7354,4591,2562,6839,8464,2927,6195,6276,9956,4290,5882,6446,5167,9962,1522,9023,561,3540,1479,6677,1205,6660,8848,589,4326,4904,9563,6421,3759,8939,8655,8945,5936,8774,2205,4114,4027,4816,7188,2808,3603,3913,1419,2167,2144,2167,9752,9368,9460,5891,6536,1166,3575,2841,1870,2886,159,7243,SSH-Patator
3763,1055,333,3596,7607,9083,1362,925,5519,2443,3980,7260,1419,59,2524,3797,1578,7201,707,8165,5277,1780,2413,7750,2161,8800,308,5439,4307,2364,184,5324,5483,245,8430,8183,5924,519,3907,276,5101,8797,4573,4603,4053,6812,6073,141,1717,7313,5714,399,4763,9714,9526,6255,238,3215,7541,3647,5408,9808,6340,2429,3652,9913,6307,9464,5140,2878,1535,8727,6254,948,3941,9213,6603,PortScan
8625,1403,7819,3511,2935,4878,7506,7591,5060,3333,1602,8420,2196,110,9436,6023,4159,3867,9569,7641,5004,9963,8204,7077,3261,662,8885,3390,9373,3018,9696,1902,4171,328,9631,6295,3846,224,2520,8064,3714,2407,6683,810,6752,3117,4773,3290,2251,4661,4606,9115,6421,3052,8207,4451,4925,2646,9293,9282,2906,1746,4309,9912,448,3012,1568,3491,7310,6883,5984,9239,7088,4768,1064,3821,8759,Bot
6097,2483,7719,4800,6382,4829,6153,2794,7612,1097,1638,9850,9317,8455,160,9448,5906,8502,8418,8464,7081,4412,3157,2338,5588,1601,5888,3718,5546,1925,8758,2915,6898,8443,5652,3501,7274,1602,7359,513,8633,8192,6501,902,5719,9412,8148,2321,855,1017,5279,7712,4680,7072,6624,195,4694,9524,4651,6991,9709,2697,1057,5207,2792,420,2814,2840,1031,7639,1491,4975,4947,509,1859,5061,1858,FTP-Patator
5607,2065,2966,6773,7892,9788,4442,9247,9215,3204,575,198,7423,1365,7834,1998,5350,6444,1016,3618,25,9750,3724,3458,6593,8662,7280,8069,4746,7589,9077,6978,9067,9133,3041,7765,5404,571,8796,4980,8573,1236,2380,7177,1517,1533,5887,7859,3489,4642,9062,2150,5319,3766,4960,6061,5857,4487,7750,9804,1077,1300,6649,7181,8138,2529,3260,363,845,3032,1327,8583,3255,5136,7108,3237,9497,DDoS
5668,6312,8956,5465,498,6062,2944,7952,5856,7838,6077,135,9292,4033,6700,4113,6546,8396,4594,561,5400,7333,3314,3960,2211,2371,6974,2681,2806,2255,9092,6382,9942,4899,3159,5656,1452,9435,2322,9862,7097,1768,6096,5185,1169,4710,6590,386,2430,1405,123,3997,5909,3896,9816,8066,9373,727,7039,7715,3670,1141,4031,8550,3742,2844,2211,972,360,2632,3190,4948,1624,1756,7818,5119,6026,BENIGN
6975,975,4318,5923,2313,9497,787,2428,8747,6664,9751,7483,1363,3959,8781,1749,6671,540,7634,8482,3935,3958,3859,8050,9447,5331,8199,1657,6185,4428,9448,7237,1039,2116,8876,4018,9989,7546,1824,3534,6670,8254,8452,3571,3192,4953,9680,9322,4275,354,5029,2774,588,604,8365,353,5434,433,8450,867,8787,5764,393,3754,4370,4521,7699,4578,8405,2126,8330,4193,3960,663,2832,9265,4574,DoS slowloris
7624,6292,5177,8353,7006,9692,3178,5546,4490,4896,185,4653,1980,4541,7808,829,3519,8008,5909,1225,5774,2844,7347,2733,4420,3996,9690,1688,2447,867,6952,6084,8431,5305,8239,4049,3457,3228,1248,1167,3490,1897,2179,5955,2720,1943,5912,7686,3696,2825,8414,1746,529,6384,8325,4486,101,3723,2728,2545,2558,6846,948,9760,4936,2053,193,8933,7304,2959,8174,2923,3239,3865,8229,9890,4566,DoS slowloris
5609,3213,5108,1783,8294,5830,5831,41,6209,1061,9868,3689,7595,6807,3997,325,7205,1120,107,6294,5193,7224,8526,2039,803,766,3527,2306,1488,4129,2373,9028,3309,6834,5735,4834,6990,3983,3768,1504,6793,2450,2033,8002,9891,6019,1307,975,4939,3733,8551,2223,484,1428,2080,695,6300,4660,201,9390,9459,8265,8287,3477,2202,7490,8449,6317,4425,5350,2806,7163,185,8070,8334,7050,8831,DoS Hulk
2074,7654,201,5710,3165,2102,9102,1571,5125,6697,5169,2159,1329,3613,8652,8998,3699,6027,2273,8250,4823,9347,7075,497,6959,6210,7126,3976,6420,1607,8912,1274,690,4023,7247,3437,2355,5581,749,3051,7763,3564,5758,1704,6074,2377,8019,5274,3231,6409,2215,6288,6329,885,864,6917,3054,8977,8648,8536,553,5116,7683,787,8896,4907,7190,9144,814,9740,8335,2777,3766,4958,3825,1216,9999,DoS GoldenEye
6772,9481,7717,8747,862,6217,5938,2355,9157,2395,8667,9530,524,561,8167,8113,7416,4664,1205,2238,1160,5239,6974,71,754,7298,6600,9096,8152,8243,2621,3190,3948,1287,5358,7518,7036,4780,1772,3902,5726,6200,9141,3138,7213,2416,9617,7051,1584,1046,6984,2165,5719,7222,1176,6411,8074,9223,3288,1315,892,5169,8298,3080,8936,6466,8813,5090,4240,9012,411,8305,2446,3346,85,7749,4142,DoS GoldenEye
7087,7368,9764,5834,803,6719,6085,9261,4182,9600,264,3093,4798,9665,8143,325,1206,9696,1440,5184,9147,8746,5136,8140,5819,8069,2036,9478,9389,5560,3629,8963,5314,2456,8662,1370,7629,8863,1174,110,3559,6692,9218,3233,1472,4872,4753,1833,5928,8645,6816,740,7256,2380,9635,3680,9940,2401,7177,2006,9978,1409,1762,909,760,6638,5612,3240,530,9551,2560,2177,5103,7706,1537,9465,2781,SSH-Patator
5257,9490,5097,2511,2188,6063,881,1847,6599,1975,6577,5726,4568,7163,6582,8689,2216,9180,5701,8017,2608,9562,4809,6345,178,7771,7971,1929,2548,4834,111,7948,714,9593,6034,1381,3127,7483,1208,36,1828,3341,7006,7675,5347,7890,809,4118,1526,495,424,2747,1982,1468,7728,6770,1233,9989,8756,3019,1304,8034,132,448,6407,849,5357,3962,9672,9092,4854,1539,1899,2944,4957,5943,3244,BENIGN
8706,1591,7953,7855,7795,8275,3742,2127,1601,1222,5690,1842,8058,9781,5565,4488,8200,6950,8906,1927,8301,4929,8457,5492,3223,6127,5071,954,7050,9541,1574,6668,7095,7720,3255,1058,1957,6648,4944,5058,2519,7913,2570,7450,3887,7703,6417,9079,744,6420,3514,2930,5537,6713,175,565,3217,4357,5973,9586,5802,7034,9412,947,8776,9812,3355,5251,3191,5847,6716,531,1231,1697,3370,1545,1437,SSH-Patator
4504,5502,7608,5997,5566,7786,8808,4166,4014,2256,4354,3310,7399,931,2329,393,2465,3277,5430,7002,8817,5988,7509,5932,9357,2781,1639,8973,2274,2480,6799,8547,4674,3522,6104,5819,163,6922,3381,2064,6589,7447,3984,3887,339,4821,3781,3590,5130,7691,9837,7315,7733,5049,4704,638,7709,5143,1224,4245,9741,5423,6607,7407,9697,8073,8152,9567,8859,5768,2374,4090,1015,335,80,2134,9991,FTP-Patator
184,6841,122,8056,7263,4700,6658,3514,5633,6077,1394,2352,9500,5961,3944,6405,490,1054,701,2934,5387,6037,4695,9326,8271,9027,8843,416,5566,5173,5999,3866,8937,2002,239,1944,6561,9047,5867,3194,7733,6359,7587,4804,1353,2880,679,8678,3620,9630,4314,6864,1484,690,8083,6125,9204,6668,2347,3708,6376,7930,637,5866,6793,3008,7216,7372,5600,1399,8003,1505,5842,8441,5320,8727,6443,PortScan
6952,8649,2738,3369,4135,7983,3411,5635,4069,6251,3185,3238,8452,5737,9439,2573,6853,125,9421,1306,2101,135,7311,1459,4231,7656,812,7900,9043,9936,7568,870,8826,668,1293,8460,9052,8673,3390,9453,8294,5549,4887,4334,5684,9073,6750,2235,4983,7752,5019,8041,2577,675,2439,9873,5587,5945,9468,4767,7004,7728,6609,4934,3648,7131,1312,9265,4099,1654,6018,1285,7852,8726,7046,5180,1379,BENIGN
645,8215,5412,4652,6834,4451,6103,7084,4124,364,2655,8600,7433,1314,5272,218,4703,5131,1539,3433,1602,2704,5064,3648,1105,5736,5812,2488,8808,2418,27,8207,8524,7977,4661,4549,3953,4261,8123,4973,8436,1356,9134,3467,6964,7067,1745,3879,3777,2115,6257,2267,2267,9688,7086,4481,7465,929,7773,3324,4587,356,4310,4064,5499,3841,9018,5333,6671,7059,665,6853,553,8519,7045,9380,7283,DoS Hulk
2853,2736,956,5180,8607,2645,3774,5013,84,1935,9608,9262,9713,6749,1501,6569,2473,735,2838,2562,3906,1272,4836,1862,4226,9955,9014,542,6209,2765,7268,884,3649,6890,3571,3933,5856,3666,9913,8566,557,9472,6040,1128,1360,5420,9292,9726,5349,2625,9823,57,9319,8503,5848,2737,5493,3877,2282,6786,5508,1431,1775,9510,4207,9520,4385,6351,3974,5905,4677,4465,8411,3302,6945,2302,6285,DoS Slowhttptest
4966,3726,2042,8714,2998,7971,909,4133,1880,2560,7527,5696,3072,4476,4489,4491,8736,6855,7401,3097,3505,1084,552,5560,1153,5473,2245,1686,5835,693,7538,8091,5835,8689,6794,8804,8567,805,920,3604,1443,7048,1545,1210,6212,4687,5310,9700,913,2780,8581,7732,4987,3625,9262,7326,2570,3737,2779,8530,1976,794,1722,898,102,7453,9639,2032,6172,1534,7197,4570,6706,434,9449,8246,9122,DoS slowloris
8503,7256,9148,6461,4083,5996,4852,2512,5528,1263,5951,2747,7280,1093,3763,7351,232,2101,2028,6233,7926,1929,9650,9840,8599,3340,1977,2413,8026,5418,6025,4937,9952,3597,1378,620,929,6544,7572,5826,974,1689,4671,6920,6776,8917,8353,7784,658,2897,5668,6225,2542,9770,9266,3205,4044,3433,6711,7384,877,1091,3059,7007,5262,7513,1674,9800,2826,9409,3052,313,8921,383,5884,1812,2324,Heartbleed
5248,3429,3291,7173,4846,6767,227,6073,5704,8203,7765,1522,691,1739,1525,69,6251,3123,4724,7649,1287,8767,4954,744,6275,4576,5076,9216,941,5050,767,2438,9025,8819,376,89,9257,6066,9250,5575,2655,1515,3017,7811,7343,1573,5597,3926,3796,8823,1232,2264,2047,535,7884,6881,7378,3097,9467,3073,1025,2051,3621,4563,8392,4403,3323,3358,6141,5017,6435,7321,2971,8777,3345,5816,4604,BENIGN
4100,8551,3477,7182,7440,4658,2812,44,633,9402,9941,6804,2768,8785,9616,7875,1926,856,5988,8743,7847,4138,4274,9672,606,8863,5022,16,5734,2873,7765,5149,5311,2484,6322,8807,6777,3205,4407,3807,8716,3173,1473,3338,4557,2412,2151,3182,8619,8162,4564,1014,1604,869,6913,2727,2852,9077,2608,1273,7649,1955,8778,8392,4549,9017,8302,8100,2911,9099,5868,5663,554,8298,3336,6369,2534,SSH-Patator
3293,9585,166,3624,2347,1404,6178,9717,2774,9017,9316,8760,3739,8018,4464,7741,7636,8020,7288,4094,2930,763,3450,3395,3719,4801,8412,1861,9213,109,6549,8890,5529,8299,8580,8616,2494,7732,5759,1527,2026,1855,8638,1597,8401,848,5958,9843,3529,1918,8768,5761,688,8981,6306,5072,1355,1687,8541,9321,4350,6501,6086,4208,6667,990,5290,1376,9418,7247,7202,8755,6304,2887,6681,7613,1340,Web Attack - XSS
7972,9629,94,3296,5898,9140,2692,4161,8126,3281,1497,7053,6714,7657,8003,7691,8106,201,1498,3086,2590,7125,7860,5408,1948,3963,693,9911,5363,5887,7734,9913,5717,5293,4051,2291,2698,9202,1041,1557,1207,9872,3621,3352,7455,1678,8972,6752,945,3428,7973,7168,8739,2984,2590,1797,5043,2257,2197,8222,8803,4397,2912,8874,8448,9131,6152,7172,2894,3185,8968,2732,8923,5324,9161,7849,8294,Infiltration
5205,4862,3070,8563,8870,201,88,6299,8379,5171,1554,5599,8421,54,4366,4031,9315,3140,8078,1552,7795,5271,115,3613,6372,8551,8219,3837,3533,9610,5831,5963,1294,5970,7550,2075,7366,5207,5817,1778,373,7557,9323,1573,6026,4444,787,1545,8561,4374,5447,9894,9849,4055,606,2576,6569,4124,5051,322,583,5389,8847,4881,8414,2122,7699,7796,2220,5123,3550,5779,4928,166,6443,8309,6655,DoS slowloris
7342,2206,1250,4006,4558,9863,2151,5077,2297,9228,2614,1879,8788,620,6698,5507,8262,1803,7116,4533,9259,1925,1037,3183,9594,9630,8676,4264,4898,8437,6121,5789,3371,1350,8721,5714,3814,7147,6485,9980,9894,3625,8951,8117,9595,8989,531,4137,598,7428,8497,4904,2909,678,3384,8922,2025,4228,2766,2098,6761,391,3784,6666,3837,1685,6497,2914,7116,9610,3726,4951,6058,7655,4610,7821,1084,DoS Hulk
6880,2349,7337,2693,7208,6881,3722,3693,4392,7224,7802,5717,3134,2598,4052,3824,3520,1249,6586,7843,2074,2504,2014,4944,948,106,4692,8346,3240,8987,9762,5303,1634,1532,7608,1440,9590,3646,5599,1615,9705,7994,6296,2598,9036,3530,7590,2327,6565,7767,1976,1835,4899,354,9797,4473,3195,9179,8345,906,7198,1620,4418,8523,4338,429,5301,2423,8272,1573,8035,419,466,5176,3393,9757,9710,Web Attack - XSS
7394,2035,8995,9269,1632,1984,7121,3,7477,5998,602,7256,8692,6714,8376,3251,3147,9487,8144,54,9916,2910,1870,3348,1601,5767,5830,8120,7043,2090,5480,9443,6370,5182,170,2809,6993,7929,9965,6711,3991,7135,826,9857,129,1417,6798,6773,1407,5136,8785,1037,7546,5903,22,9825,6287,1405,9670,6467,1194,8767,7923,1606,8643,8316,6250,1683,9098,8621,2751,7504,7663,8553,8623,2722,5639,Web Attack - SQL Injection
3223,5441,9822,7381,5184,269,7704,6115,9315,7298,4533,1042,1641,6603,3297,7055,1383,3996,14,1674,5099,3617,8099,6557,5474,1480,9937,7698,3046,7363,5957,4210,5471,975,1685,2083,1686,4158,6809,8700,187,2782,4188,4100,2072,6651,97,9483,6805,3464,1787,7763,5404,683,1132,5877,6198,3836,9806,1041,5889,854,5738,2026,5365,2550,7089,239,489,1036,9530,6132,4780,7909,3269,6122,5710,Bot
1767,4708,8353,8847,3006,1256,7077,5351,749,708,6416,9813,6950,8657,9292,1713,7936,8308,195,4714,9666,1274,3709,338,6761,3511,4275,1656,6762,8834,9872,9542,5273,8810,1169,8443,8173,301,1566,7816,2210,7230,8803,6588,1943,8265,4637,8348,5385,255,3110,9243,5032,6261,2417,2256,2634,1891,3464,9967,7426,1970,3953,5818,6771,6748,5003,648,9832,8720,2101,418,2352,5775,8276,7691,1751,PortScan
2657,6123,5524,2351,8071,1289,2702,8835,2905,4669,2922,6654,2021,3624,6344,7778,136,4225,9410,9209,3140,2587,6669,2605,5004,8400,7504,3810,6080,7408,4153,3376,1368,7809,3800,1037,992,7312,4510,393,8005,3686,357,4004,1181,6817,2065,6871,3129,154,9746,8678,6294,9574,2415,1070,2254,8042,9698,7807,6840,6713,2190,7264,9262,8382,8331,7398,2972,1514,3970,4719,1345,1917,7641,8644,1611,Web Attack - XSS
2078,2064,7379,5779,9450,7150,353,5718,3636,9755,6044,711,9048,4272,1429,6444,3420,2068,7159,4806,6844,8343,3231,2906,3551,9658,4191,3423,4057,5194,3665,4735,9348,6389,7882,5289,7798,3408,1161,1259,4090,5690,2981,8065,3554,9416,2389,8158,1014,5729,3713,1492,7585,4122,9892,454,917,6723,8205,6241,4374,6059,489,984,960,8050,1782,5983,1869,2644,6838,4345,5702,8075,7630,5902,6032,FTP-Patator
3110,3770,29,8958,8806,9196,2121,3009,3819,7739,8215,4059,2910,1970,9730,6655,4767,8762,1242,712,9485,2866,9866,6153,5587,9551,8827,9401,7713,6861,1297,357,5102,240,6854,1826,8115,3558,3860,4447,4139,137,3734,1967,6579,4849,8334,7167,5942,7466,6405,5515,8051,2019,6174,7092,2849,1192,2355,2506,333,2562,1795,253,3657,7502,9615,3237,3331,1027,2166,469,7660,7905,5983,1093,4789,BENIGN
5489,180,9412,4142,3623,4729,5259,8029,9755,4684,7854,3632,5973,6417,1562,1413,6504,1017,3654,6842,8949,6098,8812,3584,181,6829,2667,9991,6173,5421,9691,9176,2364,5516,3305,2215,125,2620,4215,1451,9200,9405,5547,6703,7369,3130,696,2270,9707,9226,9727,9005,8501,9203,9210,3411,3718,6717,4920,2044,1116,1156,988,5587,1828,7872,6088,2345,9276,3005,4435,6628,76,5752,2562,1572,7087,SSH-Patator
5970,7952,6609,8056,3111,2737,9544,5404,9138,4649,3868,3137,7824,6136,7799,3486,1002,9011,8614,8763,7906,5359,4530,9615,1633,6669,1753,8659,6353,9898,8264,146,7507,316,8797,8766,1177,3422,2594,8503,764,7836,6277,435,3351,2930,134,4618,8995,2366,9668,3415,1006,7908,9184,4691,7669,7829,1896,3065,2748,6692,2661,2978,6949,6375,6459,6107,9940,6501,2661,6165,8210,3358,275,4078,4754,FTP-Patator
4698,364,794,6795,5870,589,4294,4313,8932,4745,7377,8861,1437,9047,4033,1893,7519,9378,1842,6244,326,2400,8106,4278,4550,7500,4015,5452,4306,8242,9660,7826,9201,6783,3557,9266,153,8773,787,4886,3381,7566,6277,2267,4258,970,8839,945,5618,8191,1495,2047,9364,2886,5188,4158,8924,3461,6733,1657,5043,6360,478,9329,3953,9168,8428,4043,597,9894,8356,2324,7299,569,3328,140,8877,DDoS
3280,2763,3590,2038,1074,5622,2225,7523,9533,9881,363,9259,2030,6685,6465,6791,6157,617,5437,1982,5710,193,8164,4458,1119,6911,6540,526,7154,4879,9974,5845,7971,2673,7760,7197,5101,3526,3849,1634,93,3366,7716,2946,88,2550,6137,6357,1445,4621,6335,1830,6785,7391,554,2434,8872,6919,5593,9823,202,7153,4542,8010,9878,828,7170,2022,8294,9749,4211,4954,4087,8295,6785,8998,7166,PortScan
4655,2074,8718,6918,3436,5048,8489,4872,360,4599,6731,2077,2173,4691,9781,1389,7962,5971,3514,8454,2919,1,1933,393,8497,529,4623,9156,8862,4068,7507,6495,6953,5053,2672,1713,4044,635,5134,6619,9309,7445,6602,37,9824,3775,4085,8710,5120,6744,1041,4715,1394,2869,3676,3721,5690,5818,234,3140,8638,8199,999,1334,8325,8247,5088,5479,6090,1111,9715,8335,2916,6799,2103,8811,5125,PortScan
6590,9600,2921,4734,3373,6754,836,9777,9028,6707,5312,9589,3822,6153,804,1075,9605,4452,1663,7428,2053,2420,2528,4317,7977,8706,7227,8412,227,2337,955,1497,9472,1978,1529,2662,6433,7445,4284,9109,1201,7131,9813,759,5573,5161,4289,5446,9680,4258,4371,1665,6918,6623,8651,7432,6682,6228,5827,5435,7636,1365,7344,3201,4752,9575,6091,6614,1521,7521,6559,1623,8873,3134,5820,4994,4696,Infiltration
1867,9391,2823,6106,168,7787,8630,4909,8027,4681,9055,5137,8331,5234,224,8749,6582,1573,8577,8712,6763,5217,3142,3501,1499,9669,9095,9823,6687,5245,9362,1744,2039,8311,3857,9867,9512,4950,9207,7087,6031,1743,3541,9638,3616,3894,1724,6227,4062,7847,4281,8263,2200,2143,3181,9673,2875,6520,1096,8915,6918,8148,3214,7749,5564,2871,4489,4607,6764,5834,9912,3399,5378,1857,7604,7731,2396,DoS Slowhttptest
2261,1312,2305,5507,9999,2741,3336,7480,5159,997,6353,2319,3207,8790,9275,3581,3086,7166,721,1154,7167,16,7097,9183,2232,1446,9657,5774,3083,9735,8271,6952,7841,9463,9756,5391,9905,9201,8964,7914,482,5681,7437,9773,9297,5203,3361,5947,9033,3534,1872,7258,5982,3505,3320,2728,954,1595,2288,6845,7663,6936,743,1494,6606,6944,7208,207,1083,2412,3311,6751,7957,8588,208,7548,8624,BENIGN
5850,2436,5393,133,7233,638,1228,4019,9482,2196,9895,975,6121,1028,525,2327,2546,835,2483,2734,9730,7304,4049,9495,8323,392,2466,1225,2705,461,9993,3985,151,1785,6242,8145,6356,7310,6845,3460,1836,9589,9267,5743,6278,1493,9327,1548,8976,5163,9612,5704,6404,6688,3651,2063,2020,4757,5923,7353,9142,8216,8209,569,5112,1355,8056,9784,830,5131,5402,9063,834,4952,969,592,254,SSH-Patator
2661,8794,9257,1839,5905,2431,7756,5353,965,1737,484,7941,8202,6251,2027,5213,7990,6227,6981,8796,968,436,1809,6546,8107,5505,5257,4909,8484,461,3233,5202,2939,88,1663,3301,5137,6029,421,3749,4971,6845,4433,265,2850,1378,6503,7157,4416,849,4814,9183,3764,7379,3274,716,5080,895,9368,9968,9651,2543,7771,4637,8066,3553,1349,2986,7196,2122,8689,8046,8913,1363,307,2751,9075,DoS GoldenEye
1264,5339,7503,5848,9244,493,2021,1747,5087,3302,7127,5022,6155,9123,6409,5254,8948,9246,4354,3453,2516,6069,7374,8838,5208,194,9337,4291,6210,5130,321,6705,1702,830,8380,5606,91,3877,2336,7676,1580,9600,8366,5792,7746,473,269,6550,693,1415,2083,1235,3967,8325,4785,6125,6634,5968,840,5083,1461,4934,3472,7163,6575,4843,7739,2509,9157,6022,2038,1850,7432,8926,2453,3016,6625,Bot
4003,2313,4623,3163,7186,7015,7782,5214,8621,6938,2988,5156,5512,9788,2350,9971,3988,2870,6487,2910,4613,2864,1017,4690,9524,8373,6759,2451,1952,4700,8454,6213,660,1315,7381,2919,2072,5442,2019,6625,815,4777,4734,3629,2753,6505,4685,201,1004,1312,2025,3133,4221,6192,3671,4941,9988,1604,1902,4588,8160,2349,5059,7928,7120,4364,4719,6243,8081,9010,2677,547,8550,3361,1924,5243,4647,Bot
6681,2701,421,335,9718,56,3950,7055,3147,3537,6428,721,385,2817,7426,7115,259,4488,8791,7536,3255,9231,4048,8947,3157,476,5283,9791,2359,7405,8024,1261,6323,5937,1582,1498,8940,8722,2209,4063,7228,9300,5666,8681,8196,8267,5372,6150,472,9573,837,8794,1186,6461,1481,7699,7332,231,327,6381,5239,949,7038,8048,2297,1307,8389,2779,7318,3336,5335,9530,9883,8407,7502,7526,1649,BENIGN
2862,8801,917,8353,4137,7347,5449,5682,2811,3421,4215,9290,2721,8314,3253,788,256,4025,5956,6741,3654,7660,3251,5268,7176,7562,8799,4426,3927,5326,2152,8738,7888,5474,9874,488,1822,7760,5622,3121,3774,6446,3452,8841,8839,5481,8572,7833,7117,9391,4887,2990,9299,3447,221,7618,9631,6588,617,2570,6309,2755,2790,7826,3309,7152,4054,7056,7424,7681,6508,224,7139,8136,3350,3827,1403,DoS Slowhttptest
409,1916,4067,2859,7072,2051,3701,8214,2968,8936,601,7934,5274,1842,2662,8674,4036,2639,5526,5368,7143,6103,3825,9874,5670,4796,3608,6878,1018,5349,4760,1311,9610,2500,2667,6034,9578,5230,9336,4834,1546,2145,2163,3012,4444,3423,7179,3559,9748,2686,2332,6066,1656,6779,6038,8736,8583,5289,6220,296,6473,1086,6359,5194,5805,6722,9308,9268,495,2995,93,4324,6393,5510,720,5075,6325,Web Attack - SQL Injection
5099,4026,5057,6810,1106,5305,7734,6674,9563,8614,2005,5261,763,9089,9144,5691,7059,4479,4198,9091,4023,4205,3641,3543,5591,7243,6116,6333,761,2407,885,6222,2643,9427,5110,1468,6292,8201,5661,8983,6063,7015,9854,6323,8935,2428,9308,7108,1354,5827,2480,1186,6909,4087,6228,2831,3661,1748,7934,9306,7552,3264,5372,5774,5363,7891,6850,1063,6659,3748,4545,2732,1872,4720,1969,9076,318,Web Attack - Brute Force
3717,5491,1374,5442,8679,450,8544,7180,1940,2367,7887,247,3503,8759,8875,8835,478,2760,7968,5940,4452,1368,2226,3612,5562,1059,1644,5265,1811,2193,167,7442,4182,8345,2544,3868,8506,5950,8914,2309,6630,6686,2023,349,9015,8629,8360,7953,3301,4118,6819,2769,4499,2180,3345,2665,8423,9250,2542,9325,5440,8148,7110,3880,2737,2431,1387,9629,3365,9921,2439,1316,5204,5004,684,6440,3087,Infiltration
2113,957,5778,8079,6028,5700,3094,2807,7582,9012,887,6015,5424,3993,3084,875,5269,7508,3996,556,5293,8900,717,3665,6547,5196,2019,8482,2183,3879,2936,6691,7045,2813,1237,4841,3043,6472,3087,3558,5293,8890,2853,1845,6362,6656,7566,3182,463,3860,5760,7260,450,1915,9115,3622,7076,315,4766,4793,1376,2815,1262,9319,2925,9244,3468,4021,4409,547,4891,3523,7042,9721,5605,106,9048,Web Attack - Brute Force
5468,5852,1250,6739,6132,1611,7928,1790,7217,867,2769,327,3816,3148,6776,2555,9322,4336,2482,3099,9748,5786,6732,7985,6054,568,1654,7132,3733,3229,6811,8342,1795,6539,8540,6214,8588,6145,2609,9350,8337,2226,8455,5930,6842,3080,987,9539,1360,7050,7546,1726,907,9375,2824,9450,8025,8390,9248,2455,5208,7774,3365,9452,5279,5951,9505,6697,8769,6676,1020,3844,3573,5442,7914,6058,7951,SSH-Patator
8520,546,8530,3181,8998,9225,3987,3333,2740,4901,9888,5708,2082,4652,9877,4586,9795,260,3796,5982,500,1015,8105,7664,3963,5318,2706,6135,5781,2099,6386,5338,2565,8300,5016,8257,3081,4297,5913,2948,8405,6211,1040,7988,7473,7559,987,3195,5099,503,5344,8947,9533,8148,6010,1381,5602,7012,3726,1887,9515,3809,2131,2424,5439,5474,9200,1317,6647,3216,16,4670,9994,2623,129,1473,9141,Bot
9260,4311,9815,2895,2736,5098,1946,5559,8808,300,9176,4501,8352,5914,5671,8217,82,8364,998,5804,6937,3141,2882,7362,3084,2045,8952,204,5284,1552,7816,824,3748,5578,5912,7390,5197,9030,4695,6768,3683,1961,937,7595,424,3051,2905,2694,3595,1267,421,3266,7017,9849,2100,7129,8095,8876,2226,4388,2422,7226,9269,7316,2843,4111,5659,1903,4224,4979,5363,425,2401,8941,7248,43,6298,SSH-Patator
1559,6035,7071,4194,3951,147,2170,8303,5118,7155,7297,4163,8026,9019,9944,8067,2939,5727,8064,3616,5405,7285,8351,5880,1013,8743,7391,1175,9355,5247,7518,6290,1308,9684,9433,4827,5264,1777,59,9825,6986,7860,8527,9022,1592,4380,6097,6458,9151,5717,4166,6488,8157,9313,5419,9290,8334,1046,9260,7636,4187,3340,6177,4773,3435,7300,6902,5799,965,7444,9371,6678,500,4554,49,9161,987,DoS slowloris
6771,1115,3932,9671,4434,3567,1658,7944,5800,4376,8017,2815,970,7820,5512,207,259,5025,4358,8974,504,9765,1759,7514,7760,3794,3590,6970,9593,8980,6285,3329,4012,2092,2967,9261,1675,4396,287,785,2316,2838,7229,8137,8118,1265,2983,5901,7931,8143,8030,8262,611,7228,3523,5512,3702,5424,8382,9939,1628,7907,3372,8208,9789,9258,3139,2259,2250,6121,8181,283,5725,7918,5237,8794,9555,BENIGN
4075,6162,7636,5737,8992,8951,8002,7072,1493,9006,372,5587,7071,2891,6586,7623,3319,3967,822,221,6880,9579,3888,5300,3270,4693,7566,3993,2598,1666,4757,1554,6115,5437,6241,9272,87,7115,2703,2418,4147,1747,8232,38,7043,2151,3937,6886,208,599,8796,3709,7726,213,5723,6552,9768,6238,8460,2408,7972,4778,822,6100,2595,8117,3953,3831,4583,6235,8842,7983,6500,5851,1634,4814,1167,Bot
8390,6958,5442,9547,6360,6699,3505,802,7627,8892,502,5825,7939,6032,7406,4719,7748,2870,4758,5968,9610,1098,3169,382,7790,3940,9585,7452,6452,9844,4271,4323,2038,5461,8063,1985,1262,5731,5116,9903,349,440,2808,2562,3152,9576,8479,9189,2333,9614,73,9654,7544,6949,2205,8621,1471,3481,7538,3180,1730,35,1020,5534,7161,8009,3117,2535,4714,8337,4963,6091,1026,3665,1286,2846,8512,DDoS
2293,1612,476,7426,8974,1947,3331,5260,6066,7647,5469,1593,9939,7704,6154,256,6512,2991,1417,7760,7965,4114,8301,2552,9249,5407,4733,2042,2181,4492,3558,9813,3658,2694,3884,4780,3284,5952,7517,6162,5106,2166,4397,7668,3392,3711,5879,1586,9406,7138,7662,7404,9837,9542,8556,3939,3199,9818,9837,6941,981,3552,921,3658,3995,7064,5052,5406,4277,1474,7098,3767,6719,8594,9339,612,7286,DoS Slowhttptest
9805,3017,4788,9926,7102,3201,752,7556,1341,8696,7014,6755,3482,7728,5565,7611,7930,6517,2422,8865,5985,6947,8784,7635,3668,6462,3138,4509,2500,2793,4293,9904,5399,299,1906,2485,7459,8398,6120,8485,1873,6102,6172,6322,2088,7637,5311,6487,9964,6880,4721,3426,528,1924,6460,5976,6021,9552,862,4320,3494,6052,8259,1642,9212,5196,6999,7322,3143,1470,5678,1382,5396,9528,7114,9434,1705,PortScan
6063,7962,8096,2594,9871,1315,8139,8759,2704,9940,5725,4691,8839,124,9729,5097,4807,1970,2762,5517,814,3101,1654,131,8422,394,7319,3573,9173,7106,9124,5625,9601,4628,5060,7747,6269,6632,6755,6589,5589,2504,3033,8903,2976,1471,6595,1142,2568,1608,5552,1897,2192,1091,699,4092,2178,732,8704,2687,3756,6061,8623,6534,5385,4494,8999,1279,6538,2221,5164,854,3212,2586,4840,2768,7228,SSH-Patator
3340,5259,6740,9811,275,7198,3863,714,6054,809,3726,3978,9053,36,8114,8646,3308,2655,981,6447,151,8791,9514,5648,1511,2258,231,2742,7841,4462,7749,571,1202,9699,9804,9762,9231,6609,9617,170,5151,6406,188,4678,7145,5927,599,5301,3576,9145,5193,9817,1870,4261,2024,5494,8832,5453,1827,4702,539,7202,4438,3501,3537,6716,6818,6200,4286,4739,2089,5605,7340,6822,3321,2549,1216,DoS Hulk
6893,8933,6308,9906,5082,7225,7430,8839,2797,818,8434,6806,7001,7926,4104,8046,12,5894,7050,3017,7392,689,5878,3138,7976,8868,6327,4303,9515,1002,7408,8142,1765,9745,5778,2291,7730,4866,8429,6453,1584,1307,2085,31,7720,291,3686,1642,7766,8769,3909,1223,8638,4373,2579,1422,7558,6745,2609,3081,6734,8250,8650,103,4926,8980,741,9764,6444,4723,7659,5203,2976,7426,6503,8619,6486,Web Attack - SQL Injection
1944,6239,7422,5973,9463,5521,411,6090,246,6842,6564,2171,7278,7457,5718,2060,3334,7190,944,5361,9454,5284,6881,8367,9244,9509,7940,9866,333,9456,2945,4780,4656,2665,7131,4935,415,707,7788,2684,7494,3366,3503,4442,6180,2559,8137,3971,2957,6916,1729,9233,26,2583,9244,9866,3055,6801,1658,3951,7299,7456,9933,4137,7931,1714,3331,3347,1986,3544,6979,701,7737,9646,3786,7262,2471,Bot
5014,6659,4260,5545,3044,3883,2940,5161,1820,6884,2802,2463,3371,7222,8527,4976,5067,7501,2788,4125,3606,1540,8766,220,4922,5613,753,7488,7206,9212,9680,7938,1961,5958,3483,6635,8629,8670,782,5103,4167,219,9219,8029,7146,289,379,9570,6886,1958,8257,2183,3774,3919,6202,777,2566,7404,78,1581,7967,7839,2162,9177,1485,5745,2620,964,9020,2673,5293,7259,1718,1228,3778,1840,497,Web Attack - Brute Force
3305,7124,9356,1971,7587,3527,299,2386,3963,4687,4171,3859,9105,3695,9112,9715,7242,9941,6131,3617,2700,1005,1701,3302,8995,3366,3162,8306,2137,4852,30,5948,1805,6413,3569,9628,5310,456,448,67,4089,1862,1802,7554,8319,5895,9459,9234,5515,3738,367,6201,2640,4907,58,4256,8294,4941,4507,785,2446,9148,8628,2365,4701,7417,5566,8688,9558,9214,6383,1489,2334,7690,3389,202,230,Heartbleed
2962,2327,2784,803,5766,3723,6396,175,9636,5691,3532,4349,1543,5456,3413,7085,4179,9332,4807,7386,9953,1940,9998,656,2503,658,7038,8102,6025,9246,6498,6348,3041,2338,110,5187,1718,6516,125,8453,2934,5917,1604,7590,2082,8846,5093,7143,284,5566,8218,2274,3972,9783,9320,4113,6729,8348,1289,2511,5720,9963,1155,2788,5153,6226,2976,5251,3499,2913,203,1822,9551,8633,6971,7425,9507,DoS Hulk
9340,5782,7926,9390,6003,4175,7786,2859,2962,1367,5210,2909,3405,4494,820,7702,7255,2662,7104,5372,4453,3129,4616,8086,1666,7389,3400,2200,9084,983,6623,8774,6051,4115,2640,6371,3417,6587,9080,1883,4821,3822,8338,1716,5623,2477,9655,9502,368,9455,2849,2747,7562,7139,6704,1887,59,544,3064,6446,5803,1230,7542,558,9704,6063,8861,8449,1070,1050,4038,5146,4022,8336,2634,7288,8992,PortScan
2823,672,4422,1414,6115,3894,3846,9386,2024,1357,7476,8048,568,6490,7469,1945,8538,407,4228,8805,7131,8297,2218,7711,4357,493,3868,4385,5433,6228,1438,1352,8236,4910,2380,4560,199,4424,7847,4797,6800,7526,6020,2768,2407,5497,3791,3293,2846,7842,6508,3311,9629,126,5606,9812,7694,3319,8673,5431,4378,7169,2121,3135,6490,6140,238,1420,340,7520,4987,9678,4075,5412,8924,3478,8353,DoS GoldenEye
2495,7862,8052,8323,1857,9434,8863,504,7467,2156,9453,8484,4923,9251,5554,5738,2795,9393,6900,2160,7333,7671,6221,8910,9069,3267,4497,6976,8255,2699,5544,372,4027,8497,2514,931,7471,1990,3656,9607,6790,8553,5383,715,9837,8734,1547,7992,651,1050,4742,5044,5056,8994,7261,1680,9799,3522,2057,2721,4821,2563,202,941,588,8762,8387,9537,8609,1642,1365,7556,8,531,9744,1035,1617,SSH-Patator
3716,6075,1076,7603,4015,7129,2962,4840,912,4149,4070,5699,5922,8535,9384,5280,8894,1898,6555,8390,3232,2822,4484,8665,5500,1654,591,1848,5191,3041,167,4379,7661,6967,7283,4010,4986,3848,2181,9846,832,1021,3492,9086,9707,288,7816,1076,1371,1074,4934,39,4274,182,9951,9961,5496,8688,8788,2508,8876,8072,318,9627,2403,728,1287,4001,5606,8752,1375,9657,24,1154,1459,5107,4706,FTP-Patator
9412,2156,5979,7943,6042,8911,7486,1105,3769,2479,4731,3172,8185,7068,6557,3330,6022,2058,5690,5771,1870,3621,9337,3991,8316,8503,774,8885,5278,1376,5939,9181,2846,6817,7430,9944,1716,9818,6780,3331,9081,1378,4584,7381,4275,5538,9899,7310,231,9804,5422,4426,247,4378,3741,62,4223,1551,6306,3005,3322,7997,8486,882,393,2739,4167,4413,4690,4474,4231,2777,1401,8086,905,529,8011,DoS GoldenEye
4618,3721,8578,2621,6726,572,643,4071,8071,7013,9484,5605,5682,554,3393,9135,4568,9185,3459,1121,5530,5109,55,9948,8849,8451,4736,2609,3909,403,794,1561,9375,7423,6795,5492,9944,4999,6198,5197,3562,1694,855,9487,4755,3621,4206,1038,4596,4513,4370,7661,5316,3447,5850,7230,3432,7116,5229,2241,7818,6998,4894,6444,3015,6815,4864,9676,4234,4956,2339,8526,6842,1858,1207,924,2945,DoS Hulk
5429,4439,7591,5892,5945,7691,4027,4295,7479,4661,2398,27,1898,7300,2427,1625,2036,9502,3355,7046,3720,4902,5236,8280,8313,4961,32,4698,8887,3841,8716,5444,6177,8438,3926,2959,2227,1393,2023,6064,7562,6639,2478,7374,7929,4459,6453,9173,8418,1266,2057,7996,2941,156,6998,760,8965,6407,9744,6731,957,253,7885,1569,7493,7505,6883,5006,8999,5768,4916,9973,9413,7541,6707,3200,6557,Infiltration
9071,5088,0,166,2063,8303,1125,2641,1429,6101,1634,8862,3111,1690,7715,6640,3957,9156,280,4446,2808,5402,1964,822,9629,2061,5175,3865,4294,9656,77,2159,3187,9357,7135,789,1563,1322,6673,1502,7116,9683,1659,9507,3062,8316,3062,8710,2070,4257,2553,1044,9979,5957,4578,5621,1966,4969,2250,8333,9195,2014,4624,3608,6719,9160,3925,5868,804,1334,667,384,9800,3254,3440,2748,12,DDoS
5403,7454,6151,6230,100,4978,9504,6534,4704,449,3167,5380,8312,3856,1075,4413,701,3348,8185,6836,8212,5834,2249,3222,4991,9374,8118,2551,8257,8102,8663,2214,8534,717,2460,3255,5790,5334,6830,7754,6940,3632,9247,14,8208,9971,1949,8272,6799,6579,3079,8127,9210,8971,1824,6329,3864,2513,6710,8516,3490,8868,6125,8079,4888,2704,9386,6260,9096,4597,2904,1123,6935,4316,2270,2724,8121,Heartbleed
2258,3862,9122,3646,7025,1271,8989,3463,8608,4941,897,8244,605,3677,4547,8652,774,5256,5491,4030,5156,5773,7175,3518,6775,7606,5378,6673,6444,8676,9379,3727,3996,6381,9901,6812,1989,4345,8174,2714,7046,4186,338,9853,5968,7684,6721,8361,6505,6387,8010,6476,3012,7484,2610,2473,5255,2688,4804,1290,8298,2607,8078,1688,6511,8197,8714,6672,3343,65,3410,2981,5588,2815,5096,2017,6673,DDoS
5720,3509,6386,3534,5136,5585,8554,7158,1634,524,4926,1722,8611,6929,6157,3864,1067,9592,6438,1419,7271,4002,629,1834,5318,5000,4131,6729,2353,3055,8203,9623,3157,6082,5863,9626,956,3858,4808,6138,8432,7884,7041,1955,4991,4065,2803,1024,8792,2329,2698,4694,3026,7847,9334,1011,7043,5624,9295,9838,1700,218,8078,8918,7152,5826,5585,8058,811,5456,7677,4909,4709,4521,9775,4037,9074,SSH-Patator
8011,431,8175,9139,9859,6548,2539,390,82,1002,8672,8968,7396,9946,9440,9328,3256,9727,3244,6007,522,1694,2252,4837,7326,8469,147,8148,3620,9131,3709,4337,5094,9415,7472,3363,3023,1817,683,5507,6731,9424,8808,2910,2017,4223,2184,1357,6691,6531,4666,7397,2468,7291,7255,3920,4236,1939,3856,50,7130,1360,6805,8557,6030,3045,257,44,8460,1334,671,7000,3638,6085,234,6834,3207,Bot
2400,9609,5089,7551,5005,7490,7740,8631,5182,650,33,3032,7644,1110,8653,8513,4510,1874,3039,1256,3240,4263,5269,7717,1409,1832,2024,5736,4993,7634,4957,3213,6208,9644,6453,2753,7328,305,1384,3367,1574,872,8360,5578,9795,1030,7764,9926,6731,6905,4442,3667,1276,6553,542,8546,4808,7731,583,510,6676,6671,9138,7695,3473,1198,3995,4535,5871,3303,2447,9408,7739,6844,1290,5834,7549,DoS Hulk
7428,386,8603,2006,5213,2147,3868,9530,6037,6637,352,4964,3188,1302,7749,846,7521,8717,2524,1878,4105,3630,7670,6667,2819,5979,8077,9250,2489,5688,3264,6023,2293,674,6257,1011,8985,232,3027,3609,2173,3384,2328,797,7121,3684,4487,7690,2589,4701,8700,7667,6414,1463,3110,1047,4871,5289,4435,8360,1561,7859,6805,7812,6286,7843,574,9934,4016,7227,4024,8722,990,2120,4964,2441,5877,BENIGN
2520,4408,9653,951,964,2134,4454,8886,2244,2803,3911,1408,5237,4593,8051,8653,7663,9809,7113,8142,6377,8608,5601,1388,6296,4367,9938,3978,4490,852,6377,9903,6501,8114,8428,1056,2260,9217,908,449,568,3498,5870,1308,717,9161,3345,7214,7682,2718,9095,9642,1455,7297,7035,4230,531,2267,332,5249,7199,5721,9513,8012,7928,9900,6500,400,7039,3991,9670,1057,7933,2993,8233,26,3533,Web Attack - SQL Injection
9362,6639,6629,7627,7042,8902,2018,4878,2898,6075,2047,5202,1558,1722,4052,1651,5222,1778,683,9471,2010,9407,2582,8505,7443,5492,443,1671,3266,7425,5909,7014,5479,7819,5141,715,891,3807,500,2640,9545,8894,2333,2194,6937,8575,9077,1591,5059,4398,4440,1783,5385,4117,6982,2583,9921,8454,2430,5669,7060,8583,2936,8731,9307,6709,9075,4323,6616,2419,1399,9768,2084,7804,6987,5156,5309,FTP-Patator
8281,7048,4190,1654,7553,7452,8557,3960,6834,5091,518,3710,829,6627,8462,7988,2986,6775,6690,4814,9199,8796,176,9906,8828,6170,2623,2778,3752,8852,4365,4340,4755,8276,3670,9098,3521,1875,3958,2136,9045,506,8599,5390,8715,5613,6750,3050,7092,2397,7912,8519,1309,7202,7700,4718,5950,755,145,5116,3574,9819,4923,1858,4722,3598,629,3518,6558,4352,7429,9096,5555,7997,107,9234,9580,Bot
5498,4255,4195,8456,3821,676,5178,5566,3969,5420,607,5674,5888,5332,7356,6786,2394,8070,9352,5149,6289,9683,2021,7784,4598,3015,5310,2048,5969,893,9279,6087,2933,2281,8264,1380,483,9221,3779,6101,4954,5953,6280,778,3475,4723,6886,6713,8601,1059,6373,7394,2309,1600,2233,9844,7353,9489,351,6469,8656,3166,5253,2209,8747,299,3866,8547,563,4888,9214,1190,3210,6378,9218,8447,2418,DoS Hulk
2563,2951,7383,269,6619,5647,9119,8255,4555,1042,5444,5003,4188,9001,3088,1646,487,3081,1747,8940,527,1167,4610,4472,7661,5804,483,451,4069,5655,7207,4397,5671,3133,1773,5622,9190,7412,2065,8589,6332,7913,9995,1946,3415,1394,2421,3919,7345,3083,8030,8120,1844,1804,9081,2503,1893,1666,4344,6591,3065,5075,3075,1259,2220,5441,8978,4935,2447,3129,1898,7697,6691,4503,3949,8010,7439,BENIGN
7959,6241,7906,3022,1266,478,4296,3977,6068,4274,6413,7791,485,4673,337,9052,6900,2003,1471,6727,2042,1519,6489,8893,4388,7856,9365,1605,5664,6939,5117,5379,2124,4991,6794,1446,3306,2372,150,1659,6139,9070,7199,2319,2883,7803,1515,589,587,2619,5487,6223,9387,4353,2605,2538,8757,1756,1360,2373,1195,2131,8009,5643,9759,3410,2367,3343,7281,3097,9452,1333,7165,3336,8157,3084,3387,Web Attack - XSS
7805,5101,2431,1016,641,4062,8507,440,1138,9106,5243,2303,5950,7046,6606,3421,2078,6103,4150,2200,4551,6429,8227,9009,1946,3956,2225,7715,3325,8699,3745,8160,4814,8651,6103,1405,6090,7287,2036,6034,2677,6144,1744,9423,1177,761,4778,6458,5623,4714,3726,9735,1933,3561,7179,4444,2964,9222,7224,8781,3101,3897,3678,1843,1938,8444,7866,7083,5372,1466,735,339,1376,4719,704,3724,8189,SSH-Patator
5259,9660,552,3491,789,1173,552,3422,4211,8823,269,860,290,9649,5870,629,7007,5943,474,4632,4080,1760,4708,6920,3398,3561,3844,3804,9816,1508,4110,4853,6831,8195,3447,5584,3791,5081,9352,833,5335,5487,6260,9394,2175,9573,4173,2788,7460,8533,9553,6721,4191,7312,8187,4616,995,356,8377,1693,2590,9534,7921,1691,9274,2057,2904,4451,6937,2380,8208,8515,2070,930,1444,8594,3402,Web Attack - Brute Force
9698,1521,3098,8120,7355,2187,2568,8283,4947,4940,4762,1753,5054,4892,5781,87,1641,2962,5413,7420,8742,6910,5173,5229,8815,3757,4796,3292,3832,2611,8353,8228,9037,6766,7537,5296,3346,4054,4200,8527,1560,7522,4164,6720,8853,5439,4852,6595,6713,3183,9677,8032,2409,4298,2534,5599,3,26,5161,964,6207,3096,71,5601,2947,6238,4490,2411,8308,2924,2837,576,8963,7907,8391,1755,8371,DoS Hulk
6883,8163,6139,2988,5784,9794,1119,2214,8000,8065,2901,1085,173,3532,1238,4834,3813,7084,8012,1973,3782,2244,9849,8604,7221,7814,1382,1123,5181,4012,2243,2589,9970,1129,8836,9749,6299,4501,7039,2773,2785,6940,1706,2601,8566,1612,454,4297,1475,9045,8915,1391,8453,8008,8734,8742,5425,637,8356,2805,8812,1223,3342,8242,488,5142,8856,1246,6061,2710,4361,3952,880,434,6124,8104,5184,BENIGN
9984,2798,7603,1493,2679,1625,3017,1847,3246,9730,1316,9911,1950,223,2026,1547,3778,6511,5785,7757,3723,1523,1972,4604,616,4515,5191,5774,2621,2093,9956,3176,9324,7484,3570,1066,2146,705,2358,3534,3812,3768,5978,2319,8163,5221,209,4834,2807,3962,2390,5519,4794,2444,8332,8483,2864,4177,2607,3936,2917,2218,1797,9168,8771,2573,2589,3283,9991,1461,4417,713,2423,7220,1890,3567,5375,Web Attack - XSS
9870,2147,9109,1806,4051,8751,8820,3762,9198,8240,6910,6173,2132,6932,1525,328,2657,8779,5972,5368,5971,3205,6833,6141,7532,7907,1598,3851,7582,7823,4607,9600,5507,5934,9203,5568,4659,4398,6242,9521,6611,6712,2023,6176,4507,3185,7723,195,9982,1106,2789,8730,4784,718,7076,3995,305,5430,8579,8916,8186,2596,2435,8370,1903,9896,3383,4175,7181,4542,5491,8287,1283,247,6642,981,4363,PortScan
2141,735,448,7534,1835,4715,613,9625,6234,5628,876,9325,671,1630,7439,360,7373,3901,797,1783,7051,66,5677,2090,6070,5932,8425,9414,1055,6256,3347,9361,4101,7507,8685,3179,6214,1363,7267,1056,142,4831,7799,2264,1924,2481,6977,7896,3125,9133,9807,7050,6011,4150,9663,9250,7004,9198,1220,4661,4866,1797,5974,2871,8705,1617,7005,6071,4612,3757,2032,8896,9865,4953,4314,4663,9969,Infiltration
5632,5496,892,971,102,9299,6051,5145,3246,5854,3712,3417,6445,5417,4151,6517,3659,9111,7506,4552,5673,2157,581,795,1883,6044,9001,5220,572,1206,3080,2460,9933,4005,4925,2613,1715,5245,1569,676,2513,8992,9333,3052,2031,1508,9302,4329,912,5243,5322,1055,7630,7107,5670,1750,7575,6387,3012,3428,6463,5138,8548,6260,5255,4391,7547,7322,9809,9815,5224,9857,7951,9787,1989,8720,2604,DoS Hulk
2407,63,2812,4027,101,3135,1180,5509,7530,2728,7631,8590,404,2873,3268,2694,2467,4315,1921,3959,6840,9732,4848,7623,3368,7872,679,7506,747,1321,7927,3748,5862,4789,533,1818,2341,6694,5006,4545,9660,7227,4907,7978,4485,1235,9900,7655,1145,7420,1475,2921,5679,7696,5415,4938,1604,5047,8743,8175,7619,6117,7929,1836,5904,6476,7273,9316,1382,9962,3400,8056,8226,2204,3344,3014,7919,DDoS
9972,1628,6764,9521,5745,9751,8996,1290,7010,2586,6123,4930,2550,955,8771,1997,6983,9857,7129,2130,7209,6299,3740,2500,9834,7451,5307,6767,1497,8813,3144,9651,8025,292,8846,2804,7604,7139,7828,6203,1621,7871,4014,3505,8710,2685,27,265,9498,7105,6906,5075,5819,810,4676,3390,610,4546,5027,5724,202,401,2027,9081,178,5817,1979,7185,3984,5665,5021,5522,5512,2983,8542,4282,5528,DoS GoldenEye
7988,7275,2787,4626,6561,6352,4808,8629,5888,5737,2358,8574,5390,4216,406,4340,65,227,2184,6800,9704,7751,9121,5823,1180,9231,1101,2099,513,1832,7137,5807,3116,5850,7598,4343,4628,6184,8981,1300,1947,2242,9286,1358,3656,307,1450,7366,2123,4882,2842,1664,6373,3948,9586,4072,3634,214,3072,4472,2459,3706,1206,8601,3469,8407,4847,348,3651,2878,4749,3994,2,1117,9274,6883,1517,DDoS
3579,2379,9204,4264,2823,848,9896,5036,205,520,3576,5113,6258,6807,2134,4838,2475,5817,4545,7793,785,8143,7708,4097,5197,2157,8870,3528,3559,8134,8562,2937,8172,8138,5141,721,923,5391,7657,835,2493,2979,2424,4521,2376,453,3459,3547,1148,522,4577,121,3618,6630,3722,3083,5930,6723,4813,3307,3642,2817,7421,7047,9676,8468,5588,7387,9440,9316,9849,9945,3402,4332,8943,164,6989,Bot
1956,3860,2775,1768,6226,6621,782,7820,9146,9851,140,719,1650,7885,3573,1015,4383,8534,6292,6353,9167,3120,1823,4426,10,4604,9660,9305,8813,900,3747,1471,6861,3103,8518,73,250,2497,4628,8487,297,8493,8776,6517,1634,5005,6029,8244,5615,2844,5623,4590,4948,5190,7884,6332,662,8199,6475,3087,4761,668,9477,3620,160,6460,17,2533,6510,4446,5554,2918,9245,315,4832,2211,7069,PortScan
6422,4527,2715,8825,9897,6665,7107,5132,8864,8662,6782,2607,3332,4697,9574,6745,5634,6260,1185,6995,6109,6441,915,7464,1617,9875,2425,425,1787,2584,4648,168,514,3435,4525,2616,8882,3204,7765,8544,1117,1405,5414,6341,4174,677,8742,9011,213,1666,9085,4254,2786,8213,5860,1261,1172,4880,2054,2815,4674,5196,4584,5021,6230,9979,2631,6345,8096,6300,7348,5844,2176,5362,8097,5599,9068,PortScan
4258,9146,4119,6640,4288,877,4485,2544,5059,7164,2600,3528,2408,4860,3948,9430,2334,767,4883,4206,5948,7085,744,4174,9709,7198,2556,5066,7797,4161,9586,286,3247,5099,3,5935,411,4345,3727,1356,8349,1600,7157,5706,5559,7196,5073,2382,152,9821,2796,7282,6951,2805,4080,9247,5850,7362,1328,2392,3153,8192,166,3254,5060,1885,4368,7529,899,2248,3412,6449,9411,3132,8155,8136,359,SSH-Patator
7647,8525,730,7067,9689,1417,7767,7888,3763,9935,6928,5696,878,5482,2884,2297,8852,7371,3985,1269,1294,1009,1757,7776,9383,6578,8180,9245,2841,5716,2404,3562,1271,9911,8444,2768,9751,7801,8928,6142,1928,6266,5413,6828,2190,1002,6654,8094,6067,3752,6200,4137,3702,5943,4438,4427,5556,8532,2388,6992,6325,1700,5383,1233,2298,8329,2930,1833,2139,8399,9879,6436,2208,7553,5622,9042,6286,BENIGN
3690,2609,6178,223,3774,9603,7916,8514,5973,9703,2086,6896,7483,7663,7284,5461,2287,8878,9660,4835,9188,2534,5530,622,1075,6876,8495,8855,5237,3994,2694,4304,3198,5412,8710,7389,4433,5909,8017,3810,912,7442,4902,3188,9507,3228,571,7768,5135,8289,4033,1639,6443,4842,5541,4027,260,9127,1797,331,4210,8459,2059,72,5111,2921,3888,177,1999,8963,9137,7426,4495,269,1655,2533,4982,Web Attack - XSS
6118,8696,2404,2201,6019,5659,1153,4161,1336,8598,3478,276,6758,3480,2361,5368,8652,2446,9774,7601,5051,3517,4802,2375,7850,6744,6389,6248,971,7136,9517,8344,3960,3086,8921,3967,4951,4002,2332,9765,4375,685,3888,9771,968,7320,2033,7075,5261,8959,645,4121,8112,9271,6436,8828,7097,8292,5586,868,5914,8213,6355,1903,2576,4109,4614,8014,3293,1935,615,5057,8478,1923,6455,7604,8152,DoS Hulk
5193,9184,9776,1903,9067,143,7496,2256,9314,699,6318,270,8254,1007,7203,3724,6599,9484,6487,7917,4509,5400,4320,9369,5472,7206,6872,7923,4716,7118,2620,2536,5103,7080,5317,1195,8699,404,1294,6054,3625,7868,2819,4759,5745,7564,3637,1873,1406,5514,1577,7772,5379,5311,8828,5547,807,2395,4524,1415,7508,2449,3496,7103,4732,7022,7495,8706,5099,7332,3294,2908,5416,9558,8532,9752,5670,DoS Slowhttptest
2428,3688,6148,2027,7171,315,3989,9293,530,7884,1859,4757,7872,9411,9958,1067,727,243,9977,711,7924,9700,8462,9989,2560,5139,3560,4003,2177,837,3714,3078,9968,5032,1650,2948,2520,7269,7597,9364,362,8841,2256,7352,9327,4358,5297,4861,875,5955,7129,3851,9344,7805,6656,1922,8820,9916,1128,4561,8955,1019,5024,7574,3927,2841,5477,8866,1008,1226,1635,7261,8515,7529,1685,3712,7058,PortScan
2944,1327,5906,8830,2260,1429,9153,2962,7386,2468,3228,8320,4399,3966,9108,5281,5017,5155,1250,4688,4073,3787,9131,5658,9193,3772,2212,6867,6963,9802,9819,5693,3991,9295,2187,3032,3903,8220,9452,3670,5727,4894,5518,2336,3323,7120,7859,99,3656,6786,693,4801,8209,3709,2770,1030,4475,4209,6995,1619,9042,9167,2516,9707,7995,1125,8684,6906,5604,3036,2526,166,4189,7348,575,7171,8797,DoS Slowhttptest
3343,1818,9347,9007,6023,9727,7979,9154,5171,5409,4541,6380,3860,1514,1067,881,6909,5032,6502,3639,9741,4557,8292,3532,2816,6411,407,7204,2515,8133,1739,4052,258,8700,5786,3683,4720,3726,678,9475,9098,8459,6126,4906,7898,1200,5355,1116,6344,5930,9090,1058,7284,687,5577,5590,8152,7063,8979,8395,2491,4822,7004,7011,5700,4862,5350,9418,9105,9611,355,3472,8432,7710,8812,854,6363,FTP-Patator
6704,3624,5446,9252,8573,6031,6182,1132,2476,3135,2079,944,5840,3962,6674,834,3750,4184,7178,5168,4991,8146,5290,4238,8398,8165,3534,2052,8151,28,9405,8379,1860,7934,2572,8051,6128,4014,4252,2127,2707,9933,1813,7816,8351,8535,8396,8496,8591,6249,6485,9177,1805,5047,5540,2096,5337,1459,6934,9537,8422,3782,3500,9074,5605,6419,8624,9400,7889,5238,1817,7570,5103,617,8509,6285,456,DoS Slowhttptest
8074,2315,3874,6630,4973,4774,1003,6848,4196,6715,1066,4716,9820,6608,3234,6494,4498,5267,6171,8095,3669,4715,9657,6069,1961,875,8734,3516,3865,4499,9210,7233,9620,5947,574,1458,7395,9691,9683,3172,2470,3427,7798,7736,4206,2200,2964,6905,3313,2927,8873,8470,4458,1648,5527,9350,8184,2341,1518,1838,870,5538,9533,5477,9363,1128,6499,1284,8762,2864,6045,1977,8638,9472,5039,7039,8828,PortScan
4626,118,7999,2292,2104,1067,423,3819,7703,1280,3432,762,1629,5499,8634,3014,1497,8280,9171,8653,3552,7637,8571,4496,4646,2983,3060,7834,6804,7510,2950,4540,7418,6063,7661,3421,1990,3856,1482,2545,4220,642,3918,1586,2409,6504,54,841,6928,4587,9176,2906,5088,5056,5982,2272,6141,8015,8294,9161,1071,736,9557,6376,7749,3630,227,6665,5711,6156,3570,8636,7993,1619,2204,2703,7742,DDoS
7574,9373,797,9026,2999,2764,3684,8199,6239,3874,3329,6069,5584,8805,8880,9089,8301,1160,3610,4744,7331,2003,8035,1527,7318,7234,5169,4610,6721,8697,4250,6626,2855,3964,7935,1674,9382,2392,6878,1921,4433,1827,716,630,4860,8276,3768,8928,2707,8418,3357,9499,7860,4204,4230,5033,4386,8157,7675,9844,1867,6965,7196,26,6156,9124,6588,5767,466,7689,2700,9690,8809,3777,2687,5332,6806,BENIGN
9696,179,7996,5464,6720,921,3092,5527,9702,7465,2719,8113,9215,151,8204,8906,3625,8440,1144,4482,4534,720,4568,3229,1006,4728,7099,7116,3813,537,2685,1980,5906,539,7046,7261,8675,9220,6300,51,8434,1686,2821,6563,8120,8096,8616,8886,8545,3690,1689,8484,716,7283,4575,4572,637,7979,9491,3948,8881,5550,8903,8630,3341,5550,4238,1783,9059,1488,7160,467,5583,1417,5905,1776,1081,PortScan
2925,4084,7628,6195,1011,7902,813,272,3644,1716,6276,6232,6828,356,203,3745,1596,6614,496,62,1579,8731,4293,4876,7850,4125,2713,5328,9272,7887,3379,1598,7633,9820,3178,8044,5113,3372,6763,1069,2776,1192,813,1152,5832,1883,267,3671,2812,6562,7013,5177,4085,383,2850,6721,7083,1049,1833,8989,4467,2975,5155,7698,8000,1290,7961,7599,7186,7506,2187,8258,9584,7791,6770,9893,8770,DDoS
1605,7987,7165,6054,4505,7247,5807,6256,8051,4284,2154,7742,2804,2220,9190,721,9406,9885,6974,5803,3394,4025,8128,5156,4812,8650,9893,8818,2456,206,1356,7461,7156,8151,6522,2673,1049,6823,2591,6876,4004,5973,8282,8667,8056,2046,5307,7736,3690,3266,4629,2745,7023,8276,2639,4936,76,6473,3504,2424,6484,5296,6567,6086,2221,405,2129,6834,397,9992,3473,4989,3926,1944,8629,5391,5399,DDoS
1610,7830,4604,4000,2664,1065,5364,9468,5393,7102,7501,603,5130,6295,8380,7103,8867,637,1844,46,819,3807,3022,1080,3146,1277,6741,2217,5265,2886,5634,8987,3328,7293,3006,6958,7972,4143,5517,1218,8018,9952,8916,1344,137,4450,4906,2759,58,770,388,3422,7012,4852,595,8627,9665,1982,8965,8209,4330,5429,1692,2770,4376,4926,3267,9330,7564,1695,1586,4680,5447,5460,7965,2268,7249,DoS Hulk
3486,5801,2749,7785,6975,1405,3575,2727,6487,6291,2501,937,1755,3390,5816,1216,1203,1890,8582,7688,6500,6716,3746,8290,2195,4665,9193,7349,9762,4398,3629,7766,6147,1063,8830,9334,8743,3275,976,4069,6402,345,4942,2942,7404,1076,9363,3770,5652,8424,8048,450,9554,350,9500,4004,4678,244,4645,4734,440,9659,5915,411,813,4678,1730,6643,1974,549,1937,203,3588,7083,2536,5788,8298,DoS slowloris
2701,7825,5974,3936,4090,9149,6956,9252,2546,3736,1672,401,8793,4313,6352,8479,87,7146,6279,2205,2967,4250,3534,8411,9674,3238,8513,2738,4936,1836,2559,1568,4720,7957,8544,9220,6525,7935,9119,8221,7514,7065,6737,2540,3819,8686,8023,9064,834,3324,629,2986,8221,8079,7933,3782,8998,6485,5406,3468,7144,8412,5275,5867,9535,6516,4626,2262,2414,5240,9049,5122,4993,8964,2492,8211,8997,DoS Slowhttptest
2175,2405,3363,7341,7900,9072,9525,9876,1605,2557,8635,2042,778,3159,6395,1746,5974,5150,420,2108,4674,5345,3996,6082,9550,3910,2626,490,9487,5932,3371,4064,5837,4989,5971,3380,5689,8603,9614,7473,1676,7790,5282,9838,2711,9431,602,1937,8121,8217,6812,1067,5252,5863,379,9476,5502,3182,3747,5196,5132,6040,4120,8737,5259,8466,2922,3387,5442,5552,4013,5367,8302,6959,9947,6290,9559,Bot
9720,551,133,6607,6599,5124,1060,7384,2186,2665,3170,2646,595,4106,5817,3421,2278,1164,617,450,9990,7372,1892,5528,2454,3808,9476,1757,222,6953,7036,9092,2365,1609,7221,1223,1907,9554,5810,6448,7966,9460,4937,5748,1231,9939,737,4436,2979,9973,529,7141,4418,9396,1986,346,5825,1215,8045,5798,244,7058,132,1370,1087,9839,9912,4002,8310,2903,6822,894,1265,6423,362,7164,9965,FTP-Patator
8505,5632,1706,7334,6913,9981,2393,8126,3694,989,3680,9096,6410,3397,3997,910,6586,5981,9937,2123,1851,6456,1615,9397,4026,6869,2446,3312,8014,6857,5019,3216,5475,3669,2524,7498,1961,6303,4625,8292,9505,3448,3244,6047,4674,1214,7606,3626,8981,9558,7875,6268,6812,5479,8694,172,886,9609,6263,4368,9601,7056,4953,260,3352,1352,5243,9691,3006,822,531,2820,166,4926,1055,1254,4286,Web Attack - XSS
4007,7758,9723,9164,7889,4744,8297,9796,4287,1002,84,2995,5156,7194,5783,5695,153,9653,6414,6684,2019,9289,570,7922,8340,6153,2691,7669,5507,4869,5849,5967,3655,6671,5669,9904,2492,9536,9298,6512,8774,4350,6599,4656,8511,4315,4794,1437,31,714,7955,9231,408,7346,8038,7740,7664,5031,1127,5436,8898,782,5300,2179,6806,1178,2406,2807,2764,2724,2535,8404,4861,6300,7856,3146,6578,FTP-Patator
2889,644,5951,4222,4320,3088,8688,8664,3382,7925,1160,4312,8387,2248,4461,2766,1551,2447,5644,4309,7496,8310,3496,1716,4937,2914,1672,9394,1455,6545,7026,3978,2471,8309,367,3176,3374,6773,3812,6291,5985,2197,4911,900,192,2770,5180,950,6679,3606,5038,257,1221,650,2425,9114,3159,397,5301,5402,7700,560,8381,8396,5099,3371,3041,6844,9897,5398,712,3456,6947,4406,7649,3877,3522,DoS slowloris
4112,4565,4906,5423,8746,4977,2678,8775,4941,7329,841,4038,1804,8921,4349,9655,4946,7118,6657,1572,6240,4966,9585,256,127,9574,6867,7854,2205,8513,4379,8067,6277,9708,4324,8310,7081,2371,5016,6302,6382,6539,6452,6392,4796,2441,1017,4501,3047,5794,4250,5947,8385,7391,2446,7123,1399,6295,3687,7864,6127,552,5543,8921,2560,5108,4266,4945,8985,5684,8316,8366,2551,3848,3456,2758,3755,Web Attack - SQL Injection
8119,1660,8229,5586,3576,6458,9500,6125,2923,2708,4171,8422,2750,7476,7931,2804,5444,841,5575,7510,6405,3534,7857,607,7394,4618,3960,4257,5612,201,6559,5131,1364,751,7545,5344,1205,9512,3887,1330,8622,7519,4683,2274,7523,3365,1263,4236,4299,3733,1665,860,844,136,5747,6494,5786,9345,9170,8760,6200,8325,2061,4378,3730,8318,6122,1795,4313,8187,4840,3726,259,1241,1843,5777,9704,DoS Slowhttptest
2280,9147,7796,4567,9300,9734,8572,1255,6462,1658,2648,3371,3429,9772,4860,7620,2932,5086,9778,6649,8119,4983,2521,2702,18,2569,783,9898,414,8555,1103,4891,5309,1171,9890,8634,6408,4745,4561,8172,6636,2589,9695,5722,722,841,2347,645,8215,3272,6,3701,9463,5630,2556,2954,7387,6788,9791,9858,9253,4661,3801,5633,7413,1163,1281,8187,9400,302,8947,4259,5763,9418,8180,7575,9425,Web Attack - SQL Injection
9089,6090,8154,8183,5680,6511,3362,9646,2012,1100,9007,5104,5615,9512,4502,7623,4587,9224,6037,1155,9292,996,9627,5209,2545,3700,6765,4984,353,2318,8930,2519,5427,4603,8246,2084,899,8715,462,1501,715,5330,7174,3611,9180,211,7356,753,3750,3222,435,9427,8970,4929,1960,4272,9998,5813,1724,8377,1494,1979,5428,4053,8437,7160,8575,7209,284,5083,3994,8491,900,1459,2921,2533,6579,DoS Hulk
7595,2228,1921,4972,2387,1996,4825,5282,2503,104,6862,8630,1521,1351,2698,3612,508,5310,6190,1274,2822,63,3921,859,1547,2076,436,6085,3657,762,735,7214,7584,4094,6594,4728,9770,3729,7241,1076,1830,673,548,9128,895,2569,913,1176,7273,6696,4865,4306,3273,6576,1522,6425,7477,2802,3122,2456,1649,2320,1143,8237,3314,4406,2609,7591,3119,1400,9783,8199,9175,3597,9942,5489,3511,DoS Slowhttptest
565,7651,9092,2771,6777,113,531,9714,3410,9236,5839,8224,8324,1726,5070,8217,2648,9453,2065,933,1050,9008,6030,7116,5043,8929,6467,3602,6878,792,5963,9547,1385,1060,9563,7923,4138,1149,7693,7492,6327,3353,5969,4628,3448,5327,9692,5049,68,3508,300,6797,2600,2153,4905,4018,3082,7074,1239,459,7982,2626,3763,7020,2801,463,997,5641,6384,1678,864,9382,7736,2697,9056,2926,7542,PortScan
7410,7218,7025,2397,2221,5814,6504,7522,5785,9974,6219,3998,2803,4547,9970,6510,9017,3661,51,6058,3515,3330,7491,1674,6028,1361,8978,555,7792,9954,2112,2210,1701,2712,6463,2316,6469,1610,4352,6343,4705,9319,5491,9096,8355,9328,4710,2025,105,4459,3092,9344,698,8938,6071,5739,9152,3491,3297,2977,208,3316,5407,7233,1891,9368,3506,2039,3289,9644,6645,4761,1617,8186,434,1646,6667,Web Attack - Brute Force
5258,7190,1440,6095,6875,4443,4860,9125,9338,7713,380,9016,9730,7173,1637,7543,524,3107,8142,1093,104,1739,3126,1676,7904,8027,4916,2934,5156,1042,9633,1845,3501,1541,466,2944,4294,1591,4072,3572,9385,5978,293,9113,5858,1338,5209,3475,9733,2498,9099,5728,7317,2493,3088,6281,6795,5627,3990,3751,7241,2097,3174,387,298,4434,4061,473,5057,5289,4108,8640,2221,5251,3611,2642,1920,DoS slowloris
5994,2316,1274,9807,4983,7834,3618,259,3206,9704,5178,5358,4507,6458,7541,3508,7305,4994,8423,6754,8921,5516,5868,5799,2929,8509,1530,7913,9302,715,9533,7527,3312,7223,5192,7027,201,2140,9864,9248,3671,8610,7370,2598,8817,1944,2929,3383,3540,393,7010,6777,8823,321,4669,1693,1063,7921,3111,9668,3261,3086,3811,3351,7080,9150,4143,6332,6447,9774,7863,3176,2416,7668,8651,2311,1229,Web Attack - SQL Injection
9579,2797,1363,4502,452,3904,5996,577,3919,7317,3264,1931,4242,8181,182,8427,637,3005,3472,524,5659,2370,9476,1635,9915,4432,7467,4214,9773,579,7850,3941,8387,8524,3091,4718,8849,8895,5552,4978,9641,1252,8715,2422,8227,8967,27,7539,85,6909,4281,4653,8033,7664,5066,256,1447,5700,4599,3343,693,8674,3665,2674,350,8840,7044,8419,2063,5929,8616,7413,1821,4889,1585,9870,4659,Web Attack - Brute Force
3749,2538,9208,443,2067,8302,2534,88,3390,5237,6577,1941,3310,8263,821,8072,815,8595,1698,7362,5691,5729,1953,4963,5986,7752,4991,3801,8447,1931,1111,872,7954,4587,6479,1561,5526,4457,5560,7881,9085,7715,2684,9438,746,5243,6826,4085,6117,1006,8129,4310,9082,2876,9823,2026,5556,4107,5241,5669,5399,8933,3008,7495,3662,5420,2911,6897,5485,5838,773,2144,9184,5980,6397,8141,3237,DoS slowloris
5582,6288,8356,1897,5433,2567,8130,5717,6752,2559,9530,4637,612,7746,1884,4024,3134,9247,1622,3282,2610,3069,6486,1255,2660,9234,4452,9634,7102,4176,3686,5237,7661,790,8416,3034,225,5348,6466,3179,9003,4223,7520,4066,4362,5023,4309,246,5737,1618,8612,5160,1371,7728,4238,2612,2080,5919,4324,7797,2735,6083,7352,9021,3058,9041,5334,1153,4940,3079,402,2975,9794,7536,5919,6760,980,Web Attack - Brute Force
2384,8990,1366,2938,1262,7659,6187,8495,9885,2316,7909,921,7114,6574,8612,5529,3809,1166,8731,6268,5331,5029,1460,4687,5357,4739,327,5238,8543,5132,4732,3908,5291,8425,3122,4876,2728,9124,7995,1823,3500,4073,9052,1230,4395,6051,1476,2023,2596,7840,7121,2430,7954,6943,533,1256,1657,9344,1752,9875,6713,2978,4332,3653,3013,8892,7652,7100,4866,1764,1122,3830,6700,2958,9614,1540,8714,Infiltration
7053,5670,1738,4189,2533,5269,8690,2418,5076,484,664,3454,627,9876,8923,4287,9436,5166,3874,9331,4540,7476,707,8624,8664,47,1914,1105,3180,8549,567,8671,866,1028,1813,3728,5513,3526,4803,6569,1050,8318,6278,1652,8199,4708,9476,5318,5859,6615,8370,6593,3595,4910,3254,4453,2423,8108,4797,6981,9942,7937,6681,4877,4177,3429,184,3133,4978,8698,6137,1932,6174,5412,1196,5247,4181,Web Attack - SQL Injection
6171,2620,6546,8874,5931,1729,9609,18,5971,464,8882,9202,5310,8079,4020,162,9827,294,8770,7240,6844,1585,3380,5427,6812,194,9033,6343,2931,7041,5699,8637,8271,4840,7636,1860,5561,930,1934,4367,2171,3294,4747,4392,5238,2834,9846,7116,2928,7425,5750,6494,1672,8190,7444,4350,1287,6610,9250,8793,6883,5187,130,8044,8302,2734,9022,8857,1066,4970,3788,1317,284,6966,7794,4114,47,Web Attack - Brute Force
6138,4861,3259,7842,3415,6450,8759,6164,7787,4065,81,3005,8408,334,8750,9065,8944,8785,7068,9870,3897,7958,8101,4648,9674,782,3586,3794,9175,5597,7050,5051,742,4544,4355,3608,3271,2510,8285,6055,1375,9323,2516,6238,90,1479,954,8214,9917,3305,1721,9632,5452,2547,4923,188,459,2236,4446,580,2161,4715,9723,9560,5897,2902,8664,858,2440,1712,515,7355,1375,6684,3669,2390,3262,DDoS
2866,7848,9251,8948,3495,6494,187,4578,8093,2714,7408,295,3533,4140,4042,4270,3051,5465,7733,9992,6005,5870,3904,2261,9714,1420,6693,8296,478,5518,6577,6785,8884,3038,193,9681,58,1886,4573,5222,2580,4644,7623,220,875,1196,2709,2731,335,8416,7014,1247,8180,3957,7111,4589,1886,310,1604,5659,3982,8560,3546,4841,6174,5351,8017,997,496,5685,963,1198,5910,5484,576,3160,53,DoS Hulk
228,8970,984,8660,2467,531,8028,561,89,5735,9598,3145,1292,4110,7496,7559,3781,4067,3505,2391,1218,5155,2252,3891,9866,775,5229,8416,7553,63,1787,7091,5056,8069,9567,3915,92,1677,5508,5730,3864,4936,1401,1606,897,4587,3713,3131,1532,6535,7286,1798,8162,1351,7051,6858,9855,598,2044,258,4571,8003,6968,6176,7042,8579,797,5713,7311,4020,5911,3954,9819,4312,8980,5639,6179,Infiltration
2056,9255,7102,6644,5785,1447,514,1913,1951,5570,8965,328,8985,9153,6513,5973,1410,7714,1137,4666,5157,1568,4472,7566,3274,3273,6243,3469,5932,6564,5362,4636,5346,1236,4208,4468,2346,1042,4766,4106,8199,7320,3731,9765,7302,5492,460,2302,2633,9543,361,5493,7146,787,208,8458,5092,553,8025,9779,4516,6451,9310,1513,7425,5351,6749,7005,8412,2344,7154,1971,4438,5324,9083,5669,5161,DoS GoldenEye
1205,9410,1855,1999,2435,6780,3098,3386,5440,6436,1777,7403,6858,2939,838,5725,4759,4860,3138,175,4605,3162,2752,9381,837,7845,2733,7688,5206,2653,6140,7219,3349,3310,4680,2386,5191,373,4675,1261,7633,8312,5532,5842,3845,2884,4138,5623,2119,7716,490,3045,382,804,5585,9369,2217,9487,9109,7277,6594,6786,6166,2414,650,8169,4915,3198,941,8732,5805,3727,2529,1202,4964,650,3006,DoS Slowhttptest
2904,8505,4114,9375,121,6603,8360,3682,4724,4121,6864,7394,1729,5952,5129,1118,2168,7668,1050,8896,6640,2899,3207,8898,7674,3832,2008,4721,9789,1066,8287,1918,9457,8431,1327,6210,7448,7359,1142,3223,3848,1415,6374,760,3642,1552,862,9347,8548,9863,7209,1328,1029,2376,3241,3140,881,8730,3557,7063,2196,1950,9802,5937,3163,4463,4007,4675,4751,6219,8418,7530,7735,8783,2075,7772,9560,DoS GoldenEye
2078,7394,7013,3321,6011,2436,7087,9996,3359,1730,3662,5110,6618,6899,1029,411,1981,8853,9539,3470,1305,4680,4595,815,9668,5612,2037,9522,4875,7086,1149,6408,6,1436,3250,7663,694,5087,3299,4843,7737,4952,5047,7842,25,4547,2153,8019,3489,8523,5161,644,1852,7723,4130,3584,3809,9002,1311,1894,6238,4300,7788,6977,6173,6409,2070,2656,4134,4268,6010,3484,413,7841,8883,6148,4309,Heartbleed
906,3210,2719,4895,792,8767,9919,5543,3725,8191,5161,1360,2048,6252,6098,3196,9279,205,3315,6733,8814,1677,3012,7547,1871,8270,6558,9668,4734,5789,6934,3228,2335,1725,5737,9306,5985,7216,160,1425,1733,2522,7166,601,9747,4684,1520,2390,9097,9842,1117,7300,9716,4721,6141,3080,7939,4777,7265,3801,7057,7510,8099,6081,3627,4380,5379,2542,4450,6960,199,6996,2183,5043,4036,5012,7834,DoS Hulk
3972,9556,1852,8579,1662,7589,212,4655,8749,3119,6645,2691,1994,5048,474,9959,8233,3992,4823,3517,2268,9836,939,4438,6298,2985,4989,6028,9556,9042,8422,2499,7620,4304,2903,7763,7964,9430,2074,7825,2065,8821,3208,4674,9094,9245,122,956,5096,986,9443,4433,990,7925,5556,9093,6825,4709,7973,3580,2802,2204,871,2824,6095,3403,6153,5550,3882,3207,3097,3078,2638,5551,2946,3471,4302,Web Attack - Brute Force
9717,1482,258,453,8990,4470,2511,4170,8433,5136,1712,7426,2002,8151,6254,3327,8688,8035,3111,5241,8918,1831,1821,1816,91,3432,1969,2384,3679,602,427,9648,8198,6263,2434,1373,8832,5162,6840,3811,3306,8637,8704,9181,6356,1401,545,2533,2009,5901,4085,2215,4985,9019,2184,1275,9708,9504,5168,3523,8707,4783,1019,9487,7598,1049,2340,7573,9449,2278,2985,5705,1144,7630,705,2424,1934,DoS Slowhttptest
6996,1745,5764,9161,2546,5628,777,9525,3114,2936,4110,1345,2041,2674,7504,9747,689,9726,7056,119,6169,5832,1613,7623,3033,2936,5659,9341,5067,4802,9901,3158,9558,4490,455,7643,4620,8867,9193,9087,5099,59,6199,6311,5531,2764,7008,1794,5686,3487,4987,3421,6580,5532,1373,3553,3672,8144,9274,9125,5437,8163,7446,8749,5965,5915,9734,6115,5094,2382,4098,9199,9473,4358,8312,9096,139,Bot
1815,5408,4301,7285,9220,6778,8536,2419,3235,2594,1387,983,2122,5419,2994,7056,7548,6853,2900,775,4981,735,6777,7753,5147,1486,395,2001,8555,8062,7268,5877,4188,4361,6349,6180,7794,743,6162,373,5905,4127,8331,5689,3020,3292,6876,6897,5338,1564,57,3496,5394,5142,2948,4473,8564,3134,1587,8969,4262,6666,3678,998,8751,3343,3501,4014,5107,4328,4655,5327,7620,5858,5620,9112,7004,Web Attack - SQL Injection
7015,80,2661,4798,540,5945,6908,9466,2785,3486,3157,4717,5336,7165,2243,9512,2993,2091,5209,7645,5740,4154,8670,2665,6018,1756,9990,5713,3120,5151,5605,2578,1026,4473,4667,1954,9756,586,684,6042,3268,658,1296,1525,7150,7792,6604,5789,7420,5753,9263,6634,5108,5247,8401,623,9997,5261,4268,5984,3749,4542,10,760,9519,1177,9168,2492,2389,6364,2552,1482,2310,3741,7285,7617,3839,PortScan
2755,9014,3597,8652,5237,1740,2124,9636,5291,3097,5247,4469,8845,4999,8935,6566,7344,852,4926,9753,5068,5389,1318,121,4254,8498,9304,1896,5976,8006,8537,3911,8340,1039,9582,3904,4876,8309,703,2955,5470,6440,2024,4996,6569,4345,5862,5634,997,405,243,7967,2414,3856,6263,7938,9797,8624,1141,4126,3024,9364,7007,3456,5999,4197,9287,5824,6766,2852,2455,7514,1390,4925,2836,617,2469,DoS Slowhttptest
2702,6257,8105,3165,8451,4430,9238,5992,6597,1407,9592,9201,5557,6999,7589,3406,5700,8127,4227,9936,1545,7307,8132,134,2859,6003,1264,1772,164,8811,8422,6725,2780,7753,5298,9569,6814,3752,3972,3232,7594,402,7199,6264,4480,6619,2607,9382,8580,3404,5642,9965,789,6896,1494,2751,9739,6710,820,5140,5138,9671,2369,4065,1463,1907,6201,7895,7825,3965,9508,181,6000,7245,9152,989,9917,BENIGN
706,6652,4847,4330,1620,4649,6596,4681,8044,3580,8614,4015,3196,6149,4553,4010,6665,4646,6090,3750,9837,2536,3259,6879,7438,2511,2090,4634,567,120,6768,8507,620,4063,453,2734,958,762,9552,4335,6520,2051,6989,8388,7807,260,6746,5890,6053,1280,135,6099,7877,2545,8560,3662,6729,3454,4808,8048,6520,544,6216,7117,4599,3423,4805,4483,6971,7119,1097,6860,5435,1943,1719,5768,8482,Web Attack - XSS
9166,414,9042,7105,2728,7203,4641,741,591,749,2219,9029,8725,4460,7511,9965,7508,2653,2570,5748,264,3595,2034,3202,8573,9358,388,6197,2071,8586,7840,3256,4019,6058,6630,2859,2393,6819,6071,2050,3121,9116,4971,7695,3354,4474,3397,5417,3768,6281,2981,5521,3472,2617,5481,6209,3499,6995,7881,3592,8623,6054,7272,9304,4696,7546,6473,5222,2449,5802,544,6652,6327,7058,2628,3451,8729,Bot
8087,6661,3062,259,7551,4411,4841,7961,718,5196,2727,7546,8652,2854,5200,4067,9894,2977,3480,9933,8221,3493,9173,230,7526,5281,1251,5340,6889,1963,3166,1778,8052,4870,1147,2847,3850,3070,620,963,7215,2142,9692,7418,1326,121,4313,1076,1182,794,9816,4271,8483,7326,8682,2808,3428,8825,3499,2172,5986,3907,4699,7081,5224,3468,5760,490,4263,7769,8950,1197,1904,5269,1650,3191,27,DoS Slowhttptest
6260,2750,2879,4357,2832,3109,9652,5758,2921,1433,4428,7698,8111,3536,6863,1181,3405,3914,9975,3722,2642,7577,3711,2960,4830,5458,9771,1619,6138,6680,2340,9419,1728,3585,201,5985,6175,3160,1713,7872,7839,6859,752,114,5341,3980,6325,2818,468,425,8141,1575,833,4106,3703,1408,3481,6185,5821,6844,6395,8795,212,6411,4801,1758,5780,8973,1526,840,1341,1500,8121,5559,5926,8707,7675,Infiltration
6457,3256,2594,3656,9740,2086,3155,7188,6396,978,3047,2589,2006,6783,5942,2599,2508,8471,1193,5915,9949,2045,7796,8439,9576,9564,7602,3672,7181,44,2085,4511,6388,7775,5371,7948,6223,4323,6626,8814,8049,7091,8676,8216,1225,1248,8970,5026,2842,5698,1582,4848,9905,3138,4755,1517,4642,5196,3768,6198,8072,9688,5558,9927,1343,5490,5335,48,5916,2510,6225,3660,1746,8687,8170,633,6980,Web Attack - XSS
2720,175,8830,8152,3357,4392,5379,5970,8666,9838,1958,6679,7348,5884,8540,8828,3614,3820,4322,5467,5502,6379,1204,6449,8539,1203,6558,982,8923,6528,6655,5599,5690,5905,6331,8644,4073,2894,2234,7631,5859,8355,1447,101,7434,7320,9644,535,7500,1700,7039,9655,7114,7469,6492,4344,1971,9644,9785,712,3655,6241,6472,7760,9640,3648,5124,8650,2843,7973,592,497,2134,2449,5412,7448,4292,Infiltration
26,9909,2253,3642,3655,9475,1086,8022,2015,5067,9907,7123,9918,7084,9099,3463,4341,6421,4467,9000,2896,3128,4255,9342,6880,1334,8709,7078,1288,8937,5647,5928,4802,697,474,7696,6532,8702,8729,2944,5632,5384,1366,1061,2307,307,9188,9476,9321,303,6486,5566,5157,3891,9046,9937,5724,6280,5350,9009,9164,4133,9370,104,8446,7571,6601,6671,8782,8716,8561,2963,8855,689,6743,2588,1535,DoS Slowhttptest
2028,1856,3186,2769,6085,6486,7241,2987,8135,6090,9340,780,4405,2153,8747,3296,3313,4492,6296,2583,3043,7569,5979,1169,3262,7036,6726,4022,8392,1890,8203,5171,9517,6664,7307,6243,3556,7304,4966,365,8051,656,8352,8366,3470,4060,5599,544,6426,1761,956,8643,8176,7791,8273,1236,4911,6277,446,2165,1619,1793,9365,6005,645,378,2655,7109,3584,1140,3735,661,5436,8203,5209,387,3023,Web Attack - XSS
4735,8291,6471,2771,4169,7263,6235,4019,4270,5856,34,7618,3380,5476,7543,3176,8367,2153,4687,1586,8056,5422,3658,952,6270,5365,2871,2978,2970,4908,1959,5182,805,3100,1575,8791,2615,8803,5626,8752,626,6884,2811,1610,8866,48,1386,1902,4722,4372,3842,7069,4311,8421,7806,6466,7997,6368,1685,9502,8139,5133,8824,2422,2750,8524,6309,8698,4212,942,8827,9781,1462,7471,1991,5390,9926,Heartbleed
112,7183,2263,8618,5254,9258,2811,833,7227,8421,4254,9015,2518,3667,9296,1041,5112,707,7458,1383,1302,7118,8868,2564,9755,1260,3203,357,5404,5412,3234,8083,418,7906,5587,3955,1593,4602,9577,244,4572,614,249,6620,9787,5869,5971,510,5968,4869,9557,7505,7647,9115,73,9000,2878,5141,2126,2204,6470,3679,8089,984,1298,7548,7187,3955,5713,3687,3045,9051,6716,2085,6533,2727,376,BENIGN
5700,4690,2794,1065,3682,7637,1051,8820,8080,2373,6762,8058,6468,3974,9375,6659,7828,4841,9469,1951,3921,3424,6725,9517,1171,3769,3631,2310,2343,3386,3067,2339,683,9067,1054,7211,2602,4014,7301,348,1022,8641,503,8277,522,2508,8821,17,7423,1268,1176,1632,3613,114,8944,6590,2400,6768,2588,321,7626,833,8403,9448,158,2619,1347,3164,6813,910,7166,2451,403,1690,3485,9448,4288,SSH-Patator
9834,8116,522,4445,6459,7086,1944,3571,1560,4747,7154,592,5327,755,9491,496,2421,1598,4127,7016,5551,3590,461,4966,8559,165,1728,7696,4697,2173,37,4443,7486,2021,6880,8925,4521,8839,3302,8511,4607,6368,9914,9948,5873,7498,7172,5635,3847,9129,764,6306,652,7044,3964,4611,5759,8378,145,5101,4247,9578,4188,2696,8240,3329,3481,8966,4641,5559,1260,649,3048,2023,9272,4270,5333,Web Attack - SQL Injection
6037,2312,3474,3260,4838,5618,1350,9285,6048,7931,8141,7323,5777,1854,2266,560,7546,4987,7207,6486,2383,6147,7664,1683,9390,1009,9963,9899,2272,2612,7424,7226,6063,4341,1542,1237,5709,9916,2263,282,7998,7740,3286,8363,1882,6187,2275,6874,7502,8792,3790,2023,466,3950,3889,2592,6632,9211,6358,1547,7169,4749,4436,703,6550,9044,8497,7636,9979,9065,1581,3957,4590,3332,1685,9797,7531,FTP-Patator
6911,5731,895,8032,2346,3531,1861,4852,30,242,6918,9690,5511,5508,4668,6087,7015,7636,6662,4003,9851,598,2195,69,8139,9585,3659,9841,5634,2281,6822,3682,2683,4562,4652,4931,9502,4713,5413,5600,4103,2075,782,3806,9525,1057,2054,2109,7283,1320,7849,4417,3699,732,6562,3549,6163,6555,5378,8796,1722,2812,9773,7537,2278,2350,3623,6530,714,924,3162,4153,4529,2569,2815,6972,4578,DDoS
888,5948,3478,3589,1723,1258,7026,8602,2230,7454,2060,3898,2613,7015,6698,1802,677,8087,4713,7730,3004,8986,728,9885,4734,190,4994,3866,9681,6039,6445,8829,4045,6315,5624,4158,4111,6834,9033,3951,5220,4058,3247,1216,6092,7980,9090,5586,7076,7940,2222,9449,7979,1514,8608,2883,3826,4339,674,6289,102,3993,3708,1495,3392,7537,2785,5819,3659,4880,5588,4802,4891,3525,3517,4777,4189,DoS Hulk
6137,6254,1913,7335,1150,4137,4136,7729,1510,3915,6325,3252,8935,3938,2511,1073,2192,8207,7383,5171,8298,4314,6480,2857,4349,1428,6723,6779,7856,7300,6645,7670,2921,8166,7244,878,8502,9306,1321,4375,9158,8886,5005,8462,5636,5220,9603,3027,3124,1753,8186,5099,4335,3285,8552,8925,851,859,1350,4918,5730,326,2120,993,5375,1766,9372,1964,6601,2781,7019,2905,8290,243,4037,7938,9692,Web Attack - Brute Force
5494,2709,7701,7795,7088,1047,4378,9507,9578,6544,6711,7221,9929,8613,6992,8062,3801,5362,5473,9603,4570,2452,2083,9542,5163,4833,6801,3340,3844,639,9766,8096,8151,8377,5400,1318,8719,3259,3483,3019,4779,9759,8766,1324,4404,9404,5937,1434,8729,7554,4953,9766,8384,9378,8666,4269,7378,2437,4552,1354,3400,7196,3754,6265,158,6741,1837,4611,1025,7812,7246,658,677,4046,3821,2375,275,Infiltration
1588,4581,245,9080,6670,8192,2184,3251,5863,3051,9702,3771,9320,8889,9280,2419,7396,2628,7309,685,2756,5023,9924,4835,1972,710,8516,5085,5646,4893,2594,1092,2955,8403,9773,9635,4143,8770,7644,2997,5208,9946,2979,3605,421,610,8637,9152,130,2647,6673,3729,4431,1024,9844,7039,537,4591,3083,507,3924,8872,2612,4876,8951,4223,3147,2193,8082,2546,5061,4655,1222,7750,5019,3574,5723,SSH-Patator
3023,3280,9263,540,510,6162,6702,344,5179,8083,6372,2480,8590,5819,6742,9486,6900,5638,5900,5523,3849,1777,8571,3763,9853,3058,9498,2465,4451,15,4410,2580,5135,7948,2592,4789,8260,8602,7232,8093,918,4835,9682,3343,2486,6873,272,4554,819,5292,2615,6069,5640,3984,4890,7701,5191,2981,3039,4935,602,7459,7419,9624,8447,7692,2487,1358,689,8499,6131,9888,3166,8600,825,1191,5647,FTP-Patator
6813,9966,5641,533,6510,1207,8608,1237,4943,4765,4836,459,8841,119,4768,5980,8509,6481,6298,9059,3226,8585,2552,5378,3228,76,3410,408,4092,2267,8935,4528,5574,5773,3834,3997,7307,9179,5617,2701,3712,3907,8946,675,4927,5349,6168,9902,3475,6816,541,164,7092,984,2661,4468,617,8260,5639,4196,0,8377,4438,4808,3079,6719,8327,6018,382,927,5059,560,1189,897,2368,9930,4953,Web Attack - SQL Injection
4380,2398,6226,5743,9585,2588,6356,3685,9121,4309,4399,3226,1403,8391,2285,8862,1728,1249,878,2523,497,9169,7702,7578,4879,538,9092,1466,7714,1733,490,1709,9945,6711,1918,8166,6025,9678,6099,9692,197,9726,1713,9540,4783,8102,3844,595,8330,1014,241,2363,732,134,3761,2626,7179,1510,2796,6907,4512,4302,1643,4406,3364,6768,9591,9742,3411,82,5696,9671,2440,5760,1782,8796,6426,Web Attack - Brute Force
7906,8922,1360,2078,977,7793,1637,3300,4004,582,8651,8327,9169,8475,2398,4112,1238,3466,5518,5363,3166,779,2134,2236,1639,8611,3689,4955,8398,7372,3390,7250,7249,3796,2534,2180,4306,4227,9589,1446,951,4021,5485,1717,4242,3805,5913,7475,4810,1596,6594,3216,9098,5755,6283,1337,2974,4473,8552,6826,5667,8764,8013,3044,9776,5018,2233,5637,7467,3246,4041,1889,7676,2655,3718,5535,9248,FTP-Patator
9698,1630,5060,991,4590,9385,6866,8894,9222,4921,8021,2481,8754,6281,8558,6249,793,4731,986,9149,3595,854,1569,2256,4103,4176,7961,5254,8429,7906,6001,1732,814,7035,1186,7581,2225,9176,6423,8989,5173,8735,5882,519,5041,1454,6870,7213,7759,9250,9304,3406,946,4030,8327,792,1136,9554,554,7037,3403,2254,1366,948,8295,7809,7207,9238,7419,4026,5956,7369,7322,2614,9155,3271,9029,Web Attack - Brute Force
5678,881,3188,3334,2198,8403,9407,9072,754,5217,8892,370,1732,5259,801,6399,9181,4771,7007,415,3337,5258,8027,5057,6967,1620,9727,5982,7993,2792,8764,7386,4893,5096,4856,3655,8484,4293,79,4308,1862,618,959,3735,8114,2168,3245,7235,9914,1161,2040,8160,5649,9291,7318,9880,7483,4132,844,5777,1643,1263,2934,6139,7174,215,4776,2340,7706,9699,2090,1116,7750,5334,2161,3256,9340,Web Attack - Brute Force
6380,3345,6996,9332,2933,7741,5655,2448,827,5896,1203,6619,6798,844,2971,1268,4744,7735,9821,3530,5085,8995,8319,9143,2264,19,1781,6857,4834,7296,8748,2244,2983,2725,4599,5366,4887,196,5226,2828,3988,5732,5279,2469,1630,3278,2038,5432,5021,4330,6470,7077,4761,5219,7001,1387,641,5612,7210,574,9913,9210,7796,8591,4690,1456,1595,8308,7986,8574,2129,831,4968,3481,2117,4482,2006,Infiltration
8488,6760,8910,5694,6062,3079,5278,10,4880,410,598,823,7876,5217,7086,312,6671,6700,2492,230,3740,43,7532,8092,7278,3457,5384,5615,5506,2995,3638,7517,3284,8362,4341,9831,616,239,6052,6454,9114,4887,1904,6165,812,4999,7642,1730,9023,3424,6062,2207,3368,5471,2227,7639,4380,1820,8840,188,9414,5221,8670,6746,4612,1888,1550,7059,5233,5635,33,8487,1429,5246,1987,6271,2882,PortScan
1547,462,6707,5305,513,5174,3566,3803,3938,1471,8003,337,7051,7444,3412,2392,976,4978,4068,9895,871,3409,2589,1549,4461,2621,2529,7162,8351,6399,2581,6565,7105,6956,2934,2311,2795,4328,6823,4328,3588,3116,4653,3747,6824,1459,4430,2451,7331,4090,8963,5041,1111,9786,9473,3585,7601,2373,6842,8533,5098,4723,2818,2925,9464,709,6992,738,9970,4590,6087,3718,8201,5081,9929,2578,1558,DDoS
4000,4545,5339,9056,9992,2716,4302,1809,5830,1997,2931,2130,4412,6513,2796,7748,6323,6745,5202,1555,8181,4443,8522,4705,4839,3958,4664,9876,9162,746,2184,7946,9576,5321,9210,7148,2024,6173,9734,2711,7018,9646,7197,1702,5529,7216,7655,5417,6324,3873,8313,9668,265,8219,5378,2124,431,4974,3777,7037,1085,6195,6259,2485,8292,5398,5078,7202,3048,6502,799,3822,5611,6009,9487,5263,8626,SSH-Patator
9107,4640,5333,8839,2295,1431,5172,2361,7541,723,1547,9171,8275,1365,8741,3853,4682,5960,8343,7689,5157,3498,2985,1567,8403,6669,4191,9718,7156,8713,6517,5135,9894,6751,8209,7174,1719,8061,4014,878,8785,6272,1609,9067,6714,5109,2448,2136,6966,2053,7763,83,9631,2668,5231,8890,1820,4414,7249,9290,6572,7627,2894,3417,248,7810,1890,7880,2115,6581,3063,5651,1806,7300,8487,2694,5493,DoS Slowhttptest
8223,4650,8126,792,4191,1089,8421,2780,4497,789,4194,9990,4457,6671,4635,5961,6738,5155,313,6633,232,5735,9221,7849,2711,7940,3344,2122,3779,5654,9072,1172,7317,7744,159,7963,2129,3078,2229,2917,3013,9741,6326,1579,1960,7902,6657,3844,4697,2390,1419,3917,4942,8354,8307,7570,5198,9662,6002,5142,3852,542,8605,8873,8833,3978,1432,8860,7805,968,5800,7845,9372,5591,5383,7470,4819,BENIGN
3235,5255,251,4300,7409,3998,8982,5180,5421,1495,7978,8141,5378,2577,5306,8133,1235,1058,9362,3659,5368,56,7472,2569,4080,6377,1948,222,9831,5217,9949,9027,2536,2525,9176,1357,4887,7722,5982,4477,9638,1371,3224,1874,3361,6104,1142,4309,8756,6898,1588,4998,9662,4342,3362,1636,9664,6227,1244,6914,5306,4514,8450,2358,5615,1268,9131,2376,8387,3096,3635,561,8231,9959,7739,6871,2504,PortScan
5971,7876,8979,4097,9684,9321,6822,5878,4509,6186,9836,3560,5679,2685,6612,4821,7807,1412,1221,2249,2239,4202,7873,6893,8835,5403,5185,4290,4142,9577,7152,2584,1601,4942,5698,807,7345,8306,2727,8165,4171,9641,1568,9514,9052,741,9922,6437,4904,2933,4509,4526,5909,5349,3167,7606,2218,1340,8009,4639,1514,1411,7724,4167,1022,2758,9304,4808,9750,8833,6733,4907,3225,1014,6768,5458,2021,DoS Slowhttptest
9732,3106,8975,8862,2584,4942,1277,3043,7370,5860,3782,7057,8369,8467,3481,5772,9616,5336,4122,2960,7897,2469,7051,4068,5443,9782,4380,9304,9260,2545,7665,3649,1814,3907,3731,7685,8273,5869,8273,93,8186,342,6940,2408,9281,623,867,3472,170,9974,8769,8259,1515,8192,2198,901,5903,7755,8986,2066,8562,2538,3907,6960,2596,9880,3321,9330,7720,2621,9357,9700,3841,4558,4918,8715,4339,DDoS
1220,768,8426,6330,7388,4592,9711,7617,8082,7579,9127,9460,6456,9010,4117,2439,9280,6086,4824,9965,8391,8369,5542,9122,2036,9677,2091,5550,4263,6430,2384,6326,8207,7663,9028,7721,2157,9768,305,7123,2053,5812,3344,4456,1208,1858,2703,1971,1113,983,2127,3639,7476,560,6652,4387,2932,8482,1909,7230,1428,947,1348,8572,9896,309,3414,5789,9690,6568,8852,3447,2273,9689,2142,9797,4739,Heartbleed
458,7580,337,5450,7380,4020,8536,5643,942,345,3894,8516,6610,2138,4389,8715,7826,7816,258,1110,7325,6487,820,5988,5635,4664,7093,4604,1563,6343,9399,8500,1839,7675,8001,9575,2306,9372,5140,2686,960,8629,455,6767,3817,9761,9295,9810,1512,4738,391,2621,6176,9112,5719,6041,3600,5210,4508,6442,7654,9980,6216,7885,260,6833,9527,5944,6134,6875,6828,334,7669,2779,8995,7328,2437,Heartbleed
5190,9132,3163,9094,7488,9460,23,4652,2748,2450,9588,8095,3357,8095,8083,5972,9949,8155,7069,5338,2532,5337,3773,6465,4661,2057,677,2974,8476,5648,6444,1840,1878,6289,9802,7219,3314,1378,5340,9907,452,8533,392,5471,1269,8137,3050,7280,9162,4794,7410,165,8446,8493,6363,8079,5030,1505,9448,7409,4340,209,3793,4521,3047,980,2119,3745,177,1546,8490,3566,274,2995,52,7775,9615,PortScan
1627,6043,7823,8680,8608,9112,1553,8857,2469,1474,6477,337,6991,8460,1087,1293,8848,5964,2828,6472,3973,6661,4957,6564,1336,1667,1825,1212,2768,5776,444,9589,4381,3676,2310,4040,7085,1827,6285,3219,5559,6771,4688,4511,2072,6770,6328,2330,685,4958,684,8532,733,1496,9323,5450,4635,1732,6527,6725,6303,8031,1419,4710,8679,1441,2390,1384,2156,4396,1391,7422,5435,4800,3142,268,3917,DoS Slowhttptest
8669,4271,238,8801,7002,7768,5883,5785,5093,6438,6174,9346,9943,5445,3338,2333,4386,4581,6698,8359,3542,5886,8054,6914,7513,8269,1108,9083,4756,1224,7528,8756,2859,8493,8300,2412,2647,3338,5804,7231,4523,3813,3645,3417,11,6609,3145,874,7303,883,4650,7710,6797,5439,7008,9771,8544,8162,9698,3487,7537,2390,4030,7492,3438,2383,3367,6167,1465,2151,3483,573,774,7030,4338,8021,3930,Web Attack - Brute Force
4960,2220,1439,6246,7424,8905,6700,8767,6339,5084,5510,69,9109,8934,6728,4150,2533,7410,9568,8601,3007,8143,6870,5134,4242,5609,9871,7778,9906,1197,2337,8086,3193,8218,5220,2973,6531,3165,1090,8441,141,266,7719,4310,8680,8687,479,2690,5999,4936,2427,9035,8064,3215,5981,3911,4077,2349,649,5536,2856,5578,1725,8116,1354,1293,3258,2713,8595,4032,1546,2606,2825,4206,9004,3374,9121,DoS Hulk
7640,6934,6078,3323,8366,7105,1363,9229,7489,7951,3011,2090,8652,148,4433,5098,1133,353,9299,2113,7555,6010,3685,3206,1109,8418,9204,3106,3936,9658,8461,3806,6549,9723,8495,5148,1932,2040,7934,8333,6789,5775,9000,947,765,7172,5015,9130,2496,3562,1262,6393,5050,5410,542,6664,7723,2781,2612,1199,7032,6323,4688,4786,3681,5229,3495,8856,6078,3162,1416,3108,8708,9041,7829,907,8507,Infiltration
7573,9699,9710,1934,5951,4344,7426,9993,6334,2622,9048,5565,1525,1416,1794,2720,6826,6795,3676,5076,6369,8544,9619,5826,2192,9969,3536,7299,9308,2320,7871,533,9409,5351,1979,2076,8723,4235,6241,4114,2584,9740,1488,3659,6402,8047,227,4471,5242,7623,4352,4928,7315,698,437,5819,6180,9876,2153,6038,6008,6375,5136,5278,959,8469,4220,3756,7587,9535,4770,8906,9697,3921,2714,1347,5008,DoS Hulk
8169,4868,3960,9944,2505,5096,7375,1737,1108,2679,1037,5760,9103,2096,358,5953,1076,7236,5671,5815,5764,4974,3527,2302,9796,1075,4048,328,3477,7124,1002,8768,8518,6386,9719,2821,9657,2380,8686,9330,2416,9548,9345,3249,2142,3388,9316,5315,8993,207,8664,1638,5127,8327,4356,9362,8649,6024,7605,1436,6375,8698,6247,8637,2781,443,117,9732,566,3602,1936,4183,7926,9844,4571,5801,4390,Bot
5402,6987,4781,2686,1203,5056,7057,8597,5713,5183,4214,4079,312,8354,1528,5496,9757,4768,7567,398,6630,1047,1942,239,6464,671,2619,7919,2461,8593,2106,4148,1087,6776,9334,4381,5124,7559,141,396,5137,7281,1555,7054,5894,1028,5051,670,4594,1855,3429,5276,6986,9880,4431,569,6456,1146,9056,6514,4900,27,5349,1029,6616,1996,1341,9440,2087,8872,374,3045,6275,5949,805,6352,6470,DoS GoldenEye
278,1405,8979,7150,1332,8065,3147,7992,3449,432,8026,1009,7279,5191,8508,5307,4216,1365,6796,9127,3518,2768,495,3592,2232,8048,2935,6719,4445,2367,6555,905,8168,7900,4597,7653,5009,7235,9707,7208,7958,5288,7813,6136,8303,6606,9864,2302,9842,7325,4395,3995,8498,8312,7769,9469,1427,5613,3102,9377,1455,9371,1346,8820,1214,1961,2995,4612,9739,5690,2858,761,5458,8047,4902,8105,1496,BENIGN
9435,4582,2043,3376,8708,834,623,1047,1564,3982,5440,496,542,915,1801,81,1179,8357,2071,8998,7030,331,7145,9726,6979,8372,9508,6112,9298,1589,2486,5834,2590,8679,8803,3420,5208,9589,7214,1456,9529,4497,2867,4583,5254,6345,6571,7083,5298,78,5652,377,164,7967,9912,5941,8346,1146,9255,2216,5449,1463,3470,1516,4423,1526,788,6520,7421,6577,2548,7252,4608,8707,6640,6745,3062,FTP-Patator
4762,9759,9640,966,6076,5694,8555,107,7181,8814,4416,509,6815,9256,3865,8495,9160,9630,3871,5513,6508,7164,3500,2199,3901,7758,6070,2270,5385,229,2486,8341,909,977,634,5989,4717,2190,5189,4939,7081,3474,6695,7194,1865,298,2739,6701,3725,4540,8289,4814,6134,3522,4418,6818,8124,8162,5489,6085,9037,4185,4226,8096,3881,7692,9244,3615,6805,3157,2105,5176,993,3096,189,2898,5856,Web Attack - XSS
4249,5388,7046,3411,9238,605,1366,6482,9256,5795,517,5218,3807,5435,2272,2308,9294,4792,810,8268,2309,7908,9217,4439,6389,3558,8008,845,8884,1332,6300,1274,7166,9436,337,3294,336,1867,6914,494,4642,3886,8352,2036,9933,9699,5083,3560,9567,9745,2281,1601,1299,8902,4167,2046,2881,5474,1817,2198,3332,1103,3177,4815,2177,1194,4501,6041,8727,7060,9261,8324,263,4462,6968,2052,4946,Bot
5825,6044,4089,357,5505,4420,8942,3250,6562,2258,9102,3810,583,3438,8768,6357,9344,6146,4990,1783,1093,4532,5117,7938,6746,2133,8709,8933,6120,2477,4958,6137,2876,42,5829,3441,8595,9518,6346,6849,6686,2650,4345,877,1886,1303,1740,1112,3876,6040,7452,6118,8439,6795,7044,567,5958,9380,1353,5029,9172,4965,168,7712,2671,378,1932,193,8455,9663,4616,5014,7878,1300,3200,3373,8765,FTP-Patator
1383,9572,3537,7924,9715,4991,5202,3932,3622,9087,464,7980,1610,8804,604,7967,620,2602,6473,3800,7098,6538,155,8160,6681,2715,4339,8070,6690,449,1069,4017,2819,2285,9382,1399,2248,6375,723,9633,5273,7535,4820,86,7697,6846,4149,1751,5161,3420,4837,2483,3212,3922,6310,6042,8013,9678,3527,8264,8916,3754,8162,4365,8410,546,3729,7350,5884,1968,4516,1259,6992,7756,2933,2509,1562,DoS slowloris
9981,8075,3669,2481,7198,204,741,7049,4263,7837,4737,1105,6830,4197,88,6488,3381,3185,6679,6306,864,8246,4671,557,9184,4291,447,1821,3819,91,607,9443,285,2921,101,3835,8169,4235,9870,7509,6716,534,6666,8207,8752,2925,909,9605,5008,118,3113,6153,1491,2096,7944,2254,8705,6103,1233,5258,9671,5631,3349,9732,129,3716,6754,3743,1771,4454,6770,7250,5273,8697,5628,4913,9030,DDoS
2676,96,1963,5401,7767,598,3963,8620,7293,1324,8111,1767,5164,9708,1339,9168,6466,9806,9776,5463,5490,4061,7604,1270,218,533,7951,9687,9565,3823,64,4341,5082,9916,2985,5594,3913,9240,8017,4255,1004,2122,6696,3981,471,3405,308,7695,7707,3047,2017,4881,1478,4197,7721,4870,3459,9423,5434,571,3589,8339,5918,596,5073,1070,4250,4325,3371,157,9114,3318,6711,7221,9438,8957,2612,SSH-Patator
443,5973,904,2910,1801,925,7851,5930,8943,9426,2922,8854,7555,9776,919,5004,4219,8259,4570,4453,9958,5575,1953,2568,7945,3708,4928,3399,9545,6570,442,600,4582,2786,2695,2052,631,3442,1754,7020,9770,25,7946,7297,6553,5759,7755,1129,4996,4145,5641,8633,5897,7369,3895,4797,1828,9727,559,9365,9276,3914,8430,8050,9663,6900,5587,5412,4612,3683,8396,7347,3600,6643,1213,7347,3091,DoS GoldenEye
3680,9871,8198,3498,8487,5506,8455,2137,7655,8124,4948,3865,5460,5448,4496,4452,6898,2546,4929,8310,7214,2395,7671,5514,1702,8721,3674,8494,4251,13,7187,2803,888,9388,4540,8090,2169,3651,8017,8240,180,3878,9609,3464,529,5771,4679,7940,1286,2190,8898,8485,1561,5628,2611,6560,660,3178,3389,3063,6401,8127,2840,6309,7192,6054,6146,6561,8560,538,2927,2393,8922,896,6867,6345,2368,Web Attack - SQL Injection
7747,2380,14,9545,3135,2277,8202,1656,9439,1660,1763,8733,1529,7865,5838,6910,9372,2617,2754,9120,8101,1426,8067,5208,6222,7808,2061,2563,2803,6209,2293,1625,5809,571,7399,2400,9903,8574,5829,1083,1949,5530,5202,5430,3497,5496,4930,3394,9395,773,7793,2597,9595,7981,3061,3325,1403,3320,7239,6649,7420,7139,869,6442,9275,973,9417,9994,1188,5147,3443,5684,1321,2023,6740,5468,438,DoS Slowhttptest
5678,7835,3337,3350,987,2529,4612,3845,5756,8105,1326,8219,6924,4593,6662,193,8783,2489,6401,8304,9509,1737,2061,9882,6283,9586,6840,3559,5461,7599,3883,3251,5053,3014,1128,6865,6472,7416,1696,8324,7407,7245,4665,4220,7574,6170,311,9977,5434,401,5554,1596,121,750,105,6934,9251,3238,1244,8267,6865,9201,3282,2275,3808,8644,765,4582,2715,1497,2838,6036,5066,489,6374,1935,2749,BENIGN
9295,7812,9791,7464,7777,8417,6286,9906,4149,5848,7656,2345,5549,6680,8770,1698,6984,6037,5256,6551,278,1468,9132,2318,4536,5347,5939,1783,6630,3226,9177,2819,3970,424,2105,2470,5894,3794,2891,9875,3147,4051,3651,7901,1174,2949,8628,6116,234,7912,4770,5128,4856,8159,2474,226,6160,4801,5357,7548,3995,1410,4764,1337,5420,117,1868,2097,1813,9779,8734,2374,1526,7087,9461,8793,3614,DoS Hulk
3301,8579,3680,9794,3282,2696,4151,1305,716,5845,5758,3655,6359,8505,2280,2622,9079,4342,2489,1922,6278,8115,8049,4029,3063,8352,9675,3892,1737,4220,7080,9562,3395,2454,4957,2287,9428,8150,6292,9398,8696,9595,9959,3733,8892,5113,3005,4790,10,5221,3677,9164,7334,5164,9033,6860,8105,284,6543,5570,5731,7611,2435,7523,1029,6584,8091,4451,2966,7755,553,267,7135,1240,4159,2489,7858,Bot
5394,8661,3287,2019,9781,5313,4317,5824,9611,9072,838,8943,8461,4827,6987,3503,7824,2075,1312,2284,8575,2808,8995,9288,6521,6355,3719,4771,2696,5796,808,3293,9497,3459,2419,4224,7571,6363,9388,4567,3524,6751,9717,6237,9791,9236,5319,1867,1375,8130,5401,8803,6992,3316,1598,4949,6572,638,4166,645,5884,6668,89,9015,550,8251,5224,5581,4178,9435,3479,9137,9832,6091,2633,6790,3501,Web Attack - XSS
8765,8704,7246,4160,4051,2230,5185,7375,6197,2283,4984,611,8629,9651,6837,7106,7275,8715,3577,6486,2261,1023,9771,8513,7235,3757,8068,8641,1284,1660,5353,903,9369,8521,8828,6010,412,6639,3833,2415,2586,5571,9756,8672,6557,6280,2882,2519,4400,8846,180,4125,3019,764,4135,5038,6799,3390,9974,1064,2456,5681,1346,6997,9374,4132,2453,538,2303,6421,248,9232,1391,2172,1335,2259,6615,Bot
5534,8691,810,4984,7348,7556,3713,3704,1210,3745,7791,1491,7301,6460,3048,4919,2934,6110,1817,6613,4319,1275,7231,2877,4014,4087,1147,237,2122,7609,4595,9737,3983,8134,5606,9178,1623,7226,722,1095,3827,4285,995,5681,4661,992,2783,8347,5682,9968,5961,4768,5760,5204,7552,8246,84,5976,8147,7084,2779,6055,2669,1008,2364,3686,6768,2199,9551,909,3439,5882,2913,4695,1006,7114,1143,BENIGN
1224,4495,8259,9206,181,6332,4946,7450,2945,8846,3686,2288,2831,8913,3248,9392,8501,1025,4412,5902,9724,3643,8559,4650,1249,2983,4575,7447,9131,4109,4023,7969,589,1782,4568,9399,4412,9038,4680,8990,470,4827,5067,2994,3129,6167,1313,6546,9239,9279,7934,5358,282,7609,1398,2733,4067,2357,3238,9964,7989,7210,787,8234,5784,4643,4321,4728,5640,3410,1358,9396,537,3868,4576,4525,3583,Web Attack - SQL Injection
1350,9136,3856,2625,4307,9042,2925,9187,6714,7197,6006,8541,1537,2728,7381,4346,2366,7028,6868,3875,6041,3601,4174,923,618,4400,6342,3303,9239,9890,5580,7600,8122,82,92,6760,7375,7837,6724,3048,1467,5489,2698,8983,475,8695,230,7021,9778,9966,6833,2256,3970,4838,383,760,5243,3952,942,2695,1296,2147,6874,9831,4396,608,881,7316,4891,6480,7505,1994,1323,7768,1011,6903,688,DoS Slowhttptest
9434,3447,7897,7255,8075,8632,9416,2462,5123,4178,6149,1752,4629,5916,4546,3359,5013,7604,4014,899,1189,652,7996,982,575,8524,4307,8480,6753,7740,1055,6026,4369,1324,3595,3827,2323,1882,1153,3370,8288,276,5404,5292,8523,4198,3696,3202,2086,306,883,6663,6189,4289,3589,3641,7336,5108,2162,6709,5167,3141,6131,4603,154,3630,8652,1396,8982,6797,6594,3709,1867,9880,576,7263,3764,Web Attack - XSS
456,3561,3110,3529,4907,4968,8541,4547,4083,108,7751,1231,576,240,7566,5809,6721,370,6054,97,5606,8156,9687,2455,3446,9597,4811,7827,2691,972,9704,7806,2923,5001,808,7476,5963,5935,4230,327,682,123,753,8114,1606,6525,3578,4666,7208,9660,2845,2938,6319,2427,8356,9701,8156,6907,7732,5886,9392,5168,3281,8810,2712,4954,3723,1686,7440,1606,9545,4239,8810,5103,8545,280,4932,PortScan
3550,1959,389,5183,3867,4360,2053,5008,8359,6316,2166,8106,6272,186,5182,9489,2645,1216,4627,1205,6703,227,2613,2136,7311,6958,249,2272,6038,3018,2215,2157,1796,3244,8046,296,1927,2256,7421,5201,1457,3546,7361,3664,9781,7654,95,3932,9551,6912,6140,1739,1352,4924,5757,1542,5244,830,1605,4645,7937,6852,6516,221,3951,8722,6493,9573,4117,5408,753,1188,7108,7487,8600,796,5145,DoS Hulk
860,4171,8175,365,1514,4936,2934,9775,498,1369,9443,8890,8116,8323,5364,90,471,6084,9457,4482,5126,1111,597,9099,7618,1354,7877,2389,4075,463,1072,5446,473,4983,938,1310,7191,2340,3520,4056,1086,7697,7104,6732,259,1656,6290,5913,7973,591,5867,9624,5577,228,9560,1624,7090,3979,739,6521,3174,5049,2647,6436,5386,4571,6594,7480,1185,589,4217,7648,1135,3420,1,891,7882,DDoS
8062,3553,6069,9163,6957,4204,8471,5784,1698,2884,3579,7195,2251,4640,2356,3414,9200,5708,2078,4195,2714,6947,1338,3689,6614,741,733,7839,1806,1753,7358,5857,1024,9674,5764,5209,3554,9971,6216,4818,4566,5325,6894,7082,3368,2629,6942,8720,4232,6661,7877,9663,6275,9559,1719,9233,3487,8175,5844,8751,9756,6475,5869,6462,1800,5075,4262,146,3828,2117,5447,5014,5947,318,5749,254,9528,FTP-Patator
8526,4393,1044,1791,2519,961,3749,4565,7516,2814,589,1988,3865,2989,5665,4541,1960,8846,1078,3074,9547,5029,9650,7386,4756,6375,4695,919,9938,1758,1831,9363,3278,359,7586,3810,1440,1719,5672,555,9425,2297,1535,6282,5085,9101,1961,8142,8203,979,272,7257,5144,4633,8110,1688,1595,3242,4683,7614,5839,5786,9907,5129,9393,2845,8448,6138,309,5334,7197,9280,1176,6183,3097,1724,2628,BENIGN
1350,7725,619,2548,9570,5243,977,5543,9729,5853,3772,2533,8669,1894,9824,5351,2040,1565,4125,4268,2839,467,3388,8176,6540,7247,2743,5642,9611,1026,4631,8792,3592,987,8797,7238,2747,8330,5650,4225,4496,9436,8833,436,1423,9328,3721,5674,8249,1136,8891,1145,5579,9300,4495,6499,6242,8299,9097,4945,1992,4122,805,1992,7496,3600,4010,8275,4358,5315,3320,7549,2505,7828,7885,2456,7248,Bot
6349,6963,3062,3852,4990,387,7037,6910,2003,9223,5745,1540,8641,3547,9288,9051,301,7104,2019,9072,4161,229,9113,7710,1832,8242,3678,7496,4482,8944,5887,1478,2088,6040,8152,2993,3340,2343,7188,1238,6856,5660,4339,8374,8735,2826,7091,92,2415,4254,8126,4533,6516,4401,3032,3289,4438,6867,3234,5997,6301,1133,2062,4627,3471,468,1344,9070,6098,3807,4736,4957,3345,588,3883,9521,91,Web Attack - XSS
1884,3121,7642,5611,7952,9595,3703,4482,1981,9984,4466,2231,8963,5781,8396,8413,9383,3315,5175,1598,4262,1542,8333,89,4406,5490,3706,1209,4978,3224,4856,7793,6239,6853,9551,1538,148,8065,7699,1425,1717,9546,2635,2363,3107,5628,1501,1451,8641,1835,9635,5851,2948,3935,6830,3709,1289,503,7951,5051,3097,2147,9657,4520,1897,3716,8842,1210,2187,8058,3820,368,2843,3450,3518,6644,9828,DoS Slowhttptest
1144,3126,7660,17,5999,1656,1596,9137,1287,267,434,2035,2497,6440,6037,7806,3208,1613,8910,7164,2231,6463,8932,5695,8996,4512,7960,4886,3771,9918,6023,5904,3512,9290,8103,1844,3924,4881,534,7577,5730,8476,7987,9321,8695,4141,7936,8728,8253,5861,5201,2383,8402,2447,4804,3269,8568,9377,6964,7062,3498,2847,7658,7446,8083,8978,732,5063,7313,7236,2699,2158,3664,9270,7811,8153,4619,FTP-Patator
4563,9776,3006,4044,1210,1986,3170,7473,1748,757,9369,918,9311,8897,6054,4929,2861,4494,1807,9591,2649,4423,1295,9812,2442,7639,2595,5137,1072,4075,9641,3942,1771,5675,1017,3692,8710,2351,9327,2772,911,9007,973,3102,7462,1800,808,5438,5133,8761,969,4079,1879,3319,4705,6611,387,8067,5957,2489,7509,8707,5937,3844,2890,1442,722,8947,2250,1908,2586,8577,6126,6773,8190,4087,9683,DoS GoldenEye
8142,3318,3038,9264,768,9178,5557,5262,196,2307,1389,6739,5311,3558,2990,5997,9861,9609,6253,6233,9778,4667,4402,6205,9123,6988,9734,1992,4059,7203,6893,3144,6882,7470,9726,2674,4548,9052,1552,6014,1392,8572,5338,648,6394,4660,820,471,8054,121,5445,7695,4876,2795,4216,2186,2134,2177,2299,5981,1383,4142,1968,6644,2472,5494,9442,5906,3110,8326,8801,9249,6571,3774,4655,258,6868,FTP-Patator
5744,9107,3942,237,3355,8879,7904,6601,5706,1158,594,1750,402,9013,3838,2540,5878,7490,9889,5534,5286,1613,6579,5651,3679,3552,7238,4996,1464,6282,4882,6245,6611,3100,4113,4093,8124,4851,8878,3579,8792,9235,5445,9571,4528,7566,9233,1573,5720,9555,9202,1256,1127,9215,2784,6081,1049,5183,2301,9346,29,8978,9362,3198,1364,9733,4493,8505,2695,6645,8721,5880,8149,5859,8503,995,6865,Web Attack - SQL Injection
7496,2631,263,7684,8212,9388,5043,5116,3133,8397,1636,8822,7811,4535,1098,289,2604,207,8463,3678,8606,3468,9476,4986,9854,9233,4090,6803,2294,2461,7945,9535,5673,3367,943,4156,165,1905,3056,9515,350,3309,5661,931,3838,9305,8058,1989,9577,3484,7886,1116,8325,9419,6962,5967,7904,4533,8871,2669,9439,1191,1130,1403,5630,9522,5030,1381,369,5092,3794,6314,5700,9368,8567,2760,1943,PortScan
9002,4922,6629,1533,6885,8601,53,4796,9290,2396,9166,7851,4921,7253,4839,2558,8330,2520,4637,3827,6629,1337,2294,2677,6581,72,7236,7319,2141,4530,9998,4552,3501,2077,9840,8526,4755,2615,5356,4172,932,635,6683,5773,3229,1190,5508,11,9641,8060,448,7661,2496,5885,426,7099,9107,3169,446,2250,7111,2681,1401,3407,6761,1043,5363,391,4819,6879,5984,1285,6363,5127,6589,8833,9237,BENIGN
4037,6854,9349,3249,1543,791,8628,5170,6043,6098,7448,7211,4782,7798,3959,4364,1716,3636,7870,7361,5671,8380,5726,7557,7782,2718,2405,7887,8003,7718,9094,8532,2881,6710,643,20,677,9291,2650,3469,7886,4183,7086,7377,5684,2687,6596,1416,4405,7074,491,759,3501,8192,2088,3656,4767,211,7975,3722,303,4786,3772,1781,3225,8999,6739,7273,9968,4203,1353,8371,9072,6274,1830,4698,4002,BENIGN
6902,4263,222,2237,2578,1778,620,9405,4054,7466,5430,6379,4263,2240,8043,1362,2240,5521,6535,6744,8284,1238,6492,4608,7502,3470,4201,5351,5413,7432,5971,7437,3901,3628,1768,5352,2901,1541,2091,9923,7742,8283,4854,8922,5049,5557,4432,8891,7987,5020,3014,6248,2016,977,4210,7034,1258,1297,7397,6872,4129,1732,2942,448,9429,4500,8524,6133,165,4832,2774,9891,9605,9638,5020,7748,4744,Heartbleed
446,96,2426,3257,4726,6851,8694,8189,8256,6740,6714,661,8672,6879,4662,7815,3261,405,4860,3560,7856,9309,6690,5331,3440,741,7181,7731,2921,7374,7023,5561,5634,910,4702,1418,5798,7698,4038,3445,131,5862,152,2478,8674,6116,304,2519,6112,992,5647,7597,8906,1709,8018,9249,470,3465,8932,3566,8704,5234,3285,8551,284,3277,2631,1757,5479,9714,5787,9437,9604,5449,4838,9608,8549,Web Attack - XSS
6048,6730,4135,3141,4553,196,1874,5830,6679,7986,937,2194,4125,6250,8581,8162,6549,7178,8538,8310,8054,4615,9430,2466,8775,2759,1708,5408,6377,6404,7076,6221,4837,8863,9963,1685,2485,9888,7940,3601,1453,3206,6712,2990,7546,1350,6342,7338,5434,3949,1279,5998,820,9535,6119,2295,3,2560,6981,30,5952,9844,8132,9490,885,7492,9392,4843,4038,2290,3894,4596,204,9675,5502,8197,7820,Bot
8140,531,8016,226,6142,7482,2099,7313,7290,4566,9088,9512,2661,1664,1525,3750,6757,3654,2567,1096,3098,3240,7967,6728,5328,7778,8079,3614,847,3616,2704,6754,3893,2994,4533,1500,2442,1725,9757,7341,9935,325,4417,2666,9401,4361,7152,841,4778,2071,1284,1378,6339,2658,3561,6007,5452,4012,1978,4416,5496,7874,2224,7089,953,6934,5917,8261,9286,5742,4253,548,1839,1951,9250,2507,9074,DDoS
7603,2625,5893,7400,2153,4761,7185,3566,259,9700,8504,1844,7269,1533,5596,4769,9615,2020,6358,5502,5243,1691,9920,8519,1588,3753,97,4754,6173,9289,8052,5018,5704,7911,8276,1277,518,5426,7815,183,9164,2388,4322,4932,3827,2497,3479,8757,1935,6275,9018,349,98,1769,1804,9252,8112,4170,401,8379,8330,142,220,4240,7001,387,5991,559,1839,1771,8556,8608,7676,9827,2068,6757,516,DoS Slowhttptest
660,3416,8521,377,159,9455,4174,2199,9416,6276,1988,6777,6312,8168,865,8582,9600,4915,6241,7135,1554,4047,131,3679,6353,3076,1521,3269,440,9933,1203,8432,3391,3721,6775,7160,7875,9395,1887,4270,8389,7705,4194,744,5546,452,3262,7745,498,140,1714,675,3505,3602,6675,9109,6504,4803,1730,5976,7811,7028,3718,7088,1624,1806,9646,8545,2933,940,7787,3945,7058,4848,8421,4852,6459,Web Attack - XSS
7738,237,3772,7735,2781,7087,1984,1052,7658,5254,350,912,4445,9496,291,9404,7750,467,3277,5361,5303,3575,6592,4325,1064,4888,9885,2394,8278,2920,6858,3,5940,8048,9713,1977,9666,9322,9072,9593,1750,1,9336,9830,8340,4247,7732,6035,2043,1702,5947,1387,9855,5826,9442,4462,2036,6405,6789,6119,537,9746,8982,6863,1948,5178,5104,4143,9627,2848,8305,2343,4533,161,8695,2634,5101,DoS GoldenEye
9586,1509,2319,6105,8671,8946,3999,8395,3349,4211,391,7951,6831,2773,2416,1238,6712,740,6470,9727,7491,368,4909,5219,9290,7604,9583,6206,1647,9870,2824,4170,5909,3781,3128,9464,1979,6612,6022,6081,9768,7832,9661,9171,1255,9833,299,7809,4521,3042,8592,1280,9053,4589,8133,6632,2784,7398,6708,7173,4159,9303,9248,9287,2300,6250,7969,3991,513,4231,6552,8312,9693,2847,1117,8696,9815,DoS Hulk
2238,6600,2433,8994,7009,7166,4373,8146,1471,9018,1428,4874,7923,4306,3781,2317,6688,1006,1637,9036,5111,7449,3287,5440,2861,638,8684,5725,2175,5595,1485,6581,4543,5221,8750,3748,9161,5032,6426,4009,5323,8277,5443,6307,3128,4301,6027,5409,946,3208,3440,1545,3507,29,9663,1409,3679,8720,5147,125,4908,6642,3258,8845,8141,8932,2261,7953,8482,1693,5887,4644,9511,2821,3662,5194,1395,Heartbleed
3961,2614,6870,1544,5225,9972,7986,4882,4433,7034,9248,9637,1096,1204,7947,7319,3583,7539,7140,2038,8179,9924,5926,8223,2974,3568,8206,8298,3793,201,7956,7385,6007,1794,1408,916,4431,7778,9876,6346,3166,7344,64,4648,4319,3650,6398,2015,9513,4024,6314,8804,8843,1387,5179,6598,6479,4763,4109,5535,3128,4866,5085,537,7929,5031,5998,7679,2037,9154,1243,7117,8724,3130,5479,1653,8304,DoS GoldenEye
9491,2304,6920,9893,3814,8412,5038,3781,1958,1296,6341,5723,9224,5082,4322,7301,3228,6568,1475,2407,7543,935,5415,2245,5689,4337,6572,3950,2658,6149,7485,3283,1296,1647,8551,3452,9356,8092,5629,3244,7187,4025,8694,6370,4204,9535,3812,9002,7254,785,227,4947,7477,827,378,6256,9320,6082,8482,3548,7688,59,5431,2670,3339,2789,3654,5548,5102,7518,2662,201,7087,8662,7943,3026,3356,Web Attack - SQL Injection
3973,4471,4237,3123,2307,6003,3790,5935,6521,3110,8539,1601,3777,4923,5919,3778,8513,5863,179,3965,9904,8220,8929,3719,6330,54,6657,9625,7998,2064,4183,3294,3855,2751,724,9445,9369,9488,8049,9086,2499,1329,5117,2627,2450,9361,7057,7865,4294,9656,1730,8149,1123,7193,4621,1488,264,2029,6874,9435,3766,8587,7056,9672,8299,3563,8071,7849,6035,7959,3196,1185,4131,3075,412,8674,3847,Web Attack - SQL Injection
7974,1081,4355,7662,8216,8389,2626,8614,1141,6935,1120,4527,7106,9985,6693,4903,55,6758,2263,8212,6353,8482,1994,834,4283,5270,4309,1501,4688,4136,19,1032,9016,3274,747,7004,967,3547,2798,3015,6605,1804,2023,8592,4432,9560,3324,7163,1877,9589,3675,6961,5,5533,8777,9713,5175,3878,3469,9013,4333,6633,3093,857,7618,7977,2550,1225,8845,7453,7400,9531,4556,2717,3392,8154,9254,Web Attack - SQL Injection
4528,9800,1081,6639,7018,6105,4750,2654,155,4296,3069,1963,4594,7663,6303,9426,6142,9668,3755,830,6574,6121,6074,1342,7679,7329,1844,461,2991,6843,9770,200,515,5871,5450,4839,6490,3231,3696,9467,3293,7001,1629,4018,4489,7563,2016,8358,975,4547,7305,859,3944,209,9800,213,5897,5782,7402,9164,303,7276,7000,8174,860,4047,1855,6951,2167,5959,1633,2474,5040,2377,9942,3411,4659,DoS slowloris
4385,8677,9552,7275,772,1832,7605,1299,8373,9454,8337,5163,1839,4594,802,3950,1318,6118,4626,2940,7569,7398,5458,2052,6454,6305,8407,785,6979,1635,7338,3109,6053,5004,5756,7445,284,2413,1643,7235,9319,9461,6335,643,7311,8217,3937,4807,6336,6524,1025,5722,1068,9130,4098,8015,9664,175,8095,1143,5893,7341,3510,4062,7797,950,4436,2744,8312,4670,1920,9876,5612,6419,9160,6172,5930,BENIGN
4738,6495,1104,4389,3884,732,1581,3679,3852,2427,323,3699,5181,7313,8553,2100,2754,1472,1106,1803,8272,6657,6906,5355,2988,7204,5776,8516,2361,1234,102,4912,746,4908,3691,9439,3064,5412,1719,2202,5151,6026,7737,5452,7184,1789,9956,259,1918,6504,5518,6603,8175,9978,7252,7230,99,3905,2342,8091,3233,5024,327,9543,2289,1365,1408,9702,219,6407,3239,1269,7542,3817,7189,6857,67,Heartbleed
8934,7225,5383,2012,9897,9638,3069,7666,290,6312,7727,3679,3910,4651,352,1263,1826,4378,1605,3398,4551,3006,1004,5967,6428,2078,2495,2261,1737,3096,7927,2444,336,2983,9159,6998,4998,8863,9495,8187,9906,2595,2970,3269,478,843,1625,1880,8696,8301,9597,4492,3480,8542,9749,3042,2836,8078,7874,6564,3628,5017,8302,9957,7606,1201,6003,10,9781,1501,8320,7905,3603,4195,289,5688,7393,Bot
7605,2693,9562,8374,350,3586,5915,9593,5584,2849,4435,6404,3927,6514,7440,5816,6592,5825,3488,1895,2908,1411,5457,3999,5448,8847,6292,8541,7008,1143,397,645,7606,4132,2234,9675,1962,809,6473,7483,4415,6618,8705,8525,4819,7,5815,8132,5414,9490,2946,5736,1844,3611,7559,8184,5686,3065,9294,679,7190,5347,4047,9,6463,5321,4216,8865,7734,7506,1456,43,7326,7776,4570,2571,9607,Web Attack - Brute Force
5632,1862,1233,3125,4711,2457,8201,6699,8459,7157,2714,4546,7364,7219,7636,9583,7541,9274,8485,2835,8013,7955,4205,2154,5108,3923,6084,7262,3868,3790,9036,9899,2007,1273,6873,6852,9404,7811,2264,1610,9610,1786,4399,3482,6546,8571,6595,693,9639,7025,1755,7033,7693,847,4061,1195,9704,5478,6332,8154,5648,3320,2457,3450,8418,1807,418,3155,9110,7364,3818,2631,3674,9537,4630,6868,5513,DoS Hulk
9855,8276,3812,886,7594,2797,4147,2131,2759,8932,2876,9903,55,3362,8998,3056,4750,9198,5003,7905,4103,6267,1781,989,7552,5199,3369,377,2377,6045,281,2919,6984,3594,1838,6570,8406,4730,2120,2870,785,7773,937,9881,9448,3112,6432,6698,7437,4534,9529,5629,6171,8461,1490,6041,9872,4769,6389,8601,6641,9633,7155,8983,5342,359,4677,5139,8614,8312,2220,4129,8262,3692,4630,8205,5425,Bot
8462,5892,5613,9775,522,2817,4950,2839,7889,7491,8014,7691,442,6394,8002,9413,894,2253,2010,6857,4993,4635,7808,6997,9237,4833,2934,8662,371,6998,1403,4602,3946,4673,1007,667,1446,3966,4368,5317,7246,3029,8232,5892,7190,4804,6379,8317,777,9027,9070,4489,6270,7281,9028,8716,9443,7688,4241,7330,8926,6871,168,9340,8491,5033,521,8809,9909,8493,8844,3301,4159,2279,9814,1681,91,Web Attack - SQL Injection
960,4159,843,218,8895,6028,246,5109,8248,6124,6325,6307,1912,4221,7374,266,3482,9872,1531,4564,4228,7155,9211,317,9792,710,8642,1743,1323,2680,4237,3051,4664,2704,5675,6787,2640,7376,8138,5362,694,4253,8531,1768,8283,171,2749,3102,620,5214,9180,76,2198,4237,8422,6027,5855,2544,2857,1553,6274,3740,9153,1627,1074,3204,1028,647,5303,3162,902,4067,9695,5076,2897,9537,5562,PortScan
8681,5252,7851,8617,7228,5681,5595,7390,3991,9599,6462,6368,8614,9406,3942,1800,2377,7323,2103,1271,5020,434,3598,3771,8726,8572,2150,4124,5602,5167,5486,4049,546,4422,9943,4824,3115,218,125,9520,9415,4180,5160,2770,9766,1942,4457,1254,987,7237,8111,7955,5353,9509,1371,360,8104,8549,7784,8088,7729,2783,63,2228,3849,6332,3938,1515,8771,6313,7786,2158,2125,6396,2283,6236,7809,DoS GoldenEye
3105,3552,3475,1838,8413,8053,895,5609,5913,3411,3008,9176,9824,3670,2890,6285,1408,3872,4677,9527,7446,6489,3458,4397,5883,8088,7406,3600,7071,5468,5007,9567,6297,9725,4690,5686,3496,3472,7226,9357,4561,7614,2358,8250,7257,6213,8376,7605,2619,9872,577,5243,8262,555,851,9410,3640,1912,2730,5419,2365,7538,266,3916,7328,9592,2326,2801,5552,2034,7453,984,4099,6463,1075,1023,3897,Web Attack - SQL Injection
6970,8471,1111,9375,5080,7981,2075,3942,271,9315,9419,189,8737,4014,8142,4943,4866,768,5166,9202,7589,4798,464,2600,916,9644,6126,7151,65,9917,9691,1904,7193,4571,6716,9078,6973,3808,7565,7861,1960,2747,43,3842,4705,1888,3898,5883,8911,690,6842,8301,4558,8706,7720,8828,3328,5312,626,69,7549,5613,4319,5961,3977,7500,8059,6784,1634,2543,7353,768,5764,2603,991,9920,9721,Web Attack - Brute Force
8179,4152,511,5697,734,5678,3309,8562,4701,1859,7719,916,6909,7264,6681,2662,4692,9429,1335,5050,761,2131,4814,9140,301,7740,3694,2701,9667,8805,6214,5644,5520,668,2128,6738,217,8940,4220,8392,2621,5139,721,9143,1881,1432,5181,2320,6950,9968,7177,8890,621,459,9276,7225,8491,9467,9622,8141,5375,3452,7312,5925,1821,6431,988,8405,531,2917,6885,3619,6564,3060,9800,2524,689,DoS slowloris
1100,8310,5301,8697,7817,2200,9233,496,4174,8250,5530,6969,1653,7246,9898,243,2255,6999,9866,6743,2692,6073,8230,3247,6621,1615,19,220,3771,7321,6606,7576,8442,7828,506,4741,9060,4587,6438,6600,9361,5357,739,9982,8615,3055,4387,2203,3922,1957,5326,1789,6401,584,6178,3200,1342,4190,9400,4785,9357,4756,6025,7455,1062,8717,4502,9574,4981,6612,4968,6066,5400,5684,6838,7353,1987,DoS Slowhttptest
4067,5068,4104,8877,7806,6654,3734,6804,1241,3500,9853,5730,5530,3261,7264,3843,4825,1981,647,3923,1982,5255,2019,9014,4674,8071,6980,2832,9212,9273,7102,5991,4208,3675,1779,4696,4537,8419,873,4766,3428,9483,5604,9219,3549,8312,8933,3881,9701,9434,4789,7445,4352,7471,7059,5649,9904,5008,7317,8785,1033,211,6057,9597,5508,5017,8122,8125,6479,9113,4062,7348,7942,7945,3238,1493,1577,PortScan
2428,312,6686,4075,3,7061,9077,5218,191,2380,1235,7762,7931,2403,6021,7420,6734,8453,2369,2467,4427,1259,2054,533,2119,1523,3457,2589,4419,7092,6744,1940,3736,72,2887,5357,9179,1345,9978,9223,2006,9422,8602,1819,6794,7213,3092,5289,2591,7583,2502,8853,9421,9548,3092,7061,1673,9280,6002,7308,6659,499,325,6033,887,9187,3673,7935,928,4403,5426,7990,9846,624,4344,2371,4699,Web Attack - SQL Injection
5116,6237,9469,8878,7627,4610,532,4497,3852,3404,2768,2655,2140,7724,573,1565,9997,436,3589,1398,9746,7691,3266,6408,3497,4956,1974,9058,9245,5410,7742,2534,7573,8219,3217,2335,4676,6395,7329,2157,2691,6541,3342,1555,275,2736,9539,3089,7578,7968,2172,152,1604,6801,7724,1826,8438,5509,1370,5322,5128,5811,1691,6674,3390,2398,9862,36,1627,2339,6160,1371,676,5072,252,2864,1616,BENIGN
2231,6433,760,3286,6301,7066,6834,392,8622,996,7148,9283,1100,8293,9084,2260,9980,2180,5316,1780,6433,9471,4008,7373,3286,4517,2628,538,1780,6605,2348,5407,7169,1960,3091,7097,3562,5081,4901,2304,2485,7928,8175,648,7890,3815,6279,9743,9494,2632,7903,1268,1773,7020,3627,1166,2548,1550,2140,5502,6008,6422,5846,3520,7928,7125,8812,5407,2523,4767,8362,5644,2419,9608,6077,7677,938,SSH-Patator
6352,6943,7611,8064,3177,5351,5100,3796,2884,9923,1272,6407,1752,7670,7430,1691,9449,8623,5173,3905,6046,6080,6156,6814,6684,2104,5099,9376,436,4325,7008,8813,8826,1993,2675,5861,2340,9601,3816,9020,2281,7463,5822,8728,9594,8996,6682,9043,8097,555,8067,5341,5043,7400,6029,6818,2094,3478,2930,8445,3520,58,3702,9913,2607,5110,8456,1707,2293,2484,2735,3455,937,877,8738,2462,4493,Web Attack - SQL Injection
6135,7981,2215,5726,5947,8421,1427,6287,1699,2145,8198,6958,4272,9421,1823,3984,8822,8461,3771,500,5606,7939,5607,2750,1312,2153,4736,608,5104,1663,3294,5924,1997,6022,3185,1531,4216,7384,3706,7259,4502,8867,9846,5004,3544,3818,8087,7082,3443,5709,1047,9523,2660,7930,7058,6266,8955,8077,3408,6301,7494,1684,869,5123,9105,5875,7212,6727,9822,542,2203,2935,751,2111,8612,7276,9678,DoS slowloris
546,4961,2557,1571,6584,8645,2691,6960,9949,4774,59,9609,6211,1338,8658,7001,7948,2471,8911,9427,8754,9174,4520,8101,1730,4339,7879,8037,7800,3047,9549,5225,1785,1962,7246,9380,5965,2678,6105,5307,3123,3143,2800,323,2202,6202,7442,1794,2342,3045,1307,1455,9154,9909,5391,2539,3618,2378,9066,2205,1139,3591,4714,4714,9737,4667,8457,8293,7854,7158,3973,9726,2269,2483,1213,4735,4429,Web Attack - SQL Injection
9773,9796,5995,569,8095,1545,908,4462,4083,3340,6947,7039,7112,2425,7155,9205,6670,1872,4909,8397,815,65,2051,2,7426,324,6134,604,4891,2582,3122,7976,3114,346,3443,2254,8302,22,3816,1707,6715,6053,3815,8938,514,6287,3039,5861,2856,2341,8516,6336,3362,7806,3490,2507,8148,5167,3178,7431,3324,9754,1544,5851,8717,6172,4633,9941,6286,9032,2265,8904,8258,8952,6287,5260,8656,Heartbleed
4899,1467,4852,6101,7547,2760,6421,1393,3693,5378,1699,1120,5329,1571,728,615,370,6767,5338,4942,9139,1119,9647,6331,7019,2422,7590,9532,9710,5825,6760,8902,4570,573,507,6735,2222,7688,1294,9889,787,4667,2233,8778,3650,3249,6071,4036,8747,1709,5212,1510,5903,8167,7552,3506,6078,6432,3633,1461,5914,6352,2171,7928,8594,8475,6806,6115,8432,4656,8892,2670,4360,2548,2326,2796,7046,DDoS
5179,1610,8679,464,4323,8857,5475,9681,6965,798,2800,3240,3355,3929,859,8555,7688,5022,7584,6402,9107,1774,3365,8014,8342,7425,3021,4237,6394,3817,9262,760,4451,4627,2739,7439,5548,6791,7916,6845,6867,9108,3943,3460,1492,3621,8918,9801,5018,8162,6750,4841,9131,7468,87,562,1268,9682,5561,6045,9764,4654,3171,7512,7852,2800,6846,5038,9449,4888,4780,1143,6703,747,7094,6445,3488,Heartbleed
9337,2104,3856,5119,5258,2768,4059,1808,5480,409,645,1551,5362,1113,3587,61,9427,1727,4592,8168,2966,3360,5662,8070,9604,9925,6700,3630,3869,5200,2039,7454,1307,6634,1724,5670,4690,2455,941,7092,5295,7688,3061,9476,8587,3763,7694,9282,2888,9914,4443,4006,1086,6499,1304,6510,1014,8412,5848,9318,8664,5120,415,1868,4112,1533,7922,1462,7698,1865,4009,9928,7973,7710,8663,3177,2865,PortScan
2461,7782,3581,8692,7994,120,1775,606,8129,7375,819,783,1846,7560,391,7880,1132,4445,5318,5562,4439,676,6251,594,3324,6168,6426,7730,2934,5033,6763,6086,4333,839,2510,4687,2887,3043,1631,1405,7632,6115,6495,2489,4490,5,2581,8411,8203,2842,5504,6847,8649,8358,7283,1973,2195,7574,8143,7552,3828,5085,4737,239,9108,2952,855,3238,553,8134,9420,8386,7338,5994,9617,2693,1971,Web Attack - SQL Injection
8691,4114,3773,3647,7909,2866,686,2067,5907,447,9958,9316,293,4160,2546,8267,7044,3775,9491,4178,3534,2053,7112,1699,2518,9929,5568,6832,8561,3739,4373,339,2862,613,1103,8984,6746,8258,4511,7312,5405,570,8731,5356,116,7224,3031,3456,3051,9826,8433,8656,7807,7302,1878,4881,4636,2534,3809,8763,5605,7733,3641,656,3151,9140,4110,7207,306,8896,4492,8869,8402,4494,1396,3460,4353,SSH-Patator
7676,4544,3148,827,2655,6711,8691,9253,7864,7525,5170,3496,6094,4222,9318,1989,6579,5504,4180,1382,4167,3166,2635,5545,9221,5209,9810,9427,5382,3983,1405,7737,6200,5742,6711,9739,1884,5172,2184,6317,7003,8410,7430,4350,9003,8461,6367,4699,9378,1733,2967,72,4993,6117,7885,5042,8061,630,5603,877,8948,4293,9642,2540,81,1331,9914,7955,356,9511,579,645,6263,8499,233,1034,6017,FTP-Patator
1735,4277,941,349,1405,7464,1545,4320,9943,1746,7896,1354,7330,4288,9360,4766,5957,6835,2585,4707,900,3341,7694,127,1675,1777,5165,8425,583,1466,8694,6750,1155,9691,7960,935,355,1994,5156,6281,9637,7409,5364,3974,2504,2146,7669,7304,1210,6179,8821,4882,6824,6198,9686,1107,4986,3434,8023,2815,7061,2035,6807,6973,169,8823,8996,5015,6897,3034,4480,3412,4988,7130,3869,6099,791,PortScan
3841,3356,7522,4925,5074,6700,2094,6250,8807,5252,7003,4296,2301,5269,9764,504,1945,1861,3722,3683,403,4331,9811,2906,4728,7709,1569,139,4683,6730,5062,4665,2172,6079,3420,6277,1249,6064,2697,2753,4934,6465,3884,7254,94,4291,5780,5083,9867,8204,2301,4083,6119,6224,372,4489,5851,6028,8609,816,9995,3612,7747,6350,7439,1332,6361,755,3525,1796,3059,2177,2050,1989,7518,8746,5809,PortScan
8457,9114,8725,5976,1693,2051,2920,4845,4167,6231,4623,9077,6746,6139,1458,3795,3410,4024,6269,562,6092,6992,7008,7796,5659,6084,2971,344,6611,7124,6284,2716,9864,5660,7232,4893,1119,2262,742,5001,5303,7330,782,96,8778,6661,4911,2238,9108,3349,2488,3793,7817,2837,2386,7396,1841,9394,5366,8064,4769,8921,316,7453,75,5069,203,7895,6567,7460,3775,8078,6924,7580,5558,4355,3051,Heartbleed
8623,7384,3162,8389,5078,38,8920,3165,4779,6186,2124,7399,4134,6294,3771,5538,3257,6461,5388,7900,1244,657,1699,4456,6068,8047,9991,5963,6235,4535,7273,1976,7937,3669,4192,937,5596,1289,4670,2150,7421,8704,1516,1404,4492,6170,2353,580,3329,8293,4550,2963,298,4116,44,7647,2543,3859,4778,4394,3552,3155,287,3705,516,2201,6577,8102,3658,6922,4286,3936,9361,990,4971,7721,1851,PortScan
2709,4007,2621,2178,838,9747,9414,4934,9625,8104,7338,1168,7348,947,160,2627,2535,2272,3463,4804,160,1784,6598,3182,3624,8958,2027,8376,1896,2404,2539,732,9813,577,2161,8569,3848,1308,841,2171,8347,6253,9894,3385,4821,5813,1413,44,1686,5236,6625,2725,9615,8009,4014,5780,4595,8265,3018,6292,1560,9083,9438,472,5435,2217,8892,52,2987,8330,9589,2137,827,8164,1248,4835,8377,SSH-Patator
7402,3193,4928,9604,7596,2916,9207,4537,7051,5645,4261,1935,8041,9660,4538,4426,1358,1769,9381,1192,2816,6267,7025,4856,5217,1042,5243,8417,6755,6467,3977,1883,540,8837,5085,4801,4726,7022,1688,9046,6634,404,3343,7811,7018,8711,1407,9012,7030,7359,4530,7928,4067,6206,2181,3232,8616,1551,357,1594,5128,9202,8388,9225,9053,348,1658,8766,1819,6471,5881,6655,9122,4008,6043,483,3912,DoS Hulk
8445,9026,1190,9895,4564,5979,8684,3409,8243,8453,1908,3646,7715,2377,4336,5404,5958,1625,5418,9420,4386,6354,1389,5909,1487,6501,9108,710,1886,2216,1320,7906,4445,4831,7817,6984,8592,750,5594,7171,7491,1887,3685,1418,2603,3771,5100,9837,3487,9005,5910,6308,4733,3169,1023,9701,1393,5239,2346,855,9358,2754,1665,4038,3687,1116,4542,733,2921,9898,3498,9316,4717,4854,1858,5473,2513,BENIGN
4960,3515,9989,2316,2014,2167,3028,9335,4231,3148,7521,9127,0,8268,7611,2628,6134,573,1548,8377,6045,3492,8225,7839,9812,5689,1896,2455,9992,5416,5383,1405,4538,1186,2139,2678,3794,2719,8048,4602,4450,3957,6069,8679,278,2591,8841,354,2242,4899,6236,2480,557,3486,161,6244,698,3544,3777,2205,491,1992,1032,3283,6016,4919,5974,8977,1833,991,6984,6346,1783,5184,1184,1668,6833,BENIGN
571,4300,3738,583,7323,8499,8253,7540,5579,4570,5691,1959,8030,5126,3762,2786,1542,1675,33,2799,7496,1855,6923,2685,1057,6938,4501,7597,6571,4388,6022,2627,3820,7247,3643,6191,3762,5987,8798,2355,1333,4008,2473,6143,3733,2086,3350,8567,1952,3710,1693,8263,1774,573,6485,4664,5059,5362,4066,6471,6113,8344,5374,8920,9744,3663,6694,6141,6286,6160,9191,7142,5021,6870,6308,9326,4742,Web Attack - XSS
8143,2715,8545,5393,9494,4082,3731,8701,1537,8092,177,2376,7738,8992,6831,3243,3666,937,3027,2020,7202,1974,9710,1258,7052,3110,9434,2753,5794,2675,419,8844,2871,867,8365,8004,4732,9751,4127,4592,2242,2488,1512,5616,2771,1643,23,2337,2943,8022,4726,1716,7094,4133,6529,744,4177,8185,5940,49,6812,6217,3049,5225,7868,3889,7951,9814,9979,7635,5775,3355,9205,8345,6261,2314,3456,DoS Slowhttptest
7408,4266,8808,3049,4643,5304,1925,6845,6810,2457,6882,7820,9803,4241,3109,5245,9819,7963,4440,7610,1998,1131,1992,8047,8705,5040,712,214,5746,8795,6981,3769,4867,8861,1080,9617,474,9323,862,9003,4272,8678,8883,3108,267,8976,3873,6531,2401,4909,2316,8176,7609,1201,5186,276,5327,8498,630,2585,6661,7441,7400,1137,6968,1713,9240,9775,3351,8093,6215,9143,1224,5445,8224,96,4358,Web Attack - XSS
3141,7980,171,4853,9092,8933,5431,7537,8582,958,4670,8535,3481,1569,7931,8647,5542,8635,3481,7931,5693,1417,5856,7676,7011,6709,670,5413,6001,2284,5440,8291,2787,7857,407,977,5553,8334,7452,8911,9651,8609,9296,544,7153,6960,7544,6302,5905,8964,9885,9260,4223,1573,4972,3793,7519,2653,540,2211,9750,8322,5543,3820,2231,9017,2718,7690,1022,5354,4226,8888,9229,813,3837,8850,1083,DDoS
9375,5566,6681,2624,5505,7549,2732,1997,9440,7675,7777,4343,8203,3607,8928,509,9460,6094,5745,4816,3042,4910,6572,1058,4300,9081,5503,2952,5696,7610,2744,9700,7637,3033,6034,9959,9324,1201,248,8003,5276,8421,2675,9476,2875,8512,7294,27,509,640,3250,3747,2719,3903,5005,9503,3336,9682,1418,7599,9650,3459,4904,7312,7342,9529,5248,3081,346,116,9612,3082,1631,1999,8059,7269,8132,SSH-Patator
8998,7003,1691,2704,5540,3435,8402,9882,1777,3147,8057,2499,686,5066,9121,9506,2833,9965,2245,1185,2464,8575,1521,979,4177,3610,7471,5700,7573,1953,5546,9676,883,4823,123,525,2086,6411,6099,9568,4406,4135,8026,4876,8772,1993,4525,8648,9643,203,4213,5923,6365,4992,6206,7501,7459,2192,5049,2709,9374,2828,9150,4074,5950,68,1637,5663,8393,8457,6251,3125,7094,7505,6333,238,5046,DoS GoldenEye
8017,290,6464,1808,954,7032,1930,6989,8475,8998,7779,5130,6585,2676,3571,3759,9810,5121,9000,3786,941,8231,1338,4652,1321,1654,3068,4738,6593,8586,791,6676,743,6524,6574,193,7894,4274,3897,8409,3582,5083,8129,5343,7517,7789,3903,1785,7962,9374,523,3296,6956,4479,7711,5685,6647,8560,7794,5590,4383,398,2151,5430,3880,126,2087,1770,7025,8438,5925,3318,2081,2057,5287,5903,5335,PortScan
7575,5721,7078,339,2728,1591,7843,5783,3161,9500,8175,4629,6901,2297,5450,7290,4944,9701,5318,3807,12,4034,5530,9772,3433,4633,2051,3876,5908,6130,6427,1823,3430,2740,1788,1952,9143,3420,3027,3101,5873,3588,3845,5737,9339,1417,3909,4745,2772,5175,6275,2249,3858,1625,2749,2605,1847,7207,8770,1136,3133,1157,7452,9841,7275,5413,4372,5611,1586,2323,233,9457,7916,31,9563,8951,3203,DoS GoldenEye
1794,761,4080,281,4071,4625,5978,9007,4559,1470,3287,4259,5706,510,7961,8746,6784,9498,5493,258,6588,9416,1665,9595,1865,765,8256,3449,2705,5765,4974,195,1383,2435,1450,8414,7924,7058,7316,5628,441,9629,2367,4865,9074,7159,450,7039,5198,8934,7286,9736,3350,2829,2613,1915,7212,9440,527,4819,7879,8432,8556,1208,4120,6476,2961,4776,2417,1616,9227,8911,4682,9165,6825,1846,1371,Web Attack - SQL Injection
8882,87,2512,8685,1245,6116,9333,4231,977,8733,6722,9594,9002,4507,3492,4925,1133,4865,7769,8760,3000,9513,7666,6704,7365,6632,1767,2074,1141,1077,4599,6120,8343,4832,8670,1685,3491,1371,5459,3423,9888,3976,1398,5361,1401,9900,1412,6430,3230,7521,5849,6056,4722,8109,1264,2259,362,6276,9724,6420,5384,6748,9575,7831,666,2812,2475,6973,3100,3401,5015,2551,2151,6637,387,5864,3161,Bot
8568,4335,1280,743,7356,3486,8023,1068,9200,6971,7526,8534,630,297,8148,8889,5316,1505,2825,8570,8897,2414,5656,8962,9286,5147,4444,7547,9423,1446,2402,5642,1826,7918,3847,1092,4677,1720,882,123,3490,5797,602,3831,5460,8496,6946,3228,9443,9128,6508,2313,3289,6996,4844,2198,8877,4235,8246,3212,4169,3206,641,4839,6169,7655,61,1223,492,6822,6611,1139,5490,6794,1255,2495,3285,Web Attack - XSS
1125,3881,4105,1146,786,258,3849,6430,6174,4616,8180,715,1643,123,1773,9113,2177,6889,1503,5661,7094,2124,3254,2413,4387,6089,5833,156,9315,5003,5753,917,6253,1702,1665,5389,7163,5807,2111,3714,6983,5110,2397,5454,1555,4502,343,1544,3996,6848,8230,4382,8046,4986,3423,9220,235,7993,9160,5224,1230,238,4924,51,9572,1056,8213,8498,7609,2609,3600,1965,6532,3578,5561,2543,504,Web Attack - Brute Force
5084,9494,4014,6307,3614,5142,6071,4806,506,9725,4003,8899,9815,7611,1707,8493,2444,8509,5906,2955,2927,857,2720,3022,8868,378,8408,6058,7418,4963,4851,2989,3830,5403,9698,6850,9482,1939,4694,7325,7715,8427,9975,7627,4195,2786,1377,2755,2083,4409,6570,4612,6107,4104,3549,4152,7657,5478,2641,5025,7764,2112,3500,5987,7624,9201,1629,9041,7361,6260,6922,7166,478,1310,2143,413,9848,Heartbleed
3936,8187,1394,2623,2290,638,352,139,8443,8860,3842,8508,4018,2926,6892,7242,1052,3563,9315,1343,569,7690,3916,9192,2923,4545,3925,3252,7558,3392,2617,5935,4355,2013,1927,5332,6258,4547,6915,3719,9743,1682,384,4708,3036,7023,4652,4445,389,2918,2113,1142,745,6151,1730,4385,4123,3230,2514,1769,8299,2486,4298,8968,7992,6444,6021,6046,8629,9226,836,4702,641,3174,1808,7653,6253,DoS slowloris
8834,8894,2848,3612,7062,9914,9040,2554,6320,1462,5962,6811,510,2156,2919,5191,6632,8924,1237,1480,2010,6897,5629,4757,7490,2735,4199,7286,6200,577,8079,818,7188,4174,1889,558,2933,9811,6831,5949,7643,69,1189,2902,4340,8875,5895,7550,5697,3910,8262,5984,7715,9454,7747,2155,7956,9563,1915,7918,4351,7468,7067,5264,5795,9739,4455,7691,1213,6439,9052,9181,2923,1432,340,7381,1198,Infiltration
4296,8186,4193,8113,9483,4934,8543,6610,9493,3087,6073,455,5853,3250,9349,257,481,4730,1396,5418,5171,6073,7059,6455,6202,6178,647,1611,3884,4982,3586,7673,6080,758,632,7848,329,5446,8201,984,668,441,2925,4020,5677,8465,4713,9218,2373,9749,3126,2933,8639,3368,6516,3806,5255,8066,8261,4585,4598,5817,116,1813,903,8685,6205,3858,2683,4175,3730,6628,5141,5443,1540,8088,7959,BENIGN
625,5972,6162,6797,4858,837,2015,5156,8263,7234,4748,63,8221,4652,6789,7183,2325,5850,4372,6364,4765,7191,2879,2188,2781,2145,275,1266,6576,4104,2319,31,851,8796,5868,7720,1807,6195,6331,6063,7411,3562,3198,4504,7985,6734,6989,2947,4123,4783,5599,71,9328,5516,8234,4360,1831,45,8174,7392,6071,1675,7268,6381,6744,9461,6834,3023,2790,6343,1012,4589,3507,4802,2071,7530,2317,DoS Hulk
5347,2175,9978,2372,6802,5225,9652,6228,5121,8050,7732,9656,5144,9250,6812,9163,7824,5455,2504,9090,1502,7042,8534,3860,7858,7519,2860,1248,7083,9400,5010,6305,5762,4390,2139,9802,7335,8748,6118,3994,1152,3744,3621,5890,9164,3907,3728,7747,3066,9483,2860,163,1714,3462,1440,5313,8992,6227,2660,1690,233,1876,9153,3370,6339,5109,1045,6091,4481,4459,8033,6417,1407,207,4370,7150,9944,PortScan
8687,901,7083,1749,8651,4489,9108,6582,8030,4734,4665,2194,7126,959,8585,4538,4058,4842,2177,1799,7570,8696,719,1987,5773,9066,2878,8825,2420,1324,1008,9331,403,6233,8887,9099,6772,6590,120,6460,6281,5862,2865,3731,3591,4486,7172,2414,9032,6635,2805,6665,5361,1465,403,6570,8604,9729,4249,6346,8408,6625,9216,2813,805,3349,7361,2816,9463,6231,8625,7420,8620,9379,4257,2312,1995,PortScan
4995,1742,9534,1155,3204,8585,6763,6947,7202,4817,2040,2078,2864,5829,6249,7442,5215,5112,6937,4256,9521,9838,7891,6339,2385,5429,5298,3305,3320,6275,6392,3526,6642,4914,9463,1287,4944,360,1974,3464,2226,5044,5625,1850,5932,3905,3775,817,2146,7774,8372,7096,7833,4469,5955,4719,7850,6014,4958,6265,441,7884,9854,7658,9062,3212,9848,1896,1089,8674,308,8784,1018,4493,3261,7084,4290,PortScan
1357,82,8442,9285,5411,2387,1408,9673,9290,3728,5294,8924,322,2057,3060,3700,5635,3384,9453,8997,9725,4225,3456,3664,3096,7428,7565,4659,9545,148,5730,7163,9975,6262,5553,614,8431,912,3013,5409,158,547,5132,2900,7674,2265,8946,734,3791,4317,1924,523,9702,5924,8809,860,6184,7492,5880,7901,1307,6346,2821,3865,6925,8226,2100,9571,436,2572,4362,308,491,5308,521,1914,2925,Web Attack - Brute Force
3290,3229,3577,5609,2571,232,9814,2652,6250,1216,3539,521,3066,340,8250,3253,4681,5633,242,227,6703,2602,8318,4430,4853,9623,2168,2748,1308,1593,1493,7883,4777,6438,7108,8438,1082,9673,10,2006,3529,2292,944,8626,6248,2289,3343,2566,1759,5163,3875,2228,8459,7019,4477,5917,514,1743,9121,7856,1448,3887,198,1780,4900,4422,9905,5713,5743,3504,7672,2567,9121,4625,7090,5352,1419,DoS Hulk
9522,2557,7870,423,149,9705,8095,138,7065,1870,2061,8120,8181,4280,5696,742,6424,4181,8268,1991,5256,3705,1016,8288,994,9746,6941,9224,8274,9727,4525,5209,512,1922,1697,1914,4753,6816,8838,797,8268,6224,6697,8933,1225,5566,9156,5922,5036,8503,2646,7684,2731,8824,4694,5545,3681,414,9734,8963,4479,7199,8678,9971,7532,6407,7309,8221,8321,7945,5189,4214,2374,3983,207,8139,9173,DDoS
6911,6690,111,7153,4709,5040,1409,8897,5872,8132,6275,6993,4199,2600,4857,7806,6805,7498,5039,9039,2943,8067,8360,6700,984,1107,8298,7432,4342,1553,2002,8104,497,4949,1421,3474,5980,4373,8733,7310,8980,8547,5643,9418,8441,6178,531,8750,1619,1291,3124,4880,4113,9319,3911,7159,1107,5427,5270,6496,1687,5987,4471,5681,3475,2577,2532,4217,6937,2029,9335,5958,5418,6190,7764,9939,4819,Web Attack - XSS
2810,3415,5952,5433,1716,7897,289,4697,609,2353,7645,535,3291,3757,8948,7157,3849,8069,8545,4830,4330,8497,5229,2995,6970,2214,9401,275,6153,6553,8338,3548,6972,851,4523,8679,1553,1761,8775,6799,4310,4605,8702,7756,3813,5891,6888,6194,8147,3202,342,7745,1423,8337,4557,9107,6647,1911,1339,2246,6446,2951,497,790,8201,3098,8184,2816,326,882,1671,5002,8929,2174,5235,923,4266,DoS slowloris
8112,2824,5107,6869,5720,9345,2070,7346,6544,4600,920,6091,3482,6472,1443,2801,1775,8220,2292,3703,825,7711,3741,8330,4452,2259,1162,3439,2533,5612,9551,7930,2225,3672,2160,8474,9331,1797,9382,1244,7069,7893,4408,1930,2518,47,133,5675,2364,3509,7153,4094,2537,7996,5984,2471,2434,5021,4335,3522,2305,5287,663,5681,7443,5944,7774,4849,4200,7097,5022,3492,5468,7939,9145,1673,1342,DoS slowloris
8431,6570,3049,6283,4247,6574,9655,5331,399,1937,8373,1074,2573,2397,9273,418,9352,639,2084,4589,358,1803,5204,7889,538,4439,6888,9905,865,6028,8967,4671,1035,8552,2819,8487,1426,5494,692,7593,1067,1132,9313,7612,9433,946,1615,8254,5715,6069,393,9718,7534,9693,7422,6202,519,388,587,3497,7669,2571,8471,6708,8996,8266,2985,709,3662,4630,1430,4991,5067,8838,2038,4133,5351,SSH-Patator
2215,3356,102,8336,8946,6803,4461,6296,6565,6462,82,9503,7963,5990,5752,6222,3668,1615,4246,2062,8971,7555,1058,2398,2330,1759,427,5377,5029,3876,2116,559,5441,9577,2617,589,498,6347,7904,9721,9830,9324,7432,5956,4483,8607,4996,1591,4407,3883,1607,3724,7555,9907,202,3854,8301,768,138,220,7356,9052,3927,2387,2525,5054,9637,6956,1609,5443,198,5984,9352,1369,3571,488,3540,Infiltration
9056,2180,3328,3634,655,5986,9571,235,988,1382,9006,9881,5629,2486,1665,3986,8186,1823,5828,5430,5336,4088,610,9527,3868,4325,4435,2163,8262,1749,4945,5172,341,4683,3831,2379,6105,3869,6068,2439,7906,7857,5429,471,8059,3765,7826,7912,8845,461,1173,1667,3321,8831,4369,8673,8273,4126,2793,9299,6185,3785,250,1620,9910,8457,21,2123,1510,3852,4775,7008,3422,8431,8242,3007,8667,SSH-Patator
156,6342,7598,4761,2019,5237,9878,7923,4170,5047,2414,2155,3757,92,6243,8862,2143,8423,5971,1602,2951,9964,1310,7967,6246,158,3778,1586,377,3295,8905,8929,2500,1863,7888,491,8113,7501,9721,7410,7731,945,8893,2484,2755,7628,7817,3033,389,7834,9435,3347,11,9708,1620,9949,8240,9907,6153,8178,8452,8511,1927,6813,2832,6978,4116,15,3866,2345,9132,8450,1063,275,2566,4922,1930,Bot
3582,1331,8066,9748,479,4509,3046,1488,8152,2092,829,7655,2700,8335,4930,2804,7990,6336,8975,6016,4273,6461,7558,2198,8802,8732,7375,7889,412,7256,5868,9975,5377,9919,5727,1427,3510,1637,4576,8371,3396,4677,5525,7122,1642,1294,9774,3536,7787,8555,2116,2561,6039,7400,7868,6265,2542,6720,4020,883,1172,9976,7038,5595,4674,7738,8304,6688,6542,8983,1315,3233,50,143,3687,5801,5252,SSH-Patator
4485,7337,8151,8116,3730,8940,9066,2944,4803,1208,3733,213,6566,1818,3494,485,7544,3015,3479,6929,6414,5216,4937,3118,663,1023,6316,4442,236,6686,3343,6550,2125,7958,3217,1955,6155,7927,228,4938,5060,6815,2886,6874,7605,2819,2989,9278,7138,1993,3045,6193,3305,1992,3599,3587,1305,6363,5467,4459,5087,919,8233,1282,6109,2120,4496,3150,5306,1833,7723,5878,5009,3862,128,1345,7369,DoS Slowhttptest
7132,4642,3223,3476,5097,9627,8447,5722,9945,4746,3411,75,3611,8001,8696,3392,5111,6119,2394,1416,7843,8431,6053,1777,6314,5764,4158,4146,2631,5440,3389,9406,669,3561,6233,5541,7658,8807,4658,7421,9322,7461,5630,5355,9713,8012,4451,2664,4862,8495,1515,583,8558,8650,119,3284,7908,3254,4459,5565,1968,2531,9043,6389,1929,1943,8955,3296,5276,5725,901,9710,5965,3256,5506,8933,3553,Web Attack - Brute Force
1693,6495,2129,4011,3252,1365,8387,6203,150,5180,4523,7094,330,3324,9081,954,7400,4449,6360,2044,5645,6554,3599,6874,7041,5010,3990,7848,5645,1575,5019,6723,5754,2213,1226,9855,8555,1947,5544,4753,3632,5588,6658,9466,9637,4827,6138,5979,9201,5386,5287,9920,8887,4617,2384,9574,6796,3605,7033,9920,6747,8844,7936,758,1279,441,6228,7716,4193,3970,1526,190,1873,7958,7368,7489,7868,FTP-Patator
8346,5606,3902,6660,8085,2412,23,6624,7958,1741,3160,3371,9252,3351,460,2117,6356,1606,71,6351,706,1928,2798,9369,8345,29,5071,3311,6787,1874,8428,8809,1571,7213,2437,7531,581,2254,5852,600,9170,8706,809,2485,7398,1446,468,629,3382,6538,113,1225,5483,1616,3317,7351,7580,6416,4640,5733,5618,4813,2537,3174,7974,2222,8021,51,2344,5064,6486,5830,4695,4266,1658,7368,5183,DoS Hulk
9078,5621,4010,635,6421,174,9248,9940,8759,6156,9975,7707,7009,2143,6999,1474,5244,7248,4102,329,2673,4622,5232,6583,889,8021,8953,9215,1680,5951,9253,6866,9095,133,6064,1125,2039,4188,2849,3366,2911,2591,4283,4261,7134,244,5128,9371,4925,6831,1778,6310,8628,6334,5906,8985,9472,9930,8641,7668,1954,8806,7393,8930,1631,5036,3665,8260,6874,869,9585,3191,3119,2115,7252,376,1941,DoS Hulk
204,8936,7054,5948,7246,9741,4420,2425,3973,670,3417,3065,1727,5976,4026,7862,6064,3814,1703,7621,7430,4541,53,691,6066,8448,3432,833,5794,9353,3522,8664,5860,2026,9829,3548,905,6364,1183,1088,1192,2128,5387,3451,331,9403,1048,2275,5237,6385,1634,7648,502,3569,9271,7316,9526,4647,4018,4216,5891,5231,8214,7848,7431,479,2354,4864,1143,2333,5083,7952,7574,5271,2645,5444,6067,DoS GoldenEye
7413,8191,5035,2209,9584,5048,1959,275,4624,9651,9150,1841,4145,5675,7057,8181,487,2127,5405,6704,7265,5597,1940,7735,4350,959,6630,5792,2563,463,7671,8207,918,6087,1613,9014,2120,3391,1881,8931,7362,5001,7256,3843,8989,6129,3210,9778,9969,5516,2531,5487,4553,2279,9559,7305,9589,5556,154,9307,3665,6727,1114,699,7565,6955,7109,8787,1013,8731,11,7474,4459,661,4633,7381,5574,DDoS
5871,9437,579,8453,495,4225,5934,2136,5063,5451,8821,8697,7297,206,3130,1854,5578,5264,7477,1660,8084,7548,4979,5046,8476,718,8693,257,4905,2597,8012,9431,6798,3013,5224,4617,5064,887,7281,744,7236,3436,5163,1704,8402,4064,5226,1956,1702,4214,8677,2501,5127,4607,9258,6537,4056,197,7631,4963,7968,1315,6296,8102,4862,9373,3341,7747,8448,2562,1667,6314,6413,2648,5734,8828,8199,Infiltration
7615,134,4120,2512,6105,6847,8048,6545,6032,1232,9145,9730,907,9872,5653,5158,5926,4089,8810,7779,5903,7090,2844,4301,8888,4303,8596,9702,7549,4962,857,2392,6771,7559,4282,19,5457,2420,7923,66,3133,785,6765,7735,2132,9621,1418,3690,1547,358,1562,4386,2177,3810,478,647,6675,263,7102,8003,3742,6646,9753,5200,9628,2005,3140,9099,129,9129,3718,814,5849,5606,14,5305,3488,DDoS
8898,702,4841,6575,4131,4842,6160,6657,6492,5499,2555,3939,4951,3338,8708,797,8676,3674,8634,6521,1653,9205,9154,8764,6681,5999,815,6967,1210,3134,5455,554,2792,5865,6218,6908,4302,7852,1264,6819,9085,2304,3958,5536,9430,1817,766,572,4463,5320,7748,750,2811,4456,7354,3554,2418,5140,5036,2988,854,2850,3379,193,9769,9672,8938,4961,4740,5632,8341,7983,7149,5753,4897,6969,5332,DoS GoldenEye
8120,9867,5790,673,3701,1360,3067,1444,5487,5179,3353,6380,6781,6060,7212,5919,5860,1770,5910,9894,194,8766,5854,5914,4686,4643,8580,7874,1752,660,5615,2832,8488,5613,6970,6870,330,6777,9476,9270,5401,6915,9066,3866,6113,7426,1585,2940,6289,6405,1502,745,2612,1508,1770,1961,9787,7751,3658,6977,6609,465,2069,2443,9424,8336,6563,7516,9999,3048,4042,4139,4202,6124,7773,1287,8301,FTP-Patator
7503,4819,2790,861,8652,1104,5374,743,2410,4993,8634,1833,885,3604,5357,7089,3221,8343,6937,1596,9863,9726,9757,9142,2492,9533,8923,4333,538,8163,768,2856,6905,2121,5553,9926,13,4707,4490,8382,5993,2864,7605,4102,1104,2812,6131,651,6628,9572,7831,801,4544,6428,4140,1552,2792,2723,5576,2022,4670,9622,4188,603,7028,7150,6896,8518,5962,7978,2775,3639,8782,1438,850,439,7800,Web Attack - XSS
6575,9857,2908,5193,1257,1544,1905,1815,2276,1450,3544,4906,3634,5848,8365,9290,1122,7284,5352,2176,4837,6333,6311,9884,290,7508,1418,5593,5310,1988,8759,5638,5170,3038,2303,308,2138,2196,461,3820,7959,4732,645,6014,9588,3268,7915,9762,815,1905,8040,4898,3204,1129,1797,3414,2484,6223,7723,688,8767,6431,6001,7099,6421,7038,2839,3074,2525,2017,3378,9243,8278,3097,7524,6448,1277,DDoS
8711,6070,6996,7353,8578,7667,13,7397,4186,3475,3,3290,7930,9794,4826,7540,6160,3973,9834,9681,6587,6377,3233,9887,1386,7543,4792,1197,2285,9179,2959,1261,9447,8779,1540,7897,8985,5663,6320,7667,118,1213,8805,4234,7503,3473,1289,2380,223,5679,2640,9178,1023,1543,7004,9464,1779,1700,7999,3983,9215,7385,7594,6158,3839,825,2736,3406,2774,4632,8683,8783,2734,6887,1492,9139,9767,Web Attack - SQL Injection
8820,4482,4747,2240,100,1093,3772,8624,5334,536,600,9858,2755,8510,7516,4941,7508,1527,8262,5248,443,8578,5674,5195,1869,4648,279,770,5562,953,1559,3446,6982,2440,108,4454,9147,7078,3360,3489,317,340,4444,2074,8829,5678,5484,6979,2366,1565,8984,3704,8546,4201,8756,3453,9494,9942,2590,7617,257,9787,6221,1046,6646,2232,4077,9832,9903,48,8359,1853,3741,2068,8583,7457,5823,Web Attack - XSS
228,3252,351,2272,4037,8425,8457,857,8690,9068,4194,9836,2392,3324,6261,4951,1432,480,8191,2970,1665,328,3254,8608,7250,2301,944,2052,9171,7703,9848,1451,7918,4003,1586,389,3728,9041,8007,9010,3635,6480,2654,4106,8681,2319,6152,2934,9338,2823,2505,7079,7798,7869,6934,9003,55,8899,1009,4118,3316,3489,4326,4305,5281,9592,1193,4994,7506,7969,1497,9442,9064,2410,9770,8666,5131,DDoS
4048,6927,4624,8462,6681,6017,6800,7005,3551,4585,4457,3883,9186,768,8736,5074,9123,8282,4333,7191,9042,7548,2968,2659,633,3228,9416,1248,982,2510,3850,4758,3993,989,1616,7021,8616,9622,1635,6395,5218,177,5251,719,3128,7035,2789,8845,6261,8681,9536,6900,7523,607,3591,5645,4119,5311,8944,3048,4444,4120,1014,9960,4896,7053,9150,1591,2588,2538,8982,6181,4394,3098,8839,5876,1475,DoS Slowhttptest
5204,7737,5075,9315,8807,9476,3672,2855,1623,5636,9332,2830,8690,4682,9295,3089,1752,4014,613,643,1135,3699,161,6069,3402,3993,4855,56,5284,3237,4902,5996,619,4874,2613,7141,5373,2835,8857,8319,3557,4171,4982,6925,634,3608,7606,5737,9177,7945,2573,1156,5653,3868,6534,8435,767,8606,6570,2886,861,4914,4957,3933,209,6122,2157,2377,2189,8867,6230,6283,1355,8217,1650,2958,4457,DoS GoldenEye
1682,1966,3286,995,8268,2142,956,217,3946,2415,6195,1467,2872,32,3487,6787,8616,4882,3078,6638,4862,1817,5867,5473,4294,714,3207,3980,4383,2024,6862,2614,810,2030,6033,9977,1972,7954,8908,824,1727,7503,5121,2232,5680,6745,7605,762,21,2259,4561,7132,3305,7770,4892,9733,8612,4436,7097,6814,8314,4967,8625,6331,4165,3482,8037,2884,2638,3877,1615,6004,3808,226,535,1122,4365,FTP-Patator
5213,3534,658,7218,9358,4991,8208,1903,1612,5397,8627,3455,2004,2733,5251,8454,2441,7950,6041,6351,807,2512,357,7311,2401,1274,988,17,1738,2763,6628,5121,913,8757,7333,2912,9544,1471,3163,5371,8803,9254,8627,8839,4017,2609,82,1789,9242,5708,7973,4116,5526,2741,797,2526,4751,7731,762,8809,4806,3863,3686,767,5601,3185,9212,7429,1077,9967,1890,1626,6646,1571,3675,9783,5432,Web Attack - Brute Force
4773,5044,9320,9307,4808,3752,1328,4123,1311,4450,2725,7571,2183,153,5582,815,1119,2155,5165,1209,8645,6428,1106,4416,5264,1037,3333,413,7904,1939,655,7457,2479,5639,9539,5921,9508,6520,3606,5203,4058,5004,6468,8015,315,6063,8412,6041,2261,7639,844,1514,1108,5123,1730,3185,1238,5455,2924,6796,9382,6039,3566,1456,1109,1930,7703,622,2337,1258,6300,4501,7840,7289,2023,876,7190,DoS Slowhttptest
2526,8536,3672,1913,2445,8976,1487,4891,5234,449,1427,2595,2276,5765,8435,2112,9137,1026,9715,3692,3049,6146,7584,7098,5879,8252,5053,3606,6669,389,4616,9867,9969,252,8052,3166,9906,695,5923,4748,7865,1505,2743,4654,7889,1298,4690,3868,7600,7200,215,6244,179,2686,7655,5579,376,6960,8045,1827,7772,5852,7577,2327,9694,8944,7584,8441,7272,2820,4736,6470,9081,5601,4866,6520,2743,BENIGN
7183,9948,9968,6400,7755,3096,8021,8190,1085,3729,4328,1487,8540,7453,8605,7337,7102,1009,4382,6705,8973,3079,4452,2186,5630,9398,4518,304,5138,3454,6082,5349,850,5727,8686,3555,2674,3430,7540,3149,3347,3949,504,7765,2654,3406,3517,5412,5257,1579,9953,313,4315,2687,7310,5523,9910,4499,4574,6865,7727,9015,4315,2414,5315,4779,3820,5806,1969,1759,3125,6566,7865,2281,5229,1123,5831,SSH-Patator
6876,7570,5956,674,5513,2305,1268,5097,3221,4719,4194,1249,4029,2860,3513,3219,8370,2199,4930,4677,5472,6708,7841,7830,2529,9127,7470,9148,2473,1085,7362,4662,3434,7728,2665,9293,8475,4471,6519,787,9048,9890,6905,7988,7206,2133,2421,3931,6025,5327,8816,7126,9792,8192,4505,6881,9601,6523,798,9134,3462,7495,1327,7449,8886,185,8669,7031,6684,9877,9183,7591,2749,2945,6562,3398,8386,Bot
78,1121,3221,8977,2861,8638,4218,5729,2723,9773,358,2286,1765,804,5649,2730,5991,7825,142,9315,283,7092,383,1578,2945,623,544,7586,913,2543,1747,2163,9235,9507,1377,5708,8414,4531,2153,2699,3320,566,2042,8821,2735,5473,724,7819,4048,6980,2898,1464,9499,5614,7089,153,6763,6459,4066,810,150,8137,9270,778,4249,3968,7667,4596,7357,2553,4103,5804,4564,6464,6715,3678,3705,DDoS
9044,4182,3965,5200,4629,6333,7765,5603,4474,8647,7175,229,6807,5594,5019,3477,3358,759,9982,1366,8516,876,166,3664,7463,8772,7350,5695,9991,9301,8052,9364,8963,927,8797,4100,4094,6983,7194,9193,3973,7744,413,5928,2014,9679,8974,8718,0,8462,2531,1071,8885,2887,6516,7905,1995,3577,6209,1709,2099,6117,8661,2290,8528,7970,755,9911,7212,2099,412,4103,2993,246,7562,6977,7506,Infiltration
7095,3367,2689,587,1468,232,6885,8011,7140,1886,309,8080,9135,9099,2748,1600,545,3823,3314,4930,5729,7991,5561,1841,1636,7576,1675,1790,3144,6967,155,6914,9125,8767,9525,3107,4343,9643,5163,4548,5238,7516,6836,939,9285,7090,3941,4362,1461,7935,9402,3298,60,2215,6275,4817,4102,5831,250,1599,7429,2167,6191,9477,9979,1468,4033,1502,9446,6600,4814,5044,27,7898,9092,9040,100,Web Attack - XSS
4510,7394,3240,1488,1453,1801,8084,4559,6240,7817,1515,8215,8587,1427,6085,1013,7279,4226,8611,3349,6076,7757,5187,9618,7018,4270,8655,389,6891,135,2456,2271,8792,7113,8810,9768,6096,7355,5506,8200,9395,9913,7611,8785,8797,6020,1469,1695,1306,5332,9879,5797,3983,9240,1735,4328,3359,8876,6327,9140,6941,304,2397,6067,2526,7159,186,1564,6813,1909,8469,1482,7904,4882,6978,9840,1924,Infiltration
2698,9489,9543,9409,271,1323,7751,2243,2952,330,5871,3557,7564,1827,7949,7184,7872,2173,3709,129,5887,1558,3200,3724,3533,5065,9995,4693,8806,5262,1864,687,7300,6407,4242,5959,6023,6198,1617,6080,1899,2034,6322,7529,7375,3973,725,3503,8031,9369,2340,6539,3041,7100,1559,400,4210,3331,4971,1249,8805,4226,6407,5643,1954,6977,8540,8352,8305,6161,7271,5461,9677,1628,7980,4238,6596,SSH-Patator
1995,595,939,1299,5414,9344,3016,9589,2869,9352,6381,8987,4130,7463,2917,4353,4365,3118,6749,9145,9917,9702,9778,1741,2458,6355,9584,7063,3337,6278,6003,789,6458,8491,1321,6422,4469,7655,2109,7022,2385,3446,5085,7436,618,4890,9074,1703,7753,2419,8699,6371,1417,6158,7148,2860,2385,9478,925,6221,228,1768,6591,4542,6575,7336,4893,9425,7426,2596,9501,7221,8660,9045,6115,1123,1620,Heartbleed
3974,7943,3029,1470,8284,1276,9848,3110,4641,3429,7176,8379,6788,6282,9295,5375,2226,1280,4313,4093,1340,8782,8870,8807,7983,9041,2007,4170,8527,8995,8554,6333,7639,2021,6213,2569,7381,2075,9096,6054,7997,4458,2085,2711,6847,3704,5802,5229,143,3268,9261,2185,2537,6745,5697,301,2165,1760,5286,2654,4867,9640,5092,6580,631,8553,2074,4400,2770,8960,9177,8396,9058,5110,661,678,6363,Infiltration
257,2762,239,7994,3300,7323,2265,4290,5647,7931,6706,6683,6771,8600,7608,520,5642,3884,1876,2741,3532,650,2158,2651,9220,9747,7462,7625,8129,7038,8704,1235,118,259,5518,1198,7581,6277,2432,7229,959,2948,565,5936,6658,2379,8636,6478,3539,2708,2335,9227,3044,7790,1286,9650,1630,4027,3116,5665,263,6444,5575,7393,4199,5082,8412,333,9516,9152,9672,435,2441,6877,42,965,215,DoS slowloris
4320,2705,8964,1822,4111,6436,8122,8249,4946,4743,1843,5450,460,9160,3815,7292,7629,289,9312,6392,8924,6668,3576,7985,6848,3782,6915,4937,4058,2156,2877,8134,9259,4437,3920,1127,6601,4067,9182,3486,4727,9617,5509,5481,9649,3454,1051,7274,2587,3257,2242,4867,9063,6832,127,6015,8297,1406,3420,5600,8182,9192,7488,5097,4112,1393,1871,1089,5535,4166,4539,3016,3315,3892,1393,720,4326,PortScan
4959,7758,7636,3880,4864,6673,8481,6243,6292,8586,375,6245,5746,4877,2139,1974,4501,6164,6162,8604,6345,6130,6155,6278,1378,1093,7135,710,7461,3486,4892,3499,3227,9803,730,6420,7432,6192,8801,7188,1467,1558,5257,229,6981,5524,8732,2874,9127,3092,8021,5730,6957,2692,5224,6766,3,4759,2934,4633,7361,2407,2567,9288,3149,7827,6838,1357,6228,5615,8270,9766,7473,1605,7284,4975,5569,Infiltration
1352,3734,7531,418,8452,2107,6306,4291,9096,2226,7660,8759,778,9117,6258,7521,1615,1849,1943,2370,7708,8233,3190,7834,1820,8632,8295,568,8648,310,1907,9899,3455,1691,7332,4502,580,2015,7643,6862,4055,7583,1860,3875,7418,3291,8378,2943,9814,2511,6492,6643,7834,1890,8471,854,5283,397,3503,4470,7159,3795,631,3036,927,9857,8269,4583,1061,6710,3361,4737,1699,5701,291,6037,580,DoS Hulk
4200,879,1482,7070,6452,9321,5980,314,8800,3925,2586,2119,8569,7352,8325,3245,7777,4488,3135,4510,6546,1136,6208,1751,4961,6544,8481,9698,7587,9530,6500,4973,7141,751,3589,748,364,266,3821,4234,9380,5913,6809,3177,3220,5529,702,9890,200,2013,3541,7155,3505,4159,7080,6683,6653,9903,9921,68,4372,9301,6320,3018,2653,8532,8612,2275,1918,472,3421,5929,5765,2087,7817,8185,8447,PortScan
5716,9635,7996,8730,3387,857,131,5722,2915,2586,3374,2031,1925,2001,4377,6635,7366,5494,665,6698,5441,1646,4507,5599,1163,2925,6833,7671,5052,5913,9016,8924,4486,7311,6879,9779,26,7911,2670,5627,883,5910,126,1479,8510,2488,340,4873,6856,6101,1605,5277,5836,2408,2839,1108,4454,6870,7554,7414,1925,6094,7633,9270,4400,1976,4629,2082,9355,9206,3444,758,3094,4379,112,2420,5283,Bot
821,3639,5764,1819,276,9458,6631,8011,275,6333,9522,1893,592,1387,3995,7093,5072,9726,5133,6699,9255,3105,6890,5905,1903,3361,9046,2998,1341,1861,2455,3792,5864,6991,5896,1308,8131,8089,7797,9893,3213,8438,2224,2858,1367,5144,702,1550,6671,1333,1798,3455,3365,8855,2627,2084,4973,2149,3426,6608,6837,479,3730,6359,7142,1350,8891,2647,5366,5108,1721,3159,333,8855,8970,1223,3454,Infiltration
5877,6359,9132,2633,6815,5374,1016,4533,5,3987,6719,3792,8704,4964,974,9168,2733,620,7595,8785,9611,5852,8814,7303,4529,3919,8509,2582,1524,7226,892,8819,5323,3021,1454,552,675,7760,9785,4397,3264,4993,8807,4227,9823,5289,9136,4980,7814,5666,7647,7371,8662,1955,2396,2090,2823,2529,7544,4173,9251,6959,8838,9545,8955,2326,458,8883,2572,5940,2539,4169,9010,6073,8710,4470,7473,Heartbleed
8534,6808,6187,7608,6308,4531,5126,443,3704,1900,9709,1556,8289,1044,8659,8545,71,9567,1075,9437,9215,9181,4555,5286,4462,3721,3107,4702,2575,3046,748,1699,8793,4715,8446,2724,5319,835,1850,4764,3102,3649,6744,2533,2306,493,9322,5700,6933,4040,1776,1867,2734,3331,3440,209,8106,5108,2729,8122,4770,4200,3761,9339,6943,9482,3114,2700,6694,8865,6759,8948,5184,4296,8048,4337,9679,Heartbleed
3012,2352,4409,6621,2843,882,497,6214,1905,1540,7189,1998,1332,3366,9764,7229,5340,7526,3454,3816,5637,1360,6305,5974,563,6301,6156,733,8944,5174,2974,6714,3986,5829,1785,2633,7080,2092,7814,9997,7435,1248,8407,3945,1725,2701,9392,1540,5842,4802,512,7271,8173,6088,802,5388,7539,7076,901,6876,4158,1788,4600,1699,6678,5749,9400,2993,1594,3441,1838,7908,2902,7405,7047,2339,4521,DoS GoldenEye
4928,499,3627,9036,9252,5645,2681,9612,8941,9237,4590,3474,1226,2973,5045,9561,1038,1787,9844,4715,4722,8611,2897,4584,6319,3302,795,5437,2809,466,9546,272,6308,3489,3651,7135,955,5386,7897,3409,1919,2932,7775,8379,207,73,8043,4768,7561,9241,4969,7704,5889,8019,8706,5919,279,4855,8747,5152,7461,7791,290,4880,7983,7723,7968,1622,3551,4178,3275,5257,8274,3995,5806,8839,6762,DoS GoldenEye
3692,1757,4955,6462,5964,7414,7204,6848,725,1107,4348,8086,7073,824,4602,9926,7492,350,5202,2173,9026,7894,4991,3002,2509,2672,3442,4158,4121,7807,6237,7026,8141,7179,5797,297,6080,7746,7334,3938,7932,7925,1594,3215,9673,4379,3182,4445,7571,9965,1351,9509,5613,211,1274,4262,5967,3734,9377,7775,9066,5538,4502,2485,7254,4370,5534,6705,3398,6255,4887,6445,8327,332,9218,3233,1535,Bot
2232,3957,7647,5282,5140,7744,5697,952,3369,6442,6553,6830,164,7249,2705,9931,103,7297,4691,4215,6402,1127,363,9761,8061,368,3949,5053,5863,5304,6537,7511,5350,2092,9707,594,1445,3622,765,6040,9532,9778,6436,4631,8825,6609,6192,8153,4756,8650,6840,6905,9872,4850,1893,508,735,6353,2751,2843,8483,811,2097,649,2597,560,8961,4651,503,8819,3862,6651,2174,3527,5423,6502,7723,DoS GoldenEye
8825,6102,7988,5152,500,1563,4075,1174,9790,7686,2158,1984,7299,519,1328,7196,6993,9124,7518,9733,7659,407,1531,623,2766,4647,2827,4415,666,8819,3276,9976,5605,1133,1509,1858,9807,6219,4705,5617,4574,7556,4683,2411,308,7230,4362,6176,1832,6183,6879,6410,2000,8858,1684,5617,6782,3076,5116,8637,4383,8024,9273,5786,3751,7785,6095,8031,1545,4831,8305,8963,5515,1012,7396,7954,9444,DDoS
4203,4377,2668,6533,9619,3241,877,1198,453,4604,9455,2143,6345,7204,3058,2856,9103,9659,440,995,2111,4100,6215,3468,6473,5266,6492,4460,8714,8897,1759,249,4996,4344,9566,6591,7708,6482,9295,6238,8450,9339,7096,904,5042,7895,7456,2139,5143,3178,4147,4389,2347,5501,1591,2241,3628,9046,750,7911,8430,6535,2695,6156,4636,9508,2304,107,1604,1908,2230,7921,8558,7163,7701,3594,2921,SSH-Patator
1740,2818,1353,8643,6140,4416,9076,6017,6993,742,5589,7005,7628,8002,2562,1260,7239,7439,2334,6230,8577,602,442,3307,7841,5856,3301,2301,7095,7841,4450,3566,6553,2476,7120,4010,2389,1830,6540,4073,5545,4829,8054,2266,8787,8382,3462,8835,5918,9310,3767,9859,1105,2855,6503,2159,4398,4146,8997,6024,8892,3791,4756,9992,1907,1136,4131,622,7245,2896,5659,4968,5423,1415,6797,2062,2687,DoS GoldenEye
1688,4158,7738,8394,9730,1124,9086,5288,9747,2450,6490,8978,9167,4929,4288,2946,7915,3036,7716,4075,5507,6096,7724,8528,3667,8796,2536,665,2917,1232,7927,6024,8543,9953,2895,7413,6174,4570,7424,9341,6362,6388,4538,6644,7394,4350,69,8769,7169,4590,4084,5934,8320,1506,1648,8184,3167,2548,1479,9994,5523,7,219,8916,4197,6917,2049,3785,7657,3912,8962,739,4295,4121,5039,7815,7000,DoS slowloris
8388,509,1995,1014,3101,922,9983,9747,5427,8212,1064,6011,1899,3543,966,5783,8705,3574,40,6981,262,8145,9224,1819,127,2578,5851,7937,3211,9085,2806,2279,7076,5687,7926,1787,4732,2179,8368,3123,5665,8213,652,3390,8974,8359,9253,9064,1781,5866,7083,9588,8823,1601,2881,9642,1863,7333,721,7242,7573,7853,242,6905,4638,4372,4645,5427,8594,1453,9188,4171,6482,6908,5569,3501,1186,DoS Hulk
6813,1904,1752,9929,1954,5271,537,7582,2390,9981,7930,9382,3936,1495,6216,4523,3370,1259,5826,4075,3030,4695,96,9511,4501,8906,2494,2746,4043,5139,584,953,2897,7528,2030,593,1831,8547,9868,6599,111,4470,9036,2173,3078,1383,6721,3970,361,8870,5078,2811,2822,9923,9479,4895,8466,905,8141,1882,491,7811,8732,2886,6132,455,650,9504,1304,4512,3609,8995,8989,3384,4704,5727,9272,Web Attack - SQL Injection
9505,2645,7116,5429,2053,3514,309,8976,5000,5121,5722,6897,5494,7639,9806,9014,9519,57,1248,9641,6036,517,2077,8342,2157,6384,3673,8097,5149,2513,6608,1394,1705,9364,2421,8791,3504,2299,4015,1496,6706,6771,7706,8626,2658,2323,2895,1531,781,1425,4928,2551,7423,556,8704,6438,6518,5786,4151,6093,2899,6734,5016,6509,2960,4943,9444,8916,1306,759,5238,226,4797,8499,3378,6712,9709,Infiltration
5208,7442,4748,8988,7045,7624,1779,7063,585,1378,5707,5442,6929,6420,4031,7442,6360,1847,1041,4839,7351,7785,242,5545,2100,9441,1737,2754,1392,8439,7735,7643,9877,4016,3432,4526,7784,2081,9539,5575,5344,4736,132,1854,6050,5077,5340,8592,605,131,7071,6157,6578,6613,4506,803,5192,4289,3633,2676,1215,2477,2264,7790,969,6628,600,4455,5941,9524,2716,781,1434,4338,9208,2702,3991,Infiltration
7532,7245,3640,531,1977,3764,290,6077,7868,3575,4649,6614,512,1639,8446,4816,5849,2637,1965,50,799,8291,9939,6642,236,471,2204,7181,6259,8330,1383,4501,1712,9142,6710,3796,2373,9549,4424,5419,1699,4110,3372,8825,5581,9320,2386,8583,168,3965,3208,9377,8172,2727,3509,7549,4477,4720,1713,6619,2512,4589,6678,2678,281,4926,429,4658,5162,8105,3212,4632,2663,9127,1688,5594,5935,SSH-Patator
816,3866,6188,677,2489,7232,2446,1888,1720,223,934,9504,1308,8417,199,4106,5074,3993,7072,3933,6933,1597,4,8471,7590,3019,5357,2364,126,4826,3249,3901,5157,8674,3039,4410,9699,9130,16,8004,7083,5075,3942,6172,3617,9225,6230,8661,1324,3277,1624,7249,9427,118,7303,7940,8979,6520,2475,2767,9619,242,5080,5464,4722,8207,4611,6409,8114,6703,2782,6859,6163,1823,4923,8202,5139,DoS GoldenEye
5666,5520,6921,2085,5069,1106,8223,8928,1848,3608,8107,2677,293,3196,1571,6566,268,7073,9339,3342,5177,879,58,3891,216,5700,7649,6246,7978,6384,4956,733,5950,5348,5571,7074,2421,3377,8565,7104,6783,111,8485,2469,2198,5293,7581,8359,69,5956,9617,6074,2572,1654,2259,101,5908,9923,5708,1361,8524,3260,1122,1957,8651,9409,6698,4985,6779,930,8502,2889,5959,7139,1758,8081,4341,DDoS
8146,471,4417,3180,7816,1144,98,3649,493,2157,4579,2177,9615,8697,6912,8552,8345,8107,532,5666,2357,6779,1969,4971,7171,634,2601,1192,8928,9400,5804,607,6421,5258,3065,7866,7253,4326,5570,2037,2185,9188,7505,1179,4702,6935,9524,2744,2260,6120,3498,3413,5478,5798,8097,205,5380,1809,9091,8939,6942,9953,2296,4928,9923,5149,3998,5934,938,5250,4555,6538,7695,6556,2164,5268,6252,Infiltration
6121,2873,1450,5105,5636,1203,7052,4491,3024,6144,2055,2191,9870,7832,9857,4728,5690,4824,3011,7619,8435,8331,2448,724,9756,103,4047,62,2062,3565,9738,6584,6668,4822,4833,3646,9982,129,3015,7669,5290,926,1980,5525,9917,1819,5107,4783,2895,1756,2327,3196,3653,6254,4259,414,6337,8146,2870,9214,6252,398,3970,8320,9724,6570,1050,2952,343,9616,603,9782,7036,4828,5932,4251,6583,DoS Slowhttptest
6044,747,8691,3356,5188,5898,385,4233,6246,1735,2557,4822,1178,879,1505,5328,1006,5297,3657,5109,272,2895,3095,1606,2447,6496,1324,3902,7210,3122,4866,1729,5354,4585,2722,4676,2894,7648,1961,6568,4862,2675,1939,13,745,8162,4570,7709,2946,3182,3486,6564,4506,4078,1907,3991,1647,4776,2663,8127,1882,328,4367,4717,9879,5600,2166,381,9625,4144,3881,8108,6747,2199,3532,2729,8787,DoS GoldenEye
3910,3496,7502,3800,8162,2636,2823,1492,3316,6775,3902,4937,7417,4584,6394,8172,6457,3296,5784,7223,9715,8164,5560,974,6276,6224,6493,1670,7118,8184,5171,6637,4805,6761,2803,9723,3816,5133,4079,8075,8773,6262,7818,3557,7350,2382,5681,230,6454,1883,6031,8876,4176,9490,4483,4922,1368,2266,651,2110,3098,2755,7548,4048,1177,7749,9234,2556,6794,9815,7596,2084,2471,4778,2385,8157,9486,DoS Slowhttptest
918,4747,9795,5736,5581,1081,8567,7866,7623,6550,9600,2103,5635,5916,8208,432,4050,236,306,5881,23,5419,9205,680,1515,951,5407,414,4848,9615,4511,4971,4985,7969,7650,5370,6521,5457,449,7328,8283,6628,7586,2951,3125,6744,1537,3168,5687,1895,7803,8376,1456,1494,5060,9340,9479,1750,9436,6487,173,4312,3277,2021,5698,1396,173,6221,7551,2246,6745,3078,3051,4729,1699,6668,9154,DoS slowloris
3784,1844,6397,3251,7520,9942,892,8406,3429,6745,3644,5339,605,8743,4414,2513,7043,1177,5181,1483,3311,4285,7313,9737,9688,8264,5358,6559,1090,9808,4802,9179,1591,5901,8079,8779,9034,3649,1565,3609,2929,721,1804,654,8336,7684,9888,6453,4239,892,4290,1660,4913,7336,7350,3920,9328,1299,2523,1660,9506,8625,7630,4512,1858,8902,8329,1753,7335,6277,1184,6927,733,1851,6520,9545,8586,Infiltration
2517,7589,3327,6124,2066,246,5324,7587,3138,341,2434,341,107,6820,4728,5093,5521,9988,5226,7802,2384,5920,8800,5923,5468,7696,2739,4823,5060,7040,8402,8477,5838,8685,1017,3490,2884,2814,8714,4914,9848,7915,3064,589,8826,8399,2233,9168,1313,8169,970,4706,6589,9671,9362,3185,7264,9591,7126,2375,4444,6450,198,3248,1147,5276,6750,4706,4035,9917,9509,3968,5054,1426,1841,7287,4863,DoS Hulk
6174,2144,9685,704,9960,1069,7728,6480,6817,6428,6277,8960,8451,6646,6735,2943,9779,8275,4505,5275,3561,6471,9831,2393,6240,2684,2230,9005,3747,895,8852,5040,1110,3745,6823,9350,2137,1840,1910,742,3160,1316,4541,7566,7681,7007,3805,9232,8108,1731,9847,7409,1567,1810,7874,5123,9686,8796,8669,7280,5852,4705,141,4655,2098,5389,1286,9401,807,7388,3805,4504,973,2938,85,7723,9988,Heartbleed
9499,8651,2508,1144,7828,4664,4645,5832,9601,4266,9545,4130,9416,1191,9724,9439,5921,2025,3511,5741,8024,7872,3692,6499,8159,4628,6516,3483,1015,6157,6358,2583,5139,927,9703,1737,6579,3038,7219,6500,1721,2766,2825,6670,8410,8713,404,5138,8771,6158,4421,3697,5066,157,3175,5911,9813,7043,7921,805,9497,8705,7235,503,7236,7726,5986,5183,2639,8957,236,4491,5960,1799,3387,3999,1446,DoS slowloris
6369,5592,4213,6059,1458,5298,2022,1948,6605,9812,6861,7271,7867,9949,4718,4150,523,2481,4484,6810,7502,8537,2312,7015,7271,9890,140,6892,7776,9313,2883,7628,9226,7461,9174,3460,2584,4733,9348,9769,6547,1307,2852,2224,3444,1251,9863,1395,9206,4741,756,7304,2620,2429,9423,7805,4024,34,7433,20,2312,456,7287,7900,4478,1062,7920,7127,7189,9782,8094,8238,4841,4634,7649,5167,4774,Heartbleed
7248,1653,44,4370,3764,3032,4327,85,1613,6781,7227,3291,8779,8794,6781,3516,1256,3035,7516,5286,4955,9001,637,152,5909,2738,138,6239,725,5700,2365,18,9628,1961,1851,7112,5521,9054,100,8784,6838,7135,6029,2509,1955,9846,7078,7543,4780,9880,910,6163,7993,6715,6142,6605,1181,7531,604,5849,2370,202,242,9721,6231,3740,2721,6026,8851,8904,9366,5219,8438,730,1560,9176,8687,BENIGN
6558,2575,7508,1082,2753,2958,8735,6833,4314,5090,2150,6103,883,2677,5238,3975,6,7645,9737,5400,2089,4191,5623,2293,7391,4209,4425,3224,1240,7517,3493,3590,8908,8455,6944,317,2207,640,858,4243,9662,9166,9477,8243,1019,7900,8479,5373,6357,5211,7772,4738,3901,7902,4933,7670,1549,4934,2666,2453,1567,3752,8479,2473,435,9181,6224,2405,8446,1834,7042,8656,4351,422,5933,9480,6072,DoS Slowhttptest
554,6,1765,2091,4830,1657,9003,6094,7463,9420,1962,490,8509,8082,2548,9408,8524,1176,6099,2600,3094,2263,1066,5744,2790,7079,1673,2363,3723,3501,2814,6642,348,2122,4133,211,3529,7737,6349,4100,9458,147,1709,3022,3990,7854,3836,8183,4523,368,7144,1470,2597,1302,1894,2524,1088,5705,1326,7484,4269,7582,9475,3356,6216,1102,1067,744,3074,2490,7544,3764,6021,2862,9074,5955,6868,BENIGN
4791,3834,2774,8268,3114,5704,1012,4285,9066,4357,3556,2325,6957,9917,3988,2354,6693,2394,5542,4521,41,1848,4191,7430,2866,9838,6893,8396,3334,3659,7079,654,2362,9584,8075,5371,5452,4839,7593,284,9532,511,4124,3078,4637,8406,5119,3331,2308,1837,8010,5119,5736,565,7639,8992,1278,9493,7191,5084,3504,9183,5613,6517,6905,376,8142,1104,6746,9805,5674,5242,2847,8214,2703,4865,6662,DoS Slowhttptest
9110,376,6434,9442,9388,9862,7620,6485,1356,1766,5505,9557,5426,3841,3244,543,6047,8967,1620,4312,8723,7828,888,392,9813,3457,7668,2363,7354,9540,317,6537,8896,3771,9233,4244,4653,6885,4006,4642,2127,4613,2749,8435,8200,3654,9515,5439,2370,2603,5747,3533,7565,8584,1251,2966,9358,7571,3007,7813,7206,8384,8518,4120,4197,8854,4837,4025,4257,4773,9077,3953,2294,6317,3467,1032,1471,Web Attack - XSS
5690,6805,4071,7739,1148,8232,6480,3756,7408,7261,6663,3796,3447,8276,7832,4457,5370,2639,9222,7687,930,1821,5902,5827,3809,9785,5531,9312,9873,1924,2440,7013,3442,1207,9358,5582,8253,8354,4647,7402,9275,238,3786,8629,8720,8296,7260,9430,6632,8342,1793,6956,8822,8107,206,2822,9025,1500,6707,4321,8995,6833,6249,3147,4611,1846,8134,6418,3719,6094,2065,4380,4745,8185,6400,9434,2404,FTP-Patator
6477,7535,6140,6158,178,7612,7939,5522,4183,6237,4940,27,8245,8512,3630,6903,6773,5921,331,1717,316,6244,3551,6098,2917,7792,9554,8339,7463,9924,7574,2628,4573,8048,1209,169,9759,4396,3435,1877,4052,3035,3248,3873,8714,3552,5605,2706,2532,821,3508,194,465,3025,8145,2537,99,8307,5714,6275,9463,2690,1434,1902,3023,7057,6813,6062,2593,6518,4939,4393,7139,7224,2926,6862,6004,SSH-Patator
6552,1025,785,1800,5186,7236,8552,6601,3397,1226,2640,5050,3649,5911,5637,3203,9992,7235,7293,9608,7850,8527,7855,5938,1961,6947,843,9832,4140,1124,6562,4711,764,9892,5575,7403,4629,9284,1604,9461,6506,530,2790,1252,3941,5628,8849,5233,6386,9360,5792,2486,2843,7789,9922,3238,7700,5284,2689,3332,1198,6954,7263,9572,7050,5261,9382,7870,1342,1654,4753,7136,5981,9180,1077,121,3195,DoS GoldenEye
2991,9025,9870,2069,5395,1962,4023,8599,6442,6420,2369,2319,3239,7956,5555,1892,6407,3838,7509,1489,4009,1821,1272,8888,4836,4214,1769,2841,7941,2364,5363,1117,7447,812,37,2460,4338,5483,3719,7231,9046,2354,4042,9989,174,9904,6740,671,693,8739,5976,1122,3297,3986,2596,4368,3023,8975,9401,9131,1528,93,9522,9953,6660,5049,2221,2742,1096,8191,5003,2103,2742,4729,4299,3662,8207,PortScan
5997,5674,4174,8980,5498,6407,2352,9703,6883,4220,4837,8272,7015,9836,174,8867,8539,9582,1558,1438,2925,6986,4819,5371,4703,6712,6377,357,3397,9280,292,5443,9182,2576,6278,819,4225,3620,7929,6712,4688,1924,5751,5614,4634,4356,3644,3207,2656,9876,1250,227,3898,2873,9451,5139,6567,6556,3460,2514,4284,5504,6062,3169,6413,664,5337,1183,6739,2632,3065,1889,959,8349,2007,721,7700,DDoS
1254,2345,4540,104,1661,5418,1091,8729,5739,6960,9256,1571,3015,7006,3446,1429,241,7086,9554,2067,7831,7338,6887,5135,7450,300,2828,5377,5707,2400,3158,7994,1020,1549,7965,6902,877,7009,3080,3534,7791,9512,5336,3103,2836,6313,2117,9326,2717,8126,6414,7441,8381,3379,1569,3925,1487,8759,3823,3504,2622,5519,6735,913,5229,8239,8935,5201,5397,6695,541,4862,9398,8375,7721,8180,6609,DDoS
4689,9448,4096,7151,4814,3780,8474,3600,6974,9401,6265,440,3807,473,7289,1857,2779,5036,4342,9738,8748,5243,7033,4342,5054,3338,7757,6294,4219,8186,6415,1894,5459,9944,3801,2655,3518,5681,5076,9672,9745,645,9741,1698,7937,3570,3426,4785,4574,390,1281,506,1722,957,5858,9926,6437,762,5596,5949,6262,6621,9951,2889,7777,1342,5514,7215,9828,6618,7753,8741,2005,6871,2183,8950,323,DoS Slowhttptest
8302,1823,3621,1138,1720,723,6631,2412,766,9485,4017,4270,7186,1958,8128,9186,6397,1851,6910,3871,3223,9414,7981,9668,4877,9132,6361,817,3916,7487,2070,8828,4806,6842,3675,7861,2520,2525,5017,6699,2635,5772,6837,5159,259,2996,8947,7808,4101,6454,8257,2778,1169,1666,8851,4999,360,8021,5714,6043,7105,7752,7522,3797,3760,8368,4040,6170,8128,9504,6983,3999,8722,1261,5256,5282,2886,DDoS
7043,5147,8447,7970,5871,1778,4760,4360,1980,1587,8592,6603,3637,7300,7164,9406,1147,5550,7385,2450,7138,3393,6357,9065,5664,8565,1194,6487,3527,3481,5615,7458,8016,2057,2417,125,2832,4478,6470,8641,4618,1009,3778,941,3603,3980,4368,8693,1250,7009,2319,5910,6538,3195,2957,6338,7911,9388,3274,9248,3048,1906,2939,8732,8709,8615,9049,4177,6458,1752,7447,1666,1863,4461,5212,2118,5626,DoS Hulk
7358,9262,1753,7139,9612,6360,4265,1388,8811,9448,3718,6914,5521,1010,425,6918,7008,8408,6313,8801,185,8916,9015,9959,1184,8375,3608,3766,9811,4326,7635,2435,734,157,9533,5304,3492,3254,7764,1075,5122,8190,7841,6751,5135,6373,4999,2964,9080,8022,5125,1133,4238,6026,5786,6572,8357,6093,8312,2997,6311,3155,420,9921,2835,4363,2085,7069,7470,2385,9969,2377,2857,1455,9180,1890,8841,DoS Slowhttptest
2428,6209,2317,8238,8048,7347,2115,7282,7193,72,3457,2022,4085,7588,9218,1543,4496,5783,4749,5045,847,9687,934,1395,6574,538,8262,8447,901,8861,1883,8331,2702,9638,4159,9486,9059,1416,4963,4873,5121,2582,358,1500,8119,1938,814,8787,5066,8418,3835,4912,6086,6294,2064,2351,9729,7364,1364,1084,266,8151,9462,8226,4881,67,188,4136,682,3138,9523,3190,852,7353,7237,8948,1694,DDoS
9499,2595,5467,1218,5899,8675,4683,7447,8000,7759,9313,281,8821,2466,4175,4921,6556,2381,2936,9543,6906,7313,9028,6139,3449,7574,3001,5999,5074,8624,5548,4347,6119,7050,5942,8412,4655,5177,3808,7816,7874,5837,779,2262,7885,4731,1039,7955,7566,2280,9995,1388,7081,7162,8119,3508,2118,1582,7892,3445,8649,2818,676,9605,6363,9097,5387,5749,6336,111,3379,3873,7507,3151,7645,5606,1944,DoS Slowhttptest
8604,2651,8377,9768,3158,7391,4077,50,1169,7612,5403,8227,8468,5815,7153,6325,6614,5931,888,403,7976,3985,9364,6549,6146,5128,2587,289,2228,9775,9861,5411,647,3154,265,3488,2778,4956,8210,4466,7552,3827,642,9737,816,2191,5926,2668,9055,7559,3372,7008,8720,4062,6892,6070,7502,9724,8747,3892,2800,930,5249,4193,8984,4035,4383,9961,6312,3150,4358,8903,6866,2577,4880,4305,4050,DoS Slowhttptest
3148,6154,8060,5126,1946,1572,199,2377,4068,8281,590,6198,6031,5340,8283,8131,589,3638,3314,785,8075,4045,3784,1177,1277,2965,8493,2344,7658,5163,3215,8187,61,857,8729,1340,5554,9009,5015,974,4637,3652,3303,1711,789,580,8543,2302,1073,5373,7561,1882,4345,1260,7047,231,9148,4729,9286,3536,3492,5119,1302,4314,8888,306,8505,3474,5848,7655,1402,4376,8226,2117,8551,5809,6030,Heartbleed
5680,4675,5503,6224,7605,2092,7526,136,9170,1484,3376,6372,6326,466,4933,974,5187,7012,7472,2651,1799,1015,6238,9940,8876,9648,8560,6422,6047,6549,6589,6216,1344,4117,8370,9324,7539,7864,1479,5348,3066,7091,4626,2472,958,9263,1488,4767,1933,5727,5149,5752,7156,4974,7090,3937,3261,9591,6846,6797,9070,5568,4768,4213,5177,8046,870,6601,8897,2689,7109,4581,7287,7034,9769,1967,9444,DoS Slowhttptest
5080,4438,3128,5335,9858,5822,8219,9811,1344,4668,7680,9119,1778,3103,5866,5530,3088,8091,6744,5171,4465,8355,6593,6687,350,6522,200,7274,2552,7155,7551,1051,8478,7510,9987,3558,8298,2553,3513,8308,9460,6222,8932,7653,22,360,4795,1450,8408,5785,2754,627,3267,566,3758,2020,3530,2506,4409,8920,3328,473,605,9434,5683,3602,7404,3754,4370,3878,3743,4847,5678,6097,675,4053,709,Web Attack - SQL Injection
3399,407,1109,3592,9980,3959,6641,1490,4200,1481,1280,4854,9066,8055,8303,6166,7080,8061,6458,8393,9186,4752,1531,9581,8722,1617,5154,5654,8556,3371,6559,5465,1372,2237,3474,4444,4468,5758,3576,3975,9176,5674,1526,6789,1036,4618,2230,1042,7941,6168,1329,3655,5553,5541,3905,1080,823,3619,3250,2115,3567,5120,8239,1440,944,3268,3119,6072,8546,3305,4795,1917,6769,368,1192,1386,7344,DoS slowloris
4799,6315,1553,2810,111,4072,1063,4197,1392,1197,340,5015,2861,9397,8019,5794,9766,3306,6362,9732,6308,3584,6524,5303,1926,3519,7787,9597,7549,2013,447,1720,4093,33,496,1403,3219,8077,2710,9794,5670,5218,3602,6104,4096,2334,6116,1279,3245,4949,49,5651,9966,7210,3588,4046,65,6539,5370,4223,187,5302,2888,4857,666,7579,9124,5138,3852,4140,617,792,9442,2444,4233,1350,2275,Web Attack - SQL Injection
2206,1917,9313,608,8960,783,7066,2389,167,4779,6775,3256,2479,7591,9171,2816,8982,1474,8125,4001,7471,7740,9318,9942,6026,4750,7306,8943,1232,6081,9050,4414,3860,4728,7645,2699,7279,8074,5045,2000,6006,239,7439,2190,4214,4691,2015,5370,162,4749,8541,30,6601,8005,2175,2826,3619,5065,847,791,7892,508,7079,7977,4332,7775,9204,3024,3070,1074,5968,468,1915,4483,7229,7320,735,DoS Hulk
8169,5048,5821,5676,4477,95,9103,4388,4436,8910,6681,9565,7015,7374,5055,7658,7002,6010,3681,7190,2809,6035,6126,8696,6128,5978,4060,2984,2796,5444,4931,3926,7956,3808,8680,7311,6943,2713,9442,6118,5713,1414,9183,6231,8591,4055,4099,5292,9759,3817,6482,5325,9317,6201,5900,3323,7646,2603,1565,9110,4619,1315,7367,4119,1654,3458,9805,241,4298,4332,9142,3069,8485,4305,8979,1632,3073,DoS GoldenEye
2276,9683,2601,8577,7682,527,1411,5085,4197,389,9417,3638,3792,840,9569,5712,234,113,6079,3138,808,5159,7900,410,1318,5684,4903,9779,9252,66,6546,2253,8532,8187,5953,955,4304,5633,2010,6819,1888,368,1762,993,8273,1187,376,2,683,3727,763,8457,2482,724,2840,5346,2423,5381,2475,5127,6049,9256,5997,7424,6786,6707,5338,2291,5034,4398,4465,4946,8238,3661,2564,3325,4927,Web Attack - SQL Injection
755,1452,6179,904,2454,3487,4060,5804,8970,1790,7488,7736,1601,3843,6267,3675,1005,231,6576,4586,2133,1690,1223,4970,2203,9089,7882,8343,1351,171,5524,1429,8008,4857,5817,3433,3199,1359,5873,8884,7432,99,3442,3049,8619,586,255,1473,720,2000,3007,7946,4502,6190,5112,1731,4901,2177,1580,3226,9185,4590,1852,81,3850,3012,2716,7192,7501,5301,1455,9389,6952,3112,6588,7562,8107,BENIGN
5381,2104,2053,7726,9790,944,8085,8770,9106,8353,7464,5736,774,56,6671,7226,9381,4044,545,2980,4906,9605,6395,5498,3388,3203,1412,571,1740,3927,347,844,2665,4592,5969,6074,3590,8734,215,6613,1369,8477,8052,3059,50,5538,1725,4566,9591,7857,7826,1329,4533,3322,2898,8940,523,8846,4601,2953,3189,2108,1204,4039,4082,6456,8456,5148,3334,711,9104,5710,9926,9637,331,8159,3834,Heartbleed
8899,7210,8612,5804,7657,7733,252,9190,5827,3555,8484,9432,8360,7807,7552,36,1444,6022,4391,6578,7904,7793,6677,7466,6717,7861,9114,7183,6420,4744,4378,1662,998,4302,7830,2524,6735,130,3016,1186,4294,8135,4834,7215,7989,9709,4198,5,710,8203,2150,6842,9905,4522,5808,4950,3282,7892,5553,3604,7154,7139,3982,177,4513,8745,7774,241,9571,9788,8028,7395,1300,7923,7478,3395,1070,DoS Hulk
6673,6643,9980,4287,6237,5026,9964,3805,2214,8121,8248,6149,237,732,6163,3889,2824,1227,6519,2454,6223,767,8168,2424,6183,3424,4548,7590,713,85,1578,6379,2016,5701,3714,9463,9816,2408,6318,6971,2851,1397,4156,3241,1530,774,2461,7985,8307,7342,5247,7656,1349,2745,2847,8014,626,5585,5961,7591,9831,7130,8428,3057,5867,9159,5936,7205,6007,9211,2006,9754,9033,2203,9004,6783,3197,PortScan
5666,7406,9256,2508,1718,2593,1472,698,7568,6450,9136,8328,1225,2702,2204,3326,2228,4948,3802,3099,1538,9760,4164,8793,4974,6978,545,5932,6203,8375,837,1892,1388,7165,1457,2800,3303,9645,7286,6473,3286,7489,1172,1711,5496,8972,7487,1028,6545,2250,4149,4383,7451,3669,9260,8475,9024,4677,6090,3488,3212,916,8762,2094,6269,4906,6042,8812,8962,6731,4793,9806,64,3698,201,4237,3169,Web Attack - Brute Force
2864,6360,5412,7675,9349,2309,6427,101,376,8397,3663,9826,6294,1060,5593,5563,5124,9081,1562,3195,810,9250,9452,8703,4412,4398,9317,5431,4177,657,6336,52,5110,1108,986,6026,8047,4736,8402,4959,775,9106,7439,505,3298,4188,4425,3001,260,8901,1951,2370,6153,8279,6483,5668,2734,2256,1072,3921,2969,5942,3277,3969,7920,1488,9850,7959,9323,2187,5210,270,7377,9788,365,8194,3051,DoS slowloris
4483,7138,9224,7159,5485,237,7058,1462,9063,9413,1666,6296,1656,1131,810,55,3523,7559,2662,3279,1533,4011,933,662,3845,3023,5967,8335,7907,6609,6280,8431,2004,6592,5434,4246,3396,7570,8994,8544,1974,9325,4561,1063,1395,9740,1530,52,3151,5864,5670,2786,1144,2112,295,4742,1580,6278,2425,8147,7219,7011,2627,4805,6146,9785,7618,8701,7935,1891,1461,6920,1999,1970,1551,3851,101,DoS slowloris
1460,8925,532,91,1819,1156,4934,8696,4936,4782,6868,9125,9447,883,2704,6441,4059,4318,2109,7072,9470,7618,389,1648,8957,8539,9537,6015,8521,3793,6064,9165,1245,2237,2619,8396,7915,362,331,7593,6987,421,8954,2783,5290,248,6324,482,5503,4414,8891,5232,3861,6706,9559,8314,749,1597,8777,6388,8735,5576,2200,2703,8206,9658,7953,8436,2614,9090,1478,9574,8243,4918,2274,2161,3608,Infiltration
4043,7254,5369,3492,9196,6754,3134,814,8723,758,5,8776,3676,1534,1484,2266,2414,560,4459,9605,1318,2552,6320,5418,2860,6720,1077,5439,2526,721,9436,5801,6053,1345,745,8124,5599,877,8325,4813,9239,7764,7309,9654,1347,1364,9423,4261,7208,4082,1579,5599,3419,2017,4017,3037,761,598,3743,8608,3417,6210,2564,8141,1082,587,7183,3658,5580,5913,5026,7054,9551,780,9728,170,5019,BENIGN
2727,2108,9850,9987,6616,2785,396,8995,8031,3004,7764,8846,7644,8459,1092,9660,9513,1497,7327,4993,3079,9946,9700,9013,2135,1164,2572,4921,4670,686,9166,8697,1770,73,4901,580,8414,896,2433,3952,7452,2169,8924,1464,822,8648,2139,4681,8505,2649,5089,3879,7053,1489,1664,2532,655,3718,3982,2674,7444,6209,7866,4015,5976,200,6611,8329,1075,1748,1475,6945,4957,3904,448,68,7096,Bot
7369,7741,1190,1740,3192,3892,8288,9706,6043,1076,8,250,8551,2396,123,9020,9626,7672,2077,9307,595,3086,6964,1744,22,8517,4972,8154,262,1585,432,8751,6311,9894,2488,5694,6071,213,9857,7023,7921,3478,2797,9233,2391,5365,9275,5761,7216,1950,6823,847,5502,7476,4671,8736,4153,2111,2172,8571,9353,65,5298,797,5290,631,9559,3258,7101,8418,7433,8383,2799,5725,1149,3003,3545,SSH-Patator
19,8624,999,2658,2534,4425,1690,7474,6328,8526,2553,2510,6052,7138,1871,1604,9748,7143,8980,641,7302,7370,3106,9643,2989,4918,4303,9070,7742,2389,1612,7632,3464,6980,8762,9366,5739,5226,5258,279,6215,2670,5857,2153,7668,6302,5269,4109,2052,3066,9049,7246,7772,5886,8968,7545,3448,7313,7822,1555,5689,3367,577,5516,2522,5693,45,5724,980,5547,3294,5988,2114,8817,3554,7729,257,Infiltration
6951,252,5700,9404,6296,2124,6846,8916,4663,5874,9369,2202,2841,270,8753,5509,3139,1693,9036,3623,4994,7080,9294,750,7739,4413,8014,9964,2086,5701,3865,8698,328,9906,8413,3887,6816,6316,9170,3093,6953,620,3465,6190,9823,5244,5414,4935,9752,6713,6074,6681,5416,8235,4469,6756,1027,9918,9024,7800,1388,912,9284,7639,7672,5432,5191,9461,757,9980,8043,5192,2833,7695,3061,2087,3110,Heartbleed
7028,3243,7657,7599,1724,9125,554,8195,1284,4976,6158,8279,6103,5103,9832,216,6553,8382,1733,4712,7194,1205,2642,6373,3355,2164,99,599,9051,5784,6438,5842,7180,7742,9185,3910,9368,5820,1376,8763,9707,4659,8371,725,1040,6269,81,5735,1205,6673,5772,6142,2981,5306,3446,9682,2288,5856,2381,8239,4008,7271,8654,5193,7734,2364,7921,1793,3540,9225,8779,7425,5752,6976,2774,475,4340,BENIGN
4583,7888,5023,5581,5485,3566,6360,1348,2357,5000,5214,5908,4608,2446,9792,3077,6055,8098,9878,4755,2001,8326,1789,7247,7948,2907,6534,6742,7062,2270,9019,7986,9535,7273,6396,4294,3127,7071,8598,1461,1774,5576,9562,8677,6996,362,8133,3801,211,4796,8014,7020,2661,9107,9652,1093,7744,5053,9925,1551,9525,9056,9478,4155,4617,8500,1543,1405,6484,5721,1572,2001,9091,1107,8175,3305,4857,Heartbleed
4320,5512,8593,3247,3856,9999,9581,5292,4399,2398,8283,5222,2179,1312,9090,3172,5932,3092,8440,2632,3384,4263,3704,5628,1197,4503,8692,9353,8290,3128,2294,8904,3914,8298,6988,8237,3131,9141,3798,5237,4724,6535,3317,4044,7358,2221,4267,9149,6819,4904,4718,4814,9626,7237,2984,5636,3256,9628,4473,8164,7179,1432,9966,417,6474,982,6423,1138,2928,9425,4542,830,7632,4288,2860,7105,5375,BENIGN
7790,2471,6234,4836,6288,7595,4337,9701,5150,8964,5179,1778,8780,272,1501,6902,7088,3576,7628,5727,1281,9006,1269,4335,9343,9929,2254,1575,9024,9561,8759,3187,3283,598,6411,8235,1881,3543,6152,1883,7356,8572,5951,5762,6870,2162,1658,6582,8037,2892,6043,2982,9067,7871,3515,7827,27,635,2015,586,7525,3622,7415,3470,3714,2395,3470,9474,6900,6562,8582,5981,6132,1950,2637,5967,6258,DoS slowloris
7906,4104,7491,3538,2747,1674,9123,8316,8065,2865,8450,7026,9163,8183,7801,1146,4684,6801,892,4313,6828,3623,8038,359,1488,5760,290,4955,2113,6940,5674,6264,6335,5473,1566,479,4892,5192,7558,7097,1099,2235,8667,916,4744,4897,6190,9551,1307,2221,7474,4974,6114,8894,117,3263,5043,4667,4618,8963,6798,1287,7658,9559,8047,8290,1046,5382,5444,3803,3755,4482,8797,2169,5419,562,6460,SSH-Patator
4000,8211,4637,3960,9515,3541,3157,5861,6548,7121,6836,7306,7177,1314,2426,939,8429,8835,8376,1830,7887,1785,9640,8029,7490,4577,1381,361,1059,8707,5865,8521,6412,3141,5638,3739,292,6030,5405,359,1609,1360,623,1565,1920,1511,7546,6487,4713,5919,7929,8766,2001,396,5675,4497,1511,2692,2032,6988,5872,9546,4734,7639,9484,4252,4709,1908,5077,1275,58,3923,616,3671,5783,1711,1342,BENIGN
4932,1023,6965,733,8589,9160,461,8329,761,9054,592,5696,7821,2347,1446,1442,2806,7450,3325,6647,3756,1336,5397,8993,8072,7589,8787,2047,8218,2428,5439,130,3067,3351,2332,5316,736,3847,1298,1091,232,221,8644,5755,4399,935,5733,8130,7567,1343,364,9442,8647,9955,9010,3391,735,3606,1467,3514,3775,4661,9011,8156,1714,515,5220,9620,5249,8010,9035,8131,6142,3135,5878,7033,4324,DoS GoldenEye
3979,9468,1511,4900,4659,2962,9086,9045,2410,179,588,2045,5854,3225,8756,4764,7087,4053,4464,2706,7166,5238,3926,1640,1650,8694,8253,5766,5615,5729,3286,1692,7274,356,595,1624,9321,8028,4966,3953,7315,8060,6230,2570,92,4899,9070,4703,7741,1896,9174,2964,9302,6354,8068,8574,9739,2918,7320,5124,2458,1106,5036,8622,3543,6112,2082,3727,5003,2858,8475,726,1781,7405,336,3602,6083,Web Attack - XSS
1914,8758,6226,4970,6822,1651,1320,1790,5461,2881,954,5984,5543,7130,2066,3951,2861,5400,8254,9205,6133,1989,1804,3325,3698,5973,5891,9217,6210,877,3357,131,5167,7084,992,5772,1070,7398,9951,6427,2596,5530,2949,5341,9093,3484,5590,7237,65,3764,2793,1419,5477,1415,8567,5424,6207,8369,234,2912,761,3878,5406,1282,1263,5703,3613,4446,4636,7109,3383,3009,1622,7275,29,308,9701,PortScan
3430,136,774,1598,9646,2603,2480,9038,8398,3130,9421,6474,4691,6668,2796,1127,6502,9394,1287,4850,8740,3945,3929,1387,9465,3263,8998,1927,7974,3981,1745,3988,1225,8106,6282,5971,2066,8286,129,7272,7088,3268,986,3110,3572,9008,7298,2600,2169,1779,756,1167,7353,2594,5330,3104,7326,405,2411,8354,8322,3167,2700,5800,7534,4882,1933,8138,3505,3132,2979,1346,2636,8236,346,3793,2542,Web Attack - Brute Force
8251,2345,4326,2844,3766,447,7793,2415,4078,5148,3035,2324,6752,4926,8229,9422,5825,7819,8480,7118,5612,7936,6595,5492,6704,7468,203,6522,5234,9235,1620,2443,3836,3123,3731,3257,1137,8737,8864,7337,8951,9536,519,8000,4205,9793,6467,6071,1822,2024,1184,379,2127,9486,8807,435,5017,3149,1547,4890,9326,8643,4355,8097,6851,6318,711,5819,5505,7439,6020,8358,6286,4588,2119,7511,6290,DoS Slowhttptest
7668,5457,1108,1840,2854,3214,9082,9526,3440,5826,1719,2860,9162,66,7901,3845,9029,926,3605,340,3749,101,8133,1133,5002,827,5149,7018,5091,384,8789,8,1313,978,3723,2090,3102,3753,3744,6930,1788,1242,8304,3766,3331,6155,1363,6652,3375,5632,3432,5438,6652,7688,5893,1349,307,9538,9058,7055,7809,5736,8055,7709,8109,9704,2283,7552,8134,3778,5375,9059,1382,3614,7095,9175,1024,DoS Hulk
8309,2526,6602,9410,7819,1043,2505,7758,2687,3156,575,402,8444,1629,7968,2709,4823,4043,2659,5241,9170,3816,2726,568,4105,2772,4054,7877,3998,136,4786,9615,1465,4771,3832,1536,2324,9571,9124,7260,6784,7303,9259,210,7526,6504,6554,8423,803,9385,8425,2567,2147,6396,1723,1146,8323,6364,9023,731,8594,6314,5595,9809,269,7580,1154,6856,7015,7900,5636,6772,2348,2751,6058,4522,2163,Infiltration
6156,4163,4486,8964,2426,3246,5511,3476,4183,5911,5208,8178,3892,2779,6599,8646,3634,6654,3246,4304,7796,5432,2850,5623,2133,5339,1721,2026,6649,1186,1150,4212,1429,648,7935,355,2823,8157,5118,7543,5269,6379,3934,9383,5614,7085,266,7317,1880,1548,381,1635,8876,7417,2637,5570,4849,6050,1951,9637,5945,20,1009,7779,7140,5287,9273,2648,7824,4852,5385,2452,6508,8576,4104,7536,6452,Web Attack - XSS
146,1926,3754,8271,6595,9951,977,4902,6052,2804,7579,9777,4390,9345,6012,5883,5284,8804,3578,4164,4651,2956,5781,3206,829,4597,9165,8921,9092,659,7805,760,8523,958,9950,5840,6799,4408,1855,354,5621,2272,4194,4890,3162,3880,6517,8395,3965,9965,608,8076,1140,4874,4996,4923,8173,6235,5196,7917,738,7487,3723,657,7312,2726,9301,3212,6188,8037,2164,8338,6802,5140,4631,3229,5167,SSH-Patator
5229,3600,6625,5196,2317,921,4787,5770,3890,7849,4337,4029,2978,9279,5777,6541,7031,2096,5572,2192,916,4766,5422,8619,3088,4176,6610,7238,6233,8900,3663,1981,1388,8394,3302,4101,3217,5816,8338,4681,9171,8927,8886,7658,6052,853,247,6492,4537,9601,2463,3737,9177,5781,6473,7311,5366,3134,4000,7670,7403,9612,4896,122,2317,6151,6873,6485,8877,1661,7482,2875,6891,2163,2838,3460,7252,Heartbleed
9363,554,7925,4008,4601,1816,7539,188,1440,1220,2597,6667,2907,5683,1715,7809,6110,611,283,2670,9819,1611,8908,8873,7164,7630,4256,4269,1522,9551,2073,1789,3370,2484,6902,2058,7405,2666,1433,3384,522,1693,4183,9347,597,9837,7495,2336,6217,7683,1714,3176,8394,2898,1264,6943,6850,9429,1554,7379,8244,671,8882,8274,3568,1451,5313,5237,6978,7038,6043,7138,9367,1079,7985,9474,534,FTP-Patator
7761,4666,4673,2162,3998,6617,7501,3692,7476,4059,8522,5663,1527,7051,573,6146,7550,3695,523,9363,9613,2216,6336,9043,5479,7710,9371,3595,4367,5856,5001,737,2818,5342,2163,3076,6916,8718,448,7434,6873,6697,4161,7996,8077,119,4484,2847,1790,3017,350,5457,9744,2250,5060,6583,3237,6522,8239,5847,5394,1892,897,1738,9160,4106,2503,6060,5150,6746,9662,3499,2561,4494,3603,386,6761,DoS GoldenEye
5449,8329,3751,2700,5844,8491,31,2504,8733,3456,546,983,4140,8571,496,1915,5054,7726,8376,488,1720,6778,170,8591,8430,1340,8082,4415,6620,9540,7922,4854,2089,233,555,4771,3733,3275,5003,8994,7473,4946,996,845,6653,1319,4117,9902,5103,8433,2890,2625,5513,8644,1629,3312,7136,4717,558,8070,1068,8036,9452,5898,4602,7810,7996,449,3639,1913,4633,5973,7924,5328,5409,2545,7886,Infiltration
5327,3461,7533,1459,9112,6482,456,8168,5530,644,5709,7264,4938,7363,5747,4256,4350,9285,2761,8227,6873,469,8500,6017,8672,5958,6847,8980,290,429,597,8050,4527,1557,6789,4600,8055,672,2854,1578,1432,5521,8232,4479,2933,1314,1815,4278,6907,1895,1063,5404,8329,8526,5593,2676,8092,9825,5265,9725,1108,1586,7774,3861,5128,4954,1112,1112,2889,349,3962,1923,8059,7965,7328,42,5877,FTP-Patator
5974,851,1286,3779,6006,3690,1048,2615,512,6113,182,2101,9296,159,5568,8929,2668,3380,3115,8392,1307,5559,4806,9961,3255,2594,1232,4967,8766,81,8454,8477,8214,3545,6446,4301,1455,94,2522,136,2037,3670,9537,4644,2684,9191,9216,5457,4166,4203,2645,3096,1833,5384,2250,3634,9690,6119,568,5201,5025,1292,4275,7963,2645,8663,7837,8723,608,7525,9274,9166,9166,4319,6953,5127,1507,Web Attack - Brute Force
613,5971,8575,8603,3376,6038,2775,7477,6374,2283,662,4141,4035,8413,751,3154,1268,6718,4105,7844,2373,8406,995,5327,3210,1664,9173,401,8803,6666,8073,9097,7829,7157,5874,1106,8419,1988,2178,7177,8140,6019,5687,4640,8435,9441,6371,6388,443,8806,5932,824,9127,9936,8713,4937,1876,4032,2205,8017,546,8358,2069,6210,6853,6730,2935,16,2809,8519,3451,8537,5592,2354,8735,3450,3705,DoS slowloris
7707,7043,2748,9548,5259,1806,9558,6412,8377,4205,8958,8226,8103,3915,5341,9837,7940,5865,797,7266,6774,3656,6352,9851,37,1978,9078,6241,3454,4674,3360,4236,4298,3475,6560,3377,5041,2184,5000,7297,1139,4233,2462,3232,8439,8046,525,4320,9336,4830,8106,462,2963,6383,5916,3400,9377,302,5883,776,623,1459,3386,7030,4775,8671,1061,287,7234,3639,7955,6335,1143,6544,9615,8849,3085,FTP-Patator
9931,4988,2201,5289,8870,3457,2744,2353,1648,1679,5002,5330,3966,2741,853,6335,8784,3406,2952,5063,9211,9776,4911,1871,9282,626,4207,4766,8217,3048,8813,8908,2660,7667,1741,3072,7903,6725,3733,4464,1845,8205,7635,2758,530,7577,7317,7941,2878,3404,8629,382,5010,9481,5068,7094,7164,9077,3014,3982,4174,8500,8918,3104,2937,9905,712,950,1435,4565,1538,7937,2168,2200,1670,3364,2115,BENIGN
846,6701,5435,4069,2956,4387,7647,6911,9775,6748,970,7685,1216,5106,9830,5553,7241,2711,9478,57,9876,6869,1304,1630,4080,4303,6003,9358,412,1618,5171,5136,2777,739,4899,918,7585,5621,7807,6332,1503,3227,827,3231,2873,9809,9377,5852,9876,8701,5632,8886,3279,4016,2068,5624,5523,9438,8591,2607,287,1403,4532,440,5612,4885,5092,1268,7219,6864,7007,185,4257,3543,9671,4886,4640,Bot
1144,4164,634,7577,1303,532,2697,952,2805,7586,8761,6782,9171,5212,4130,7942,3541,3386,9929,6090,5495,7658,2400,3552,978,6547,5513,8594,1514,9739,393,2630,5815,103,1743,5436,421,6416,6197,5292,6808,4713,3177,3776,4390,8467,6728,7210,8385,1126,249,5051,6111,4391,8429,7787,3720,4009,4905,2336,2584,1765,3917,9334,1114,6040,1139,7967,5653,6492,4662,3516,9788,1145,1627,1245,9674,FTP-Patator
9713,369,4855,5320,3232,1785,574,5504,8020,3703,5477,2572,5905,2115,7437,9348,1085,8352,7193,8950,2748,5405,9021,9040,7899,6981,4344,7203,9721,5440,2892,3624,6687,9869,7423,6304,4105,4454,9491,2171,8821,8469,1023,4621,9391,1717,7203,1980,1590,269,4097,2620,9578,5226,5253,8726,9800,2398,7195,4632,7232,8655,22,8880,1286,3860,736,6884,9532,2377,8387,5628,9696,2115,5392,5418,2918,Heartbleed
9062,8376,9881,1212,6224,8689,1565,9854,8409,4620,9553,6612,7539,1505,6322,8988,4956,6765,2251,6670,7089,4961,9224,3184,5748,8531,4925,488,9537,8982,7265,5371,1186,5277,6722,4407,6433,7941,3269,1706,3599,702,5656,1273,538,4212,2939,485,1386,1049,783,2924,8811,8177,7769,5612,8061,7289,3532,8024,4524,1804,6395,9290,8303,7830,969,1633,8551,4862,918,167,3321,6189,5137,4974,8949,PortScan
4783,4493,1973,97,3076,2206,8130,86,9958,6315,3647,3677,8873,7645,8326,6212,6960,3789,8926,1133,3098,3471,5439,3265,1968,7513,3144,7091,1224,7812,1187,6,2108,5020,9629,935,7198,8751,5637,8637,1308,1416,5045,1905,8521,7300,7782,6102,3397,3678,9745,6030,3002,6622,2565,2583,5851,7497,1814,3918,6511,3213,3887,7757,1222,5746,3107,2513,4852,4976,4983,4138,1320,2366,4313,2535,6289,Heartbleed
2613,4385,9854,224,7396,2800,1280,521,1618,7806,1601,2306,7822,9407,942,3931,9345,3749,8452,8581,4740,407,2043,5272,8758,5757,1979,6164,3838,7140,2315,8292,4756,6796,32,4331,6890,8523,3516,4581,4215,157,4945,3628,3782,3821,2688,8884,9243,5044,7846,5385,2098,2156,5454,8325,3750,2127,2385,5600,7031,7456,7762,4197,4426,2278,1474,5989,7488,9240,415,5507,2166,5782,2378,8853,7293,BENIGN
2600,1725,6053,8766,716,3412,5323,2393,4080,1012,6248,2360,1946,3512,8118,5599,1351,3075,3904,7860,527,5647,5160,9473,5485,3279,7410,6732,4016,3936,1044,3439,312,8507,1890,4221,6978,8687,9172,4839,4795,2028,2907,3143,8919,5390,7574,9659,9306,1677,2043,7681,3114,4166,4853,8095,8298,6599,2341,6319,9322,1109,1250,6472,7408,3073,5370,5545,8272,915,261,5514,3319,8150,3040,4903,2662,SSH-Patator
6958,6241,5264,6937,1972,2174,1327,4890,6722,7314,9031,7248,6726,547,5729,5552,3876,5881,9517,3791,2871,7542,574,1101,8221,1375,5234,3948,6874,3804,4464,5845,3731,7525,4397,7887,5790,3750,3134,1299,4606,886,9750,2046,4890,7002,6601,5967,5527,7894,5896,3457,7557,3298,7502,5276,1526,2150,2156,2794,4243,6826,3042,6695,6892,4091,3234,435,9649,2372,111,3034,5574,5888,9288,8174,5049,BENIGN
9488,957,4831,4968,8285,2766,6825,667,7923,514,9435,4289,811,5707,5849,6072,1520,5749,1478,2001,5818,9223,2138,3069,350,2305,7208,6870,4791,1264,1557,4960,6388,8977,6734,3906,8057,3433,665,8752,3657,4148,6903,5299,1542,717,3139,2920,654,9323,6328,9967,7890,6733,3811,1749,5817,6111,1081,6774,5363,3201,6998,5331,9271,290,6960,5738,3423,3499,8173,7804,5568,843,913,4439,5667,PortScan
7896,3990,9168,1200,7389,1648,121,4370,9151,3815,4407,1352,5222,687,855,4436,21,7317,2004,6712,6813,969,3778,7334,8536,9921,5580,8077,3331,4295,6148,6443,3307,5866,539,5271,7172,1488,285,5733,6482,1237,112,4433,8281,6926,9691,1053,1563,8548,3726,6689,4554,8662,2914,2986,2620,7169,9333,4403,4659,1038,6567,54,8113,9493,7412,7125,3467,1494,4133,3703,4865,182,1236,8812,9736,DDoS
4127,234,72,5767,1789,8819,8859,4023,8785,2260,4262,7388,6545,6934,7456,9160,8370,6314,6117,2051,4431,8386,2940,3628,7634,5463,9423,3698,1959,1526,7839,6929,3519,1695,5896,7990,6466,376,778,5275,3343,5992,3595,2499,586,7489,9246,2999,6744,8801,8998,2483,5795,7909,2699,7484,9543,108,8717,1498,6097,9141,1667,3184,7453,4947,8797,9816,4917,7428,6861,4402,1057,6312,1368,8102,5738,Heartbleed
4633,3738,9119,3625,5200,2736,8896,8474,3683,970,488,7461,8361,7150,9784,8757,9609,7355,8576,3135,4176,6923,3256,7512,8429,7463,6442,4832,2576,2071,8523,3129,4284,3535,6365,352,3122,5207,2031,9051,2926,5825,4044,7881,7591,4620,1170,5640,4917,5245,9797,7306,5801,6745,8263,2292,4674,9425,193,8921,8227,5197,7188,8436,3466,5212,8120,5945,5495,6319,1781,9407,615,4163,5274,8645,1531,Heartbleed
4561,6571,1775,7136,9341,3706,5155,7405,5346,82,9715,6794,4936,1107,2074,7737,4474,8572,636,799,4012,282,4309,9371,2046,6673,854,616,3230,2088,3873,7672,4614,9220,1044,645,940,342,1666,2464,37,4431,250,5007,7238,263,6527,5886,9606,5105,1621,1753,8753,3582,1157,5508,9957,4156,3835,5861,3103,4752,1045,8015,2857,1102,7303,6445,6002,8578,1612,1565,3355,2507,2200,4004,5810,DoS GoldenEye
3783,640,5925,4086,2099,7867,7898,8433,5789,3749,4746,9626,7195,1433,6502,9631,4277,4887,8103,5933,7507,4448,8668,9510,5328,5194,5350,5696,3657,9480,268,2935,9213,89,1925,3247,1148,9794,5297,9994,8196,5932,3061,430,8581,8015,3542,1373,4839,4179,452,8514,4014,6049,5658,9320,9301,2550,8697,7028,9371,495,5036,7137,385,3614,4771,7280,1896,7008,3517,810,882,9594,3794,9480,5307,FTP-Patator
8121,9408,5229,2955,2953,3570,5742,5184,1088,316,6238,7970,394,5315,9765,1062,2423,4551,4371,5674,3581,6548,4258,9834,4895,6947,7784,7236,5228,1542,2899,1478,9203,9623,8648,5010,4051,3576,7835,8095,6653,2292,4879,7205,1138,2545,9552,3190,8247,4519,4977,6704,6191,5765,8429,3039,8580,8876,3983,186,3428,7758,6754,3388,5069,2934,4371,6934,5987,6859,3969,2751,8173,1575,6503,1259,1056,Bot
8736,6243,6800,329,2169,9770,3006,5840,7145,2523,4222,2915,9964,5674,1956,6189,2072,872,7497,6004,6437,7333,8448,4917,4032,3260,7166,8885,7442,4037,7201,555,5609,6642,9469,5228,9139,4580,4373,397,221,2365,1777,4060,3954,5728,774,339,6,1296,287,892,6990,8908,4279,1853,569,4718,8834,3672,6991,6773,2551,109,3650,3219,731,5693,8759,5556,7104,9549,7263,1071,7973,7445,5071,Web Attack - SQL Injection
2246,1920,6012,8315,6343,74,1988,8348,7287,3083,3818,3691,5239,8274,3065,7954,2233,9976,2090,5628,4168,4012,1877,7186,6308,2314,9655,5247,3992,2914,9533,3934,2701,4044,33,2145,6459,7487,9471,5673,404,4711,1924,7621,881,6023,2902,9789,1245,8631,5367,115,4500,9470,296,7692,2948,8127,2605,6477,7921,1094,5101,1074,15,1527,8242,3199,9795,7800,1992,2953,6471,5822,931,2015,6444,Web Attack - SQL Injection
6405,2138,4289,3400,9279,8417,8636,1902,3603,9674,5452,8436,4048,804,8043,9123,1760,6305,7998,8216,4395,5344,8265,7881,7982,7456,4187,1410,3612,7339,4780,4467,5355,9257,3995,6868,8802,7645,4215,1838,5648,6684,6944,7295,3573,7614,5699,8185,7152,6182,472,9348,4419,8243,7091,9619,5878,6660,4455,5779,7404,67,9365,4576,6056,8452,1649,676,7223,6551,3939,4338,6657,9870,9384,665,4862,FTP-Patator
1909,7452,6597,187,8896,7690,9558,7390,334,6600,7615,355,1922,4327,3338,795,189,7451,9005,2166,9871,2058,6070,4393,9412,9819,2380,9591,8325,5051,2709,1279,552,6331,6872,1153,6919,4158,954,5565,6868,235,1108,1796,3473,5285,7395,9582,5529,2211,2641,3228,926,5822,2921,3827,7335,8312,965,4213,3719,3913,3179,3370,6818,5906,5138,3091,9968,8963,4656,3577,6297,1538,2867,3549,6527,DoS slowloris
4776,178,8806,1754,7695,8238,8015,6701,6326,6497,2534,8407,2939,5765,2899,2876,9428,1007,4829,6464,8057,2159,3184,8565,1286,8559,4473,4920,3925,4769,3116,1294,3976,6865,6390,173,7325,7818,4981,3834,2429,6567,8005,7789,7462,8884,873,3096,8949,3624,5553,1565,3116,8500,8345,9158,1163,2816,8576,2795,1056,9923,7345,9861,4076,3774,1459,8133,5,4786,6938,9833,8168,8109,3829,7034,5350,BENIGN
6870,4880,8808,9077,2070,6950,160,9409,4178,167,3912,2702,2602,4439,4107,3605,9745,449,4669,4027,6734,2537,2709,2957,2664,1789,4102,3234,318,2177,428,900,9812,7422,748,6144,4872,4289,7531,1027,1140,8100,8429,4825,4553,1754,6992,1610,4439,9679,4758,6519,245,9469,6842,7058,1556,1557,2222,2332,8496,8984,8598,2966,4002,1360,9245,439,4353,782,2610,233,6666,4488,8653,1751,838,Web Attack - XSS
2784,5594,1351,205,1094,184,6745,6902,5502,6688,5778,2729,7893,313,8419,6801,3093,4095,2739,926,3336,3121,6885,7542,2355,8728,7374,4170,5772,9633,3399,5695,6737,7929,608,611,1020,240,2052,5334,1602,4489,9606,368,2076,9638,7109,8200,3516,4429,5045,8584,1851,5427,8970,3431,9890,4482,6252,6482,3271,3508,6976,3892,3111,4317,1866,9244,926,3772,5927,2095,9018,4695,769,6714,8648,BENIGN
2775,5367,6433,4630,7698,5502,2971,4400,1642,1017,4042,9655,1511,5617,6275,4471,1721,686,4466,4250,6388,3277,5955,3499,1444,8279,1529,3185,12,5276,8511,4387,4868,9875,5596,5770,4253,8575,6199,1096,969,6903,2520,3251,193,7551,1252,794,1626,5190,8282,7243,7364,4172,1320,3459,2369,2468,9849,4037,345,1664,3873,649,5380,7851,6292,1912,7196,6095,8050,8058,5680,3260,2112,9674,8867,Infiltration
325,7686,3263,8039,2135,4253,9488,5035,8135,281,656,2210,9092,7468,143,3369,3933,7355,2535,9605,9235,649,4760,3291,7121,8364,3021,2048,5323,1894,5320,3976,408,3375,6887,7899,577,8145,4177,602,3755,6690,4069,6320,5334,9179,4236,4234,3118,1083,9779,1084,1749,3166,9847,3546,8231,1350,1994,6580,743,3282,4133,6611,9298,3427,8821,4910,3985,5756,7443,491,6441,7976,4153,9674,1949,Infiltration
5493,3133,2134,610,7566,9339,6117,4741,2561,7045,828,1695,5774,3465,265,1289,5411,472,6542,5192,1896,3154,6317,9081,1611,6434,4476,8377,3333,2226,3213,4015,1291,2517,8049,2154,7604,3102,3618,3843,520,1644,654,41,3784,3951,5420,1513,4766,3736,9472,4924,7892,8411,4009,4959,1629,7226,3249,460,289,9327,223,2445,7327,453,2046,5911,8882,5479,9040,3386,4701,4824,6165,2468,6090,PortScan
9620,5774,2315,3925,738,5225,4751,7796,2218,7915,6543,7106,874,8526,5987,1178,629,6519,6014,80,909,8641,3070,5429,4078,1979,4775,6828,729,7905,3020,9205,4775,1320,6332,3264,4608,2908,3043,2190,5946,3504,7306,9494,8981,8114,7964,1964,8608,1344,2737,2645,804,8021,6021,4918,4405,4798,2575,6783,4792,3713,8796,9842,4416,303,518,4030,9132,6335,6165,79,8294,8920,2450,9147,4914,DoS slowloris
5709,8785,3549,562,5010,1699,6394,8916,9625,1342,1895,6228,4100,2282,374,2322,9586,9747,9115,9032,9922,4723,2051,1547,2453,9628,2364,7598,6483,7821,4614,6030,923,9642,9737,4786,6758,7467,7221,2258,4542,69,9516,5913,8125,7391,367,1883,5308,6529,8876,5076,9965,6925,6820,3713,3201,1920,8879,152,4653,7517,7176,9262,6473,3790,6896,4098,7576,1059,2858,7601,5950,8148,9633,2266,2248,Web Attack - XSS
7706,8792,7986,835,8591,1007,8958,432,8591,5121,328,4730,9963,1612,4245,2004,6703,6769,5624,6719,3010,4245,9800,3118,361,1716,2421,4190,7268,3461,3981,4728,2050,4259,4712,9560,8027,4261,6203,5864,6525,8852,5242,4562,7456,8707,6380,8911,8363,1469,1173,4666,4900,1174,3744,4208,4031,6631,7101,9589,4021,8889,1774,5366,3473,4063,8123,6268,4608,2680,6744,3603,3344,9621,5913,8218,3771,FTP-Patator
6742,8758,8438,1523,2364,7601,5352,5054,6925,3965,3692,5081,1773,2937,3890,7536,7335,1091,8119,6106,8938,9766,4440,3601,3516,2852,591,692,1163,8600,2382,5400,8596,5842,5975,4742,1483,5158,9056,1584,8408,7413,742,4513,9055,3982,2855,4046,3684,8641,1115,2837,3428,7044,2193,3338,2166,1526,8455,9491,3418,2712,786,4988,235,3334,1074,743,1005,8204,7024,1850,4901,3603,2260,9175,7814,DoS Slowhttptest
9954,1288,9208,2153,4582,4499,4485,607,4044,7143,2836,8901,766,3598,91,99,8877,7622,1750,3669,393,8785,9077,8139,3052,8696,5236,3750,1777,6933,8325,2925,7347,6820,584,9628,8548,7602,5196,9942,1700,9901,3681,8728,2468,8342,9947,2550,887,4838,2562,9800,7790,6727,5531,9433,207,3832,3361,2899,8151,5750,4034,2279,5761,9180,6747,6475,7804,1649,2408,9316,8720,5596,9463,7542,1419,DDoS
4173,1735,4385,1148,8023,5587,9715,6695,8902,9152,7858,4,4919,8309,2791,9758,6892,6573,5829,6824,3372,5539,5181,9377,7253,5132,4512,1147,3066,8807,3120,1026,3070,8953,5842,5669,7320,7484,4822,8625,1222,9725,6183,4793,5608,8983,7748,6547,9244,2084,2554,1681,3722,2036,7103,3157,7555,7567,8613,958,5452,8786,2217,9540,2829,227,7493,4,151,3077,6433,3971,1004,7301,8002,3660,3518,DoS GoldenEye
9186,6489,9928,9814,2627,4708,6087,6817,6456,1925,5702,8364,9384,9318,227,7300,3643,3728,9426,5228,4616,3715,4521,2121,7263,7296,342,6544,4317,9550,4832,3174,8929,8054,1026,5949,4639,1103,2683,4944,6964,8587,7503,7377,9726,8236,1979,1864,9999,4444,3101,3433,8995,2069,5140,8682,1479,1703,4316,4686,5617,4908,3230,8334,1849,4020,8236,450,1259,9195,4777,7392,7575,7986,1996,4888,7136,Web Attack - Brute Force
1494,9264,1578,1235,9931,9207,6993,1559,9760,7888,9702,4575,3856,9903,4139,7832,3527,6498,5819,3868,4451,7304,8094,5739,9693,814,7584,4065,1323,8196,9450,2034,6590,5966,199,1705,3931,2068,3758,2843,2196,8816,2133,2578,6206,8883,2597,813,6551,1627,4616,3592,2580,6238,3932,8487,7113,3251,1154,532,5127,887,3272,2925,2432,3597,8011,5525,4618,9026,9569,3480,4606,8403,9118,2672,4032,Web Attack - XSS
8536,5993,6003,9893,7425,3846,4016,295,7724,7384,4483,1496,1567,6033,5450,1975,4132,7398,4278,7925,4165,8428,463,5237,929,1886,7673,7671,7918,3911,6544,4412,717,6365,657,1212,6435,757,6902,5536,3478,5572,9422,6069,5479,5125,5093,5592,82,7966,3762,1400,658,6245,5150,1337,7140,8885,4327,9336,3256,863,1249,9410,4904,9241,7361,2902,4806,5383,9686,2336,367,411,3093,8034,353,PortScan
5678,1338,4877,328,9685,8155,7016,1486,7607,3735,737,5367,3888,6892,4843,9986,9494,6291,2668,4238,5071,4166,637,4562,2641,8232,8962,5802,4374,7638,3016,3710,57,9845,3237,6516,81,5989,6507,1508,5165,8453,3706,6235,4114,2317,4672,8860,1270,9926,3814,4019,4715,6646,6839,2231,8632,580,3321,375,6081,5577,3801,6489,9999,728,4275,6780,2423,6326,2376,6633,2247,6622,9951,5574,7160,Web Attack - XSS
5559,1912,3808,2677,5578,9886,4531,1737,5697,45,7019,5891,1941,6060,8347,961,944,7774,9470,9577,3919,9928,6058,3838,5559,2650,8431,3254,6402,7627,8691,6219,4392,7719,9621,8718,5851,1808,9402,8175,9240,4394,4668,9346,5880,675,3278,2239,9243,428,2131,8689,3866,850,2891,9250,2144,8035,6550,7103,9973,8680,8595,5342,8594,3657,9993,183,6420,1516,7462,4156,9900,5085,3693,9741,4410,Bot
2791,995,2856,8843,7073,9084,6179,2002,9256,8360,170,3689,738,3562,1317,7825,1287,6081,4036,4536,8849,4203,8123,5334,7924,3201,8767,8491,1892,5481,223,6720,7654,3648,2741,7152,5227,5511,6219,2297,4336,7393,9891,3334,2062,8856,8687,1464,3705,6912,435,4396,7096,1697,8129,8094,7122,9238,9281,1418,3048,8761,7160,8220,7643,640,7201,6418,6487,4775,1985,4816,4167,2029,7312,7205,8665,Bot
170,3244,2471,7031,5975,1245,7769,8989,6019,5567,321,3934,7319,3895,9260,7163,8515,6555,3332,5338,2667,8836,3844,9903,9032,8494,3261,3760,5079,7002,335,1878,1852,4755,2000,5238,7788,2129,5132,968,2525,2346,749,9491,8495,2915,5956,3344,7579,8227,3549,5621,6725,1433,80,9694,5505,3511,6178,2942,8986,9922,8375,4653,9363,2042,1287,3560,7793,281,4710,7773,8608,316,2963,1091,5078,Bot
3885,5599,676,1124,1113,1972,7767,4222,4714,4929,9614,7661,7143,8947,4871,3836,7309,7381,4474,8683,683,1975,303,1952,3569,7909,4004,6065,9452,7397,1030,5826,4351,9386,7719,8425,1718,492,2014,8029,7534,8536,5886,7627,8456,1672,3647,6388,8620,3162,2910,8645,8540,8613,6633,581,2662,5352,4258,6923,6828,9221,1324,100,415,5059,9575,1043,1746,4491,7657,4443,9480,4860,4170,4148,7453,SSH-Patator
6209,37,8957,4806,4843,115,7764,278,453,3213,4703,4464,300,8908,6042,5066,9567,194,1328,6393,4353,7133,7388,1557,5976,7529,3124,4882,7119,8720,8689,6782,6298,7146,1810,7914,2845,2125,7341,319,8086,3363,3386,3338,8177,8436,6734,7258,869,1459,6784,4109,7042,6429,8862,685,5027,1974,7594,9203,9576,4138,9102,1317,5464,5115,7409,566,7895,9657,9399,7297,2465,4144,4348,3926,7559,DoS Slowhttptest
4010,2877,1400,6707,9760,740,6330,8891,702,6255,4388,9147,9065,7127,1820,7906,4744,4391,1379,8470,8038,4347,9223,1343,5270,604,6519,7532,6583,591,8038,6163,3954,8203,6779,121,2276,8095,7076,877,785,2076,5671,100,8567,8837,3382,5960,6343,4816,2023,7292,1045,2097,3822,4821,3866,6209,8076,2349,383,2585,702,2096,318,8212,591,4104,1460,1911,3126,6912,6847,7044,5348,1270,7166,Web Attack - XSS
5212,1829,8744,3739,6276,2964,5616,7763,2807,2919,1570,5756,6707,7949,6876,8252,3575,2828,2574,3382,3764,3424,1098,197,2688,7098,6129,9760,9062,509,2463,7097,1888,2250,4671,5010,984,795,6089,847,1391,7593,5717,2993,7627,4457,4571,9629,8593,877,3154,5709,9098,4441,1095,1806,5996,1676,8399,9557,5501,9601,7276,7181,8437,8068,2602,5167,3481,1477,6285,2497,5850,1480,1787,1812,2923,FTP-Patator
2946,915,9084,6371,7313,2815,5285,4593,976,749,3555,7580,4799,7455,3015,8460,3028,6448,9203,5239,1248,8954,8914,1405,6154,438,314,2112,4996,591,5533,3670,8048,1909,8027,4463,6774,2423,3270,9445,1453,195,5586,8981,3553,9004,4930,2580,9723,8165,404,8144,2844,2336,7846,89,9597,5062,6728,9809,3594,9717,9887,4041,8944,715,2441,8139,3429,5268,8666,2821,8060,9843,6151,7396,2901,Bot
3592,8374,6665,6832,9814,83,85,7464,9934,1310,9132,1036,1400,3480,4820,5749,4713,6158,724,187,6377,4830,6601,2772,4612,2580,3700,2939,1138,7211,8395,7640,3380,1345,8552,1143,213,1848,641,605,365,1228,898,2750,5380,89,988,7057,2440,5563,292,9681,4726,4265,5429,9641,4985,9282,6199,2615,8342,5434,983,1819,976,6149,8380,6460,2778,2571,9378,3901,3439,7233,9539,5484,7537,FTP-Patator
8858,772,9356,4953,4594,8840,4946,9251,987,2190,4623,1785,9719,6149,6816,1901,2403,2985,1850,9199,5155,8737,6017,8716,9929,1080,2021,7174,5562,9530,9522,770,8180,5786,9933,7359,6945,7446,9550,6780,1596,8747,5446,4354,834,9839,9058,903,142,6020,7886,3723,2786,3390,6945,2759,7819,9913,3153,2831,6512,9896,8649,9468,7531,5312,7445,7202,1608,3894,6788,1096,626,1290,4717,3411,2144,DoS slowloris
697,6080,4055,7231,3440,3416,2489,6594,6377,6119,792,7748,922,1481,6987,7505,8933,2033,1445,8566,2909,5768,8815,6442,9240,605,2113,2576,5740,5510,277,2057,1164,3171,5306,6536,260,5185,3565,3818,4562,6207,2794,9395,6988,2012,6242,8495,1096,1166,4309,7884,2352,5533,8084,5848,8536,743,9813,2541,5800,1148,8848,4712,775,9861,6207,9851,7178,8798,429,9196,1612,9812,4311,4465,9163,DoS Slowhttptest
2288,9750,2368,2092,7753,8111,283,8863,2134,7174,1482,6326,2346,6541,13,6243,755,8360,2279,1134,2661,4824,239,2287,4365,2587,1309,6478,442,8916,907,1526,9335,8266,2470,69,4840,6414,8323,9313,7595,9382,1128,597,9764,5561,8863,4730,5019,6105,3715,3337,2899,6563,2308,2463,5474,3990,2748,5504,7073,9903,8363,5943,3401,4101,7755,1227,2416,721,930,9270,5288,2475,9727,8604,838,Heartbleed
1026,2835,6472,6376,5795,8251,589,3168,2034,5185,5150,5077,776,8339,8238,9459,1501,9810,6499,1664,6596,6665,6320,2022,8401,7209,7291,9379,8030,3053,34,2043,9468,4854,2954,8455,9320,3291,8598,9421,6779,2111,3016,6957,9063,4133,4855,4760,4865,472,7703,4674,3832,4330,2141,2908,6332,4111,1398,8555,8935,3469,2457,6317,3684,2233,469,5499,8503,8029,6672,4323,988,1431,6696,213,5025,Infiltration
9504,3220,4627,3440,5732,2404,8891,7597,5152,9758,7957,7017,9501,4612,680,9900,4822,3900,4364,1787,717,8912,3857,8062,2187,3752,780,629,5729,4530,5664,7621,3921,7234,3312,2430,6577,9821,1473,8671,2069,560,2695,7910,7460,2003,3992,1461,894,9198,5278,517,6825,8054,5299,7379,1000,3747,8831,729,8624,6787,3937,2810,2937,4196,6463,1121,2326,3416,5980,9806,7522,1062,7470,5467,4550,DoS slowloris
8710,3424,5934,5422,209,9058,3940,7300,175,7254,4856,3529,8408,5525,2910,603,9934,819,7597,1061,3012,2955,184,3448,6418,8793,1309,1371,1012,6,8379,4045,1623,9331,8254,8632,1367,586,378,9447,2487,3946,736,3347,9065,3238,8149,8290,8605,313,6272,9977,7619,1432,9786,337,4341,7816,557,4299,7048,1216,3430,5673,8927,2265,4668,8373,5690,5069,207,1193,4234,1189,4664,1658,7563,Web Attack - XSS
9621,5029,5064,4857,568,230,994,9848,4039,5919,8981,2625,9228,4438,1612,8530,7202,6041,585,5605,421,9505,1313,3842,7459,7939,6521,1177,9930,1666,4528,6957,8706,3329,5461,4597,9180,9609,4974,5172,6571,2014,6818,8642,8725,6675,4818,1543,9010,1689,5682,2293,9664,8437,9006,3114,8584,4258,4607,9362,2193,7578,7411,6950,2616,9334,4569,4823,587,1189,8252,9494,6915,36,9349,7918,4830,DoS slowloris
2959,9612,8698,9806,9459,972,8641,211,2331,3601,6420,9256,1446,3016,1532,2953,1833,6596,7482,5749,2407,3305,5162,8065,1356,7659,2253,9127,1122,6517,7558,1509,8902,993,54,9832,6729,3175,1756,6159,5528,6172,8967,6099,8547,563,2394,2892,1526,4120,4187,6008,9753,3019,4697,5806,2944,6539,3991,8733,7669,1153,9938,1172,9491,3732,7719,3267,4504,5755,70,1222,4640,4914,601,1488,4980,DDoS
1811,5830,5687,9964,0,4644,5905,5361,2181,4964,5191,4616,9100,1922,1986,7814,4042,6939,500,9523,9818,1227,2055,2155,2570,9588,4481,7476,2969,7885,5110,5723,3589,5131,1273,7544,3710,8228,2940,420,3079,4839,2419,2280,2334,8929,1418,4547,6800,2041,9977,9254,3568,371,9194,7577,5375,2523,6354,4500,5650,1418,3201,6168,8818,1821,4307,2961,1646,7515,2635,2343,8184,5509,9201,5008,3218,DDoS
5723,3740,4976,6069,4038,6098,3834,9991,7687,2884,1322,2609,724,2411,9507,9604,4848,9746,425,7097,7949,8495,6983,8295,7498,8555,7533,4662,2847,5867,2723,9300,5338,1897,4820,714,2872,5931,1202,6084,91,1523,5769,3979,8360,6244,9511,7152,2240,9061,7106,974,6371,4456,2228,2558,1320,9771,7204,9976,7250,1915,8448,1240,2569,8941,3322,4752,6463,8925,6554,7697,4323,1259,2413,2905,2554,DoS slowloris
3704,3402,4282,5656,7035,1528,850,4674,4409,3295,4526,9571,1415,2269,7270,2807,9991,3608,7833,7605,2813,6870,7336,5711,2119,5085,8647,5588,6740,2884,938,9876,5740,3409,2085,2366,6783,139,7415,7061,5890,426,2902,2017,1218,1912,6788,4636,9644,1717,2199,3174,1428,1311,8938,6276,7569,3106,8037,2914,753,483,7812,387,9980,8736,2906,2965,2746,7178,4676,1161,4226,9850,4461,420,4519,BENIGN
5874,2209,1185,4930,1819,7396,930,1353,656,6429,1205,2867,8647,5014,4370,2490,874,4163,9625,3192,3738,5043,7723,6625,5997,6233,6355,574,9287,2895,1988,8481,6170,2467,1588,5873,9670,8996,8803,471,409,9817,3959,3574,8352,7362,2725,5853,4108,3478,1878,6231,4534,420,5771,3893,7423,499,8437,4441,7371,7649,8671,5213,9525,2567,6048,4214,8949,5853,7284,108,745,9708,8155,6860,9815,BENIGN
1348,7035,3311,8901,7786,7353,737,5532,2201,6367,1441,683,1920,5170,5749,5715,3984,3415,6109,270,6832,5255,6402,9471,6474,3994,2830,1567,6410,6018,8985,9222,859,8742,6147,9757,677,6450,8653,9714,1234,9328,5435,7115,7182,2248,7514,8315,8019,4504,7375,4561,3930,3776,2884,5099,4489,2097,9993,3673,8335,8357,3138,5139,8260,2501,8216,3928,2357,576,7300,8782,1667,1298,6992,5831,2263,SSH-Patator
3863,4405,7400,6480,3527,5598,6650,3018,9396,7318,5915,4559,973,4244,9492,4008,8226,5997,8192,7885,2515,6747,6213,5763,6400,1940,7010,9212,8283,4689,6515,7036,3891,2146,4093,9780,3663,5081,7674,961,6082,4341,4374,9044,3581,5380,2312,6658,2492,2270,6701,7607,8460,7208,6184,4077,5294,432,7616,802,6134,6466,4995,1303,5213,7007,8934,8874,3058,1849,7816,1301,9987,9087,8672,4037,290,BENIGN
8381,5314,5695,8568,6826,258,826,2419,6975,7932,6203,2152,9641,3332,5886,3117,4739,3597,5596,2314,1557,1716,9364,8014,2327,5401,9699,4893,8008,7803,9096,4821,5559,3199,2341,3398,5259,2851,1145,383,9158,8810,1019,8000,4044,205,8830,3617,63,3832,3176,7607,3805,4323,4797,4023,394,9428,1859,6441,5544,1020,6904,3472,7747,5517,6369,332,4425,9480,7059,875,5840,2288,4679,4696,6616,DoS Slowhttptest
4782,5725,5580,4486,1078,7218,4585,1355,6017,8186,8461,4240,8780,9344,8566,1646,3072,3438,1651,5293,4680,1750,2971,4189,4742,1741,9706,3824,3841,6197,7643,5067,2361,1966,8551,9173,4632,393,9571,47,9647,2748,2288,7048,7562,1209,1164,8074,9272,4545,8045,3539,9895,3411,1537,6069,7009,9517,182,1533,155,5811,9584,4884,7977,6156,5420,857,5274,4007,4858,4678,6039,4976,1699,6834,8905,DoS Hulk
1451,7428,1397,6174,8616,1028,690,7898,7963,4010,3579,199,5392,8967,225,4566,2065,9970,8820,40,2091,2244,8490,6062,8650,878,8980,7403,3895,8574,1450,5373,2595,3589,8521,4909,6625,7699,9211,5541,7970,5281,3821,1827,4111,8811,688,819,6216,2251,2301,2660,5648,5662,954,6453,3941,4748,7412,1247,5486,9465,6886,12,7475,4705,2239,697,2066,6914,4674,2073,3212,3813,1050,2152,7689,DoS GoldenEye
5787,3089,3641,173,9616,7254,3903,7510,448,9642,5835,781,3568,8363,2283,432,5135,4945,5705,1859,9542,3919,6390,548,5060,3574,166,3512,2400,3170,9839,3189,2621,5158,3401,6466,6172,542,9531,8142,8759,3538,7012,1940,8117,6342,1760,5773,3945,2701,1028,6310,4480,3703,7259,741,9967,2234,1613,3536,557,7430,6062,9559,857,1810,2356,4065,3506,4387,7330,8938,6935,240,5020,7912,1152,Web Attack - Brute Force
3939,2574,3300,4837,8367,6947,6901,1076,334,6436,1730,5255,3853,1724,802,911,3067,7021,8527,8187,4332,2015,3659,398,4097,8069,15,4374,5470,6513,1576,8569,5174,5485,9571,5915,8945,1307,9850,4532,7106,5913,4774,6214,53,5495,3642,79,5964,5609,7203,7423,285,9768,9135,7963,7966,227,1976,2218,9712,3316,1984,3464,9942,3723,2345,6600,1460,7513,4573,1208,3795,2508,1667,9688,7739,Infiltration
6539,9623,7003,9121,6677,3412,7706,4309,6540,8783,365,5911,2221,272,3621,3642,4585,601,8803,7478,326,9898,4261,2927,2108,1964,9401,4459,9215,5301,1754,2081,6281,7865,2075,4028,4201,1256,8387,5970,4297,2156,5857,40,8873,2859,2462,2037,1674,363,2518,8691,3053,2470,578,8027,5842,1257,6635,2972,5041,6674,3985,2988,1524,6487,5839,8443,5672,381,1804,1987,5218,2642,23,352,6216,DoS GoldenEye
4088,770,4753,5569,1747,9242,5475,621,18,8985,3341,7726,1902,4637,1940,1206,7837,4080,164,6952,1211,3159,9673,1495,9984,2419,7970,7684,8556,7204,4214,408,362,3440,5272,4418,757,7891,7645,8639,2751,1791,7122,2389,5386,8054,7505,7582,290,8363,300,8115,7432,3166,1746,8706,8870,5007,343,28,7236,106,5811,5783,3360,489,3760,8148,8469,4076,5959,9565,8819,2695,9362,677,5811,FTP-Patator
3401,2442,554,8994,1162,423,9468,8607,2005,2863,2012,4309,6581,7647,7015,3871,6749,6011,1617,1643,5698,9995,953,5425,9374,4247,7037,908,6139,6599,4429,8654,9684,5966,9241,4534,6240,4489,3538,8458,6018,9750,5317,7208,6568,7422,3539,2866,4278,2546,2117,1799,8314,391,3298,4553,3143,2559,6072,1095,5894,4141,4688,8964,4577,5528,1198,9642,4750,7871,5790,3038,6830,9355,8255,49,6179,Web Attack - SQL Injection
8696,1591,4344,733,5956,2852,467,2808,8701,7561,5559,2773,2857,3229,3165,5909,1509,3510,165,3526,9593,4003,5514,1414,9567,3153,6689,8254,2749,3974,3857,9734,4403,7672,1828,8289,9517,8038,3455,7503,2637,2024,5151,2981,8870,1305,3101,9981,7014,6839,5684,3974,7115,2966,5043,3220,1099,5077,3652,4644,9862,6204,3202,8704,9275,4997,6523,1862,6490,7609,9991,3958,4008,1976,9350,6470,9649,PortScan
5493,6286,3793,6537,8674,7130,1660,950,8603,353,2479,4098,7099,4080,4226,1098,1347,1973,1023,4255,6160,9610,4451,1055,2530,1647,2820,9048,7825,7682,4891,3009,801,341,4501,9588,1309,6703,576,4316,4028,2194,4050,9395,5629,5416,8682,6496,5106,4965,2481,739,509,593,8946,9654,5293,3002,8006,104,9784,4883,3822,7754,5413,2842,392,6565,4976,4313,2200,8881,6090,1660,3962,7521,6393,Web Attack - SQL Injection
5037,6883,7312,8025,3252,3330,6627,6977,7379,3825,8742,1944,5469,8494,8609,2115,2104,5589,2646,829,3110,5367,1137,9931,5045,5242,2642,6356,786,2549,3246,5394,5355,5665,5772,3608,5216,2068,2337,1816,5201,1802,1810,6049,1921,6429,4716,727,8412,4877,8049,4172,7894,2652,9558,8523,7461,7262,1404,9149,3511,5209,528,9059,1936,740,9498,3416,1757,1256,1375,8907,8624,8448,6540,8116,2836,BENIGN
7116,6972,3842,7580,4783,9661,1048,9152,5915,7283,7773,9363,2984,8927,8116,8824,8478,1348,6343,6094,5932,178,1911,1499,4512,2675,2170,2332,3989,2754,2050,8453,9686,331,4356,2819,4542,4868,8124,6622,6583,7077,6422,1158,293,6348,5816,8484,1161,8602,508,5176,4879,1393,5531,706,1298,7613,3858,3107,4719,740,3899,5605,1434,5542,1321,7209,9202,175,7070,9512,2471,1439,5938,5147,208,Web Attack - XSS
247,2894,789,4080,1746,2561,1117,9048,2969,2854,9232,5786,6320,3202,297,9189,2663,2315,4595,7959,7707,3558,9105,3428,4741,1004,9501,2593,2770,5817,5063,3402,2740,9113,9912,8094,6170,3183,9707,7984,7304,4742,3852,6665,9325,1502,1636,1809,8458,4873,667,7380,7476,8245,2821,3945,4490,4607,8992,4420,2026,8365,6348,54,5866,8901,7474,7448,9832,1814,9905,7147,4236,7112,4253,104,4384,Heartbleed
7861,1208,2995,7642,4320,1906,1710,4179,9783,2139,7,3645,7221,7330,9846,8670,5390,2014,7428,7125,1627,4724,9602,7525,1242,5584,7588,9364,5476,7218,8128,5789,3184,8618,2545,1315,6489,8702,8632,5865,9847,6122,2769,6371,3044,5209,8587,827,7828,7503,7331,3004,4660,791,502,4429,4586,5726,2048,5479,2674,7720,3502,3610,2170,1242,1439,9401,8106,3276,3873,8581,6447,8174,1702,1535,7942,DoS Hulk
5067,4321,2560,7153,28,9172,3583,5108,9850,7521,4820,6615,6458,5407,9031,2414,4426,8588,5940,8576,5697,3582,7197,6551,9135,5085,5162,9977,9038,9673,5638,3115,5657,1386,5240,9472,1598,1982,7478,312,5236,3859,6037,5297,2164,1699,1778,4269,748,6298,5778,1807,9725,6453,3796,8178,7904,3422,2209,2738,8483,2740,6745,2435,2827,8372,5180,9362,2743,5896,1135,1710,2344,4786,7284,3974,7194,DDoS
2358,7870,7018,8581,8095,7629,6149,6846,3058,4625,158,9871,8421,5625,9917,4787,1680,6302,1295,6824,3876,2984,4916,1823,2328,8550,9204,7781,7973,5211,2894,2695,4096,4041,5410,1269,1263,6624,6797,5636,847,4884,2361,2186,497,2168,6608,7133,7053,2411,9713,663,966,8741,9265,4842,892,9440,2433,1190,1737,8845,6027,336,434,1271,4582,9692,6843,5189,1767,804,7865,4778,3180,2311,8720,PortScan
2385,9780,7142,1644,1592,77,5658,5550,2693,6952,1338,3294,5308,6448,4971,4874,3925,7914,2087,9329,8870,7789,8421,2828,2312,6458,6771,7682,5642,8098,9584,3735,2024,7877,1660,229,9813,6441,1578,6029,3787,280,2515,2455,5993,768,3086,545,6051,4246,5933,6761,13,9593,2254,5506,1098,8116,3204,8622,794,3966,8399,2511,8015,579,7135,2830,6169,7931,9825,4094,9712,3481,95,3510,9723,Infiltration
5807,614,7204,7377,7023,7934,8004,5562,9251,9964,5634,9858,5339,7098,7048,5657,8713,922,4204,4925,9396,6485,7824,9688,4761,8520,6699,5355,1464,2034,3590,6839,8694,6507,8680,7367,3837,1426,1599,1834,9232,38,2914,6438,8230,186,8941,5057,2831,4557,668,5350,2753,5369,4873,3546,4748,181,6145,3241,9168,2923,1445,7139,1308,8571,1855,8747,4667,9414,108,8256,6034,7852,9624,5720,3927,Web Attack - XSS
2497,2976,740,470,1665,3990,8301,4389,2262,959,1559,9308,680,9243,3773,4991,1950,4694,7057,4762,2067,8148,9563,7356,6508,1992,3231,2513,1861,5945,9413,5328,2313,769,7136,3562,9624,1359,1256,7883,8264,5120,9374,5628,8674,9431,2242,8594,6147,764,7963,1835,8995,6068,3002,7126,2819,3124,3195,8501,6995,6841,6156,2256,434,8078,6019,849,8298,2671,8311,6210,8144,5816,5788,2161,3716,Heartbleed
1646,8423,9786,561,6459,1806,875,6514,9830,9184,3735,9748,4353,2476,7761,676,6806,3756,8616,1600,5881,1340,8821,3008,2065,7934,167,8208,7052,1545,1530,3813,1497,542,8918,378,4435,4302,6282,9037,3852,4821,673,3520,6346,2057,5195,5865,737,6147,9916,2653,9253,9510,7256,9021,6749,5106,2147,7426,1302,3075,6733,4805,1700,7686,1024,8791,1441,7347,645,7619,1991,5838,3372,4747,1646,DoS Hulk
7028,4319,1754,750,842,3414,7958,3510,2303,1505,1427,3854,4071,2374,5609,3805,3935,1383,3276,279,5174,3978,2270,6861,683,601,2043,1532,960,3077,506,9386,9066,2315,2803,5299,5149,3190,3788,733,4555,1661,4553,4662,4134,969,261,4279,4615,3599,3959,385,1034,1539,1806,2056,1600,3687,4790,800,2069,7209,1485,4173,6247,6122,4814,8530,7966,8465,7051,7847,3961,3756,4528,8064,6753,DoS GoldenEye
6008,1283,4091,2221,9939,7121,3512,6415,5768,2642,8069,555,2254,1140,6148,7962,5745,1785,7592,6131,9305,3099,3615,1240,8262,7931,2868,1544,5089,2370,8100,9371,6357,1106,4708,7177,5967,280,9907,9305,4404,3021,3070,9720,1130,6298,8023,7616,6739,7243,6084,7504,1929,7127,8884,713,4725,6544,9921,1827,9713,7783,6317,8492,4092,6246,7331,1028,3918,5720,1710,7328,4192,6821,9351,387,1903,Web Attack - SQL Injection
4259,9630,4776,1001,1159,4253,6541,9004,9581,5421,2396,1347,1537,1486,1782,2548,1750,6885,5873,2235,6272,3564,6240,5014,2224,7151,4724,969,8127,8464,6542,9778,2824,3518,4020,4956,7977,8820,4345,4607,344,4642,8747,5082,4010,2919,459,5226,2788,2811,3115,8101,5544,8251,9986,4444,6541,1964,4769,9685,2596,4233,2665,7280,2456,2412,7862,5391,8023,4340,9995,7266,6714,9288,6767,7455,7096,SSH-Patator
533,9132,9457,11,516,1724,2183,4541,7605,8364,6655,1675,8195,1610,2793,6247,5768,4377,1500,4330,1725,3928,5341,455,1382,5724,557,6114,3990,1168,1367,9791,8348,4989,4957,7295,9239,930,7342,9316,1281,9320,4815,1176,505,6223,8416,3838,4052,8371,9520,741,4409,5453,8499,6183,9458,1268,7989,8049,3680,7312,4047,9245,1643,7595,5501,2663,9854,6341,3414,32,6477,2281,8721,4982,4914,Web Attack - Brute Force
6887,1289,5100,1318,1463,1584,569,8037,8342,5766,7468,4973,344,7478,1659,7884,933,4716,4245,5609,6274,6746,9700,3575,2551,8186,5665,7178,8165,5380,1011,4166,7331,5914,860,9626,1439,3416,3953,6760,9653,6903,6615,161,8830,1057,1453,4826,6897,2784,6310,3367,4267,6966,7384,4294,2097,9657,4425,7497,4389,2327,4459,4041,2618,1754,7659,8128,7089,5759,697,3957,7909,8704,808,6555,1038,PortScan
8735,6232,5066,4841,6282,8901,1313,4401,6669,7345,6996,9964,9631,6733,3315,8600,4814,4722,5243,4333,2453,9774,9413,562,8054,4182,9947,8104,7500,8936,8561,5859,2091,1320,5886,8657,472,9488,7132,235,5165,7900,1678,4328,6560,6064,265,6333,2404,8330,9557,1952,8264,162,7973,222,6093,184,94,3872,683,975,7346,8049,7468,60,6215,1460,8673,4078,5325,6001,5651,3651,7745,8008,9366,DoS slowloris
6550,3806,8681,896,4300,2718,5000,8209,7550,6879,4738,4076,8733,7675,197,1265,5121,976,608,464,9219,1261,7557,2029,1817,240,5734,2856,5614,7228,1761,6910,5571,7444,9374,7406,1940,2922,412,7606,3223,1103,5569,9601,5796,6526,8356,4804,1071,9342,8559,6791,7199,2554,612,8268,1051,2983,6543,1226,4662,3154,1274,2389,6557,871,1961,9759,2154,4161,1075,7330,5360,2035,389,5141,3862,Bot
5803,4077,8553,8250,4580,9316,9972,6941,8531,4581,2736,1039,7665,8312,3813,6473,6227,8936,4481,4543,6216,7003,7060,9214,4960,7867,7043,1775,1908,587,6145,382,8881,5231,6004,8395,4121,1876,6251,1700,1590,867,5661,2064,9679,2345,2640,7019,1050,3587,6818,6592,9799,6731,6383,4899,4534,9212,522,8762,3339,4208,2452,3473,5125,7768,3185,9038,1334,6195,299,4958,1085,83,7915,4056,1376,Web Attack - XSS
1692,7826,923,4985,1498,5010,4598,3870,1725,2810,5561,2294,9784,8616,4890,5177,8016,5603,2371,7353,5618,8253,5058,3558,1784,2916,3444,514,6194,4712,8290,8514,5536,7850,8113,4250,4637,4241,9689,5518,5730,2749,4884,1931,4352,438,536,8904,5926,6748,4314,8118,4838,2766,8174,989,301,1012,3650,246,2063,1358,9801,8131,1045,6761,4214,9743,9730,9707,4601,1778,8628,8994,7272,4198,7375,DoS Slowhttptest
5780,4800,824,3805,8495,6310,8685,8278,3297,6045,7089,6496,5864,6493,5634,3820,6913,1049,3601,6465,6439,4865,7749,2983,6328,8719,7173,33,5186,6398,7976,6546,9,1727,7542,2778,6732,3098,4044,1176,4723,1273,7054,2476,2341,4539,3142,2210,3414,7684,7274,2027,4726,4894,1999,4704,5617,9216,1621,4571,3011,6208,9102,7652,614,4080,1004,7703,3222,6142,9207,8198,7683,7930,3765,4050,2511,DoS slowloris
5713,2895,3905,1916,4277,6572,6951,4130,3863,674,1900,7329,7909,4503,4099,4456,6065,3037,589,5477,5747,1889,2382,2332,1059,3395,7630,394,566,1072,2510,7480,6100,2402,6486,2102,7064,7141,9106,9303,5439,3461,3923,2317,5991,965,9341,6982,2232,8556,3613,1031,8845,3795,3867,7581,4086,3203,4418,5001,2149,4890,9681,6218,4839,6379,5388,4983,3638,9469,4822,4424,5927,2417,3742,258,4472,BENIGN
6223,3110,2753,708,8437,4428,9803,7570,2812,6119,7175,9579,9926,251,2943,2005,6161,3313,1276,9219,9588,1448,6892,1202,8203,5999,9508,8961,6740,6438,9548,3183,1973,2269,9228,5389,6183,2552,9946,5423,4617,9336,7477,1698,2352,5578,6739,6705,6555,8411,1632,6467,8802,7557,4229,4944,3184,6076,8624,6530,3437,3105,8253,4182,890,5246,3921,9531,2860,2378,6395,5358,2082,8969,7783,5029,1406,Bot
2757,9938,7368,7400,3567,5932,2124,5337,6123,2421,52,5715,4353,1734,8034,3466,927,4344,6212,7064,9638,2699,339,2421,4980,6400,2563,3339,3999,9572,4942,2355,8793,9863,2779,5917,2538,8830,2685,4075,4802,1374,7175,5350,1726,8848,7792,7980,5315,7049,6607,2962,8102,4913,2875,579,8351,3572,9681,2895,463,8699,5783,9499,6294,1021,2933,2942,6356,6728,3393,665,6331,3643,767,8575,1337,DoS Hulk
4397,4059,9584,2147,1411,6589,4150,7663,6898,2174,4051,3392,3467,9364,7570,8417,1333,418,4384,5638,4968,2816,167,5009,9890,9510,3082,2404,2178,6459,4699,3385,6629,110,5409,8438,5741,1444,9671,4220,5834,2307,534,8271,4367,5975,3636,8593,3124,895,6371,6077,3763,3896,2759,2239,9171,3094,9767,1359,1553,2535,8178,9379,4067,1383,7680,2395,4861,3283,1908,3161,9229,18,5201,5880,8812,DoS GoldenEye
5951,5382,9705,2384,2333,4349,2644,7368,9493,8829,1263,918,4915,680,472,9984,8032,7929,4324,5958,3470,7370,9899,4144,4822,5808,3011,1097,9641,7551,8969,9524,1449,5450,2899,4503,4166,5563,1460,5381,9572,9520,7710,6298,9331,7092,3122,1095,9855,5031,9382,3141,5087,5117,9378,9790,3358,6057,5463,8897,3880,2889,9721,7921,7638,7456,1848,3576,9738,3801,5869,344,2426,4227,1234,4812,9810,Bot
9355,5028,8945,1590,4567,3089,4351,4454,6195,6866,5858,4128,9543,435,7140,3490,4944,2860,6723,1073,8861,5317,8654,376,2593,435,9212,8915,5391,2939,7743,8182,3623,2207,5495,4215,6491,2093,2516,2669,5490,5099,1144,3008,1312,3629,7505,6524,7555,8049,9219,1936,4847,1615,4296,6105,8390,2120,9142,2735,9951,9648,406,8986,1116,5783,1103,6351,4187,2579,2130,4866,3942,4279,2712,364,8387,DDoS
5503,3654,4599,5416,1985,2567,4340,6308,8153,4379,1911,710,4090,5243,1590,1340,821,1616,752,7037,6934,7985,8522,3043,7371,8023,8858,3386,6408,7456,4677,8882,1703,3077,6787,2337,2252,5678,2951,7815,9448,5833,8223,8383,4502,8024,5702,2082,3969,5339,5737,6119,2379,7163,9045,2056,6323,6146,9493,1827,4262,5393,1616,8309,2399,6796,9488,316,5521,1719,9263,9231,9685,3776,1306,2061,9563,DDoS
9843,735,3476,3131,866,8851,3123,7317,6799,5780,2365,3732,488,1979,2171,8897,4554,7700,8096,7920,5776,7459,5261,4772,9603,2693,8369,7717,9550,4631,1695,3293,1637,2905,4696,3485,7346,6121,8072,4918,7454,7406,1089,6859,3924,6110,1827,9811,7019,5036,5421,785,6853,3936,3058,5665,3662,6727,4850,5770,7853,8208,6173,8106,1063,915,1691,8475,6202,3005,5103,3401,1749,7430,1377,7851,2366,BENIGN
1068,8007,2409,6905,5580,4102,5378,6231,4637,5479,5076,368,5126,4774,2433,4778,395,539,2667,1170,1307,6731,3675,1530,1497,3813,2757,4671,9076,5000,8694,1993,8416,521,2975,7493,9682,7614,5864,4842,1156,7792,653,2608,4874,8350,7105,137,532,3373,6878,8906,3145,6675,2324,8612,6029,4164,1175,719,9878,3571,5839,179,7666,1772,7,6245,5776,4100,2887,7546,6749,7896,3755,972,5955,Web Attack - SQL Injection
6793,5275,7467,4606,2326,7004,3438,5652,7041,5002,5749,1873,396,2348,5959,3465,4698,6736,4311,7956,0,7311,5369,1194,1099,3551,761,7617,8287,9765,5466,6126,8458,1121,2604,6809,3205,4650,9309,7903,5136,9844,5260,2095,2842,6713,2300,1726,512,6890,795,4959,9818,3281,7909,5884,9256,8553,2998,751,1336,9493,4417,1960,4650,3105,1,749,7738,2848,7619,3601,9225,8625,617,5341,8981,DoS GoldenEye
4416,8989,9970,2926,5239,5662,5862,651,9488,471,8027,4851,1318,4974,9175,4743,2650,3609,9803,7992,206,4884,3236,123,6020,4368,8665,353,2144,8728,1084,1117,961,757,7820,1788,1319,681,9043,6090,749,8088,9054,2346,707,3967,2715,9111,9532,7035,7812,8032,9866,8455,479,6664,7210,1119,9609,4619,8593,1494,2699,3850,3937,6426,4628,8137,6905,3148,7912,8901,5787,1939,9171,8616,5123,DoS slowloris
791,4752,4152,1635,9160,4496,951,6079,521,6065,1974,6413,1882,5461,6283,5097,6407,4544,7394,3131,5174,4095,8713,4321,6259,5459,5226,5638,6676,7931,6474,4651,8414,5329,9941,7972,2475,3136,9073,6661,2341,220,6570,2360,5834,5583,3648,251,6838,5231,1787,279,4389,5634,6311,2101,3649,9842,6869,5741,23,7261,8447,9429,3942,1063,8986,9678,2483,7716,5109,1234,7626,2291,8953,4238,1784,DoS GoldenEye
3992,4528,3650,7402,2779,3615,6346,1996,9488,8035,6109,109,411,70,3727,717,5476,6813,718,7736,7735,8318,8617,7242,2325,2435,2818,535,6451,7746,5172,9336,9913,3490,3870,1779,3147,905,2131,6947,8498,3516,4432,5991,8708,100,6060,2147,2220,27,4852,3336,2362,4133,3676,2375,47,7058,8197,5533,8961,7602,1362,3340,816,7,4872,2532,2759,328,4875,2385,3980,2466,5329,1194,100,PortScan
6715,322,7832,3649,4846,5755,606,8708,9300,4335,838,1121,3965,3341,1336,1259,7192,644,596,6389,2810,4536,6769,467,9156,9829,2786,8418,2808,9496,5789,8705,211,769,7531,8622,3258,259,1754,45,876,8154,2917,1955,9792,2274,7735,1739,5666,3190,333,1530,555,8922,4823,4033,1163,6028,9491,2020,7685,6023,7444,3686,1940,4396,3071,7016,3499,9402,4253,7817,9546,6025,7576,6607,7753,DDoS
4109,3267,7072,9427,5254,4203,5890,4726,6297,4442,1048,1959,9770,3698,8541,5675,7891,1478,1820,9433,3930,5365,9067,6603,9733,5786,3701,9011,3909,8400,1884,4502,2128,7497,8298,4029,1425,4605,9309,2129,4056,240,8356,1496,303,4774,911,5093,6047,2761,605,1038,406,1071,7830,4209,6598,4621,6088,4443,1452,2453,5499,5180,6673,2987,2789,200,7825,6200,8974,2760,5225,4921,3713,5652,9130,Bot
3617,5190,8955,2894,9446,4619,7290,9990,5188,4966,9461,7540,4193,5441,8904,8865,4604,9133,942,4471,3743,6283,3836,2428,9381,3624,9444,7391,7927,1909,2674,3324,5833,2602,5797,154,2674,4503,1527,625,685,9657,5209,869,3077,904,2022,1242,2711,1294,5937,9055,1556,2302,736,778,5525,5833,7525,9606,4784,8035,4736,8000,6590,6794,4732,521,5697,2847,4111,6394,8422,7420,8119,6749,518,DoS slowloris
3851,6855,5004,5544,9225,8957,3360,6052,6758,987,8207,7495,7092,9762,4427,78,1818,9236,9803,431,8804,4350,8463,4431,8949,4303,8305,5151,5016,1962,3065,3948,7671,9025,7106,928,5422,2915,9535,5387,9389,197,9048,4397,4500,6865,9185,845,6290,1747,5507,4965,9759,345,155,5561,7369,5032,8333,103,1238,7476,4203,3531,3875,8115,1252,7079,7109,8399,5640,1762,8909,1428,4276,8005,640,DDoS
5804,3048,3227,1919,9602,8662,5799,4099,6137,6341,7563,9593,9689,9912,578,5004,2600,8934,5782,4270,2030,5859,3107,7181,2228,3264,1734,4943,5023,4109,9646,2126,3955,8192,5083,6930,8838,6609,7678,707,8794,2831,3661,4109,2090,1098,1950,3378,3824,2882,6223,2010,493,8113,1851,5378,6647,7495,4943,4636,7388,6750,4841,9610,5791,8432,2400,7517,8285,3398,9935,4010,4148,3968,9660,2677,2405,Bot
7646,1275,7315,9261,1141,1566,7380,6297,7614,9107,5432,4536,5273,3856,2904,5988,6298,5656,9993,3793,1660,7852,6093,6457,1618,593,2070,647,1329,1423,5930,9072,7025,1234,9809,5677,1456,5479,2830,9264,3732,7754,7388,6879,7173,1078,7182,4618,5502,5495,4914,5796,7352,87,5874,4451,1088,653,3109,1397,4760,2427,2084,8930,2999,4429,2466,880,7950,6737,9728,6595,5036,8631,2046,2194,9077,Web Attack - XSS
6513,893,7400,659,123,247,9677,1405,7103,1129,4773,9665,6713,2527,7025,468,6509,6901,5021,1918,8530,7463,3697,3833,4450,5187,6292,245,5795,9178,8838,7036,8635,5303,8478,6839,9040,9700,334,886,4267,874,2566,1330,1773,8091,3753,4506,1444,6630,7973,4595,567,9889,4764,6636,5807,9292,45,2806,9730,2783,7126,760,6220,6128,1512,5350,660,6250,697,7966,9222,824,978,5461,9495,Heartbleed
1724,6220,6267,2331,6988,3829,6751,8748,9314,8055,2115,2125,3217,8266,5970,8705,6018,7836,5881,7215,4229,6970,3090,2031,3406,3990,8722,8032,8625,1629,3707,6276,8258,8859,149,1132,7662,4710,5200,539,1821,8666,2301,2540,2618,7372,2849,7893,5344,6573,5598,3488,5492,3482,5794,8441,558,9777,5769,2331,6824,5088,1724,1586,4836,2792,6588,416,6605,803,2950,1569,8489,3232,8973,3032,4507,Web Attack - XSS
4721,8614,9309,4638,3971,7629,7523,8727,2265,9569,3648,7894,9315,420,7473,6572,314,6233,2486,5370,1600,5355,2617,99,9082,9003,9613,4043,8436,3452,6305,1013,4389,245,9399,3520,3239,9831,3476,7583,3595,7833,1039,6349,8087,9178,959,2252,4252,5534,4926,298,18,9714,8891,6439,624,2416,1152,1298,375,5207,3992,5059,6359,1382,851,5600,9499,8674,9239,5163,9110,2528,6221,2365,8095,DoS GoldenEye
4611,6013,5918,1734,1536,9741,1245,2533,1814,3526,9323,6630,4488,4214,1773,8957,6046,1580,9853,9862,8178,1087,7173,3489,6160,8011,2600,2489,6509,7522,9628,815,8030,8423,9676,7257,7317,8039,1478,4484,1331,1280,2421,2239,1405,7603,8370,6365,8084,8742,6127,4074,5432,4904,5779,5653,4252,5933,8392,7556,3895,9538,4440,2463,2144,6097,8812,6883,1777,3880,6684,1132,954,131,604,4661,7409,Web Attack - Brute Force
6447,2548,5759,1885,338,5803,6558,910,3996,9045,4270,8019,5500,4614,896,8424,2758,9016,8316,697,1061,247,1919,1611,8332,4192,5774,3663,1377,7155,6618,2863,9742,8999,4630,2312,8863,8496,4879,1311,7842,4396,8327,6631,3312,2851,3032,2406,3065,7619,9433,7886,8322,626,287,5886,2707,2103,2381,1634,9787,8878,1611,4062,5513,8032,5283,5929,9186,1401,6191,1553,6744,3570,6295,8851,964,Web Attack - SQL Injection
987,8804,7366,2130,7221,9468,4966,3506,7719,8420,1018,9412,5290,2879,6657,3357,5734,1546,1611,3977,5107,4149,4612,7662,4511,555,8397,9193,3863,117,2527,3851,3761,5490,6371,9650,5236,5703,4636,9240,6230,3000,7422,5515,2225,9297,5987,2993,8722,4862,3440,1996,8933,1074,7528,866,3782,9384,4021,9362,4183,7469,590,7191,2224,7354,5333,6133,4845,9808,4904,4898,2495,9396,8356,2483,3601,DoS Slowhttptest
3327,2000,5255,4572,6896,5233,2364,8123,5828,1210,6846,1798,546,8233,1748,7452,6437,6913,1560,3777,6202,7785,2566,7856,7019,1767,1320,3944,9947,5411,7151,5908,8474,4692,6362,7044,6004,3810,6101,826,4003,8481,8755,4597,7676,8845,3130,1080,9847,3108,3769,8658,4895,3534,7868,2027,3692,6026,2660,6289,2252,2026,1254,9483,9137,9978,7525,8680,6767,4825,8939,9814,355,6298,2739,9807,3148,DoS GoldenEye
8907,3930,7648,4766,5258,4496,6257,8087,6103,5132,8085,9874,9638,7188,9711,4310,5263,2537,4998,8531,8303,3737,4181,4456,483,9072,3102,7527,167,7450,7048,7115,8028,3291,1735,7280,9740,6093,846,887,6507,9503,4053,3126,4264,1817,3180,5020,2943,6179,6867,3936,6202,5610,3742,9954,9375,2857,3896,5487,5082,8535,7479,6065,8826,1237,3229,4377,2177,5481,2923,6406,5274,1328,5367,9428,1433,Heartbleed
1856,1532,6861,9919,4963,1495,8280,1928,9230,5893,7724,1867,8134,9634,3905,5529,5080,3773,468,8832,8628,8165,9147,4617,1685,284,4932,5511,2484,1162,9629,1571,4009,7863,4742,389,556,6549,2000,7758,2504,3525,9302,6142,5328,1276,7327,3266,9592,6287,4225,2035,5810,9648,1352,9123,5641,2947,4180,4964,6145,8603,120,1480,8200,7808,4407,7980,499,7052,6029,4240,4496,2974,8877,5680,754,Web Attack - XSS
5322,6090,2314,7880,2297,4534,3679,386,1485,2543,4711,7128,6115,8328,2049,5238,856,1143,2837,8340,6985,2266,6326,8761,197,3445,5562,6503,5504,7265,7471,8903,9118,8399,5503,2352,2775,9183,5884,3426,8316,860,8899,1314,4554,1057,6886,8121,4436,9552,9361,7885,1573,8511,7196,8562,7177,1808,7100,6227,1616,4678,4978,3900,870,299,2269,9125,4328,2225,73,7455,7032,1369,1455,2265,7709,Web Attack - Brute Force
6763,2848,8473,713,7465,7206,5436,7927,9129,815,1775,7328,9370,5276,3793,2914,7790,9993,6505,4572,1167,8448,7505,2435,1748,8323,2674,2451,4414,8994,9004,4759,8689,6043,2552,8343,3283,6423,9541,1125,6526,1397,2812,280,6623,7760,9668,272,7624,7506,520,1726,4199,9298,5228,7287,9667,4997,5386,9108,1982,6639,4312,5759,3921,8852,3734,7740,2045,669,6123,1645,9621,3441,919,7382,5426,BENIGN
3951,411,7419,5267,3299,2858,9412,2750,6314,753,1486,9632,3371,5272,7458,2206,2369,7165,7346,9963,3770,7568,1091,7999,9602,843,6353,9854,877,6100,6512,5685,3631,1561,5447,9303,2154,203,4676,6079,863,3709,6970,8725,5062,8931,4406,2312,8565,2658,4315,1500,519,362,1476,2012,3324,5855,8191,5263,530,4147,2702,9769,1631,846,7845,9087,9548,1619,1870,2246,9654,2197,6193,1363,3602,Web Attack - SQL Injection
8969,8241,375,22,2672,1029,4375,392,3517,9285,9689,6124,7501,8675,4923,8422,86,4484,1643,8910,4832,2229,2469,6596,2248,582,4119,872,2383,8164,3721,9684,7316,6897,1094,4007,4487,2295,9320,5171,2305,5604,8597,1654,4981,9779,6510,3773,4445,6769,7873,2102,3852,8987,2904,1453,9070,8578,2434,9372,4519,786,6803,3219,7258,6699,1773,2042,9816,7169,7608,9440,4242,1625,1471,5549,1346,Web Attack - SQL Injection
13,9363,1826,8600,5507,4152,2561,1902,8596,7916,5720,858,208,2190,8109,7794,1822,7741,545,8995,1127,6476,4092,246,8656,6444,619,1958,6681,9421,8548,2378,3351,884,6585,9950,9649,6343,550,8391,9582,3742,1443,4774,8468,53,163,6798,2789,4517,9445,9521,9177,5359,5652,1080,8850,5148,2265,4641,848,8657,4661,7711,4599,5661,9566,6111,5515,9998,8610,1459,4532,6029,6289,2213,597,DoS Hulk
5528,8637,4749,46,9704,7890,1286,2701,942,2290,903,5452,2659,1131,2368,6948,3544,8658,4057,4850,4034,1135,9670,4383,5572,8532,659,185,2076,1431,746,3834,8724,7056,7259,2975,6315,4209,9313,7422,3093,9336,8402,3773,2863,7815,2433,7451,1923,640,9806,1484,5854,3792,1925,1331,5452,6333,7157,2140,7575,1643,6859,5097,5902,8190,3710,9987,9869,2752,9595,6193,8430,7402,318,8753,5212,Heartbleed
3413,6385,2659,1507,7089,4961,2020,154,8733,7378,7892,1604,9876,2536,9471,2899,5861,5278,868,3013,3310,682,1461,3829,145,1974,5627,1820,6267,7868,6962,6475,8796,6332,1606,4239,1547,6973,2772,1987,9577,2896,6975,8174,9137,9497,6582,8350,6013,1350,7684,7057,9846,7985,5875,7280,3030,675,368,6770,9395,3360,1471,5351,1348,3016,669,5727,1254,2008,826,2311,8641,8740,1634,7908,3669,BENIGN
9830,4719,4448,1007,1010,7664,2800,8501,7727,7528,8347,9828,5057,4461,3152,7807,7838,3130,9452,4567,5534,4469,3380,1630,9337,6776,35,724,9668,2506,3297,890,1400,7919,9218,4101,7571,2660,5958,3749,8867,8709,4479,7105,6633,6694,5394,4703,8353,600,9751,8856,4957,6173,4576,4316,7733,6263,9964,6012,7940,6657,1390,7247,7526,4286,9909,1957,9851,3088,5189,1827,9308,2005,1161,6590,167,FTP-Patator
8480,1037,6198,4823,7528,3973,9376,9674,199,8526,3413,178,8641,1724,1179,4835,867,977,3640,8857,782,4297,8038,6732,9679,3550,8000,7536,3450,8314,6197,5590,7373,6310,5085,959,5130,9598,4604,8755,724,7221,8438,2628,6283,8596,1247,2394,4958,6517,1227,8824,6435,6420,6142,8850,7504,1123,6300,9075,8888,8906,6290,3989,241,4274,2227,7024,9531,9935,6352,7655,7414,9652,6686,8578,5400,FTP-Patator
8992,606,3109,365,7343,4041,9176,1124,7996,8682,3644,4224,2026,20,8219,5018,7071,1453,5256,6461,4835,5986,1475,935,8426,34,8530,3525,9694,5978,7807,705,4847,4344,9316,5334,7467,9791,4530,238,9339,4244,2104,3668,4631,2162,6474,4461,3565,5368,2933,3108,464,5340,2920,810,5909,5978,6629,398,7700,1075,7598,1862,885,5538,2566,1673,5259,6490,1691,4153,657,3256,6321,4054,9702,BENIGN
5246,9260,6333,9577,2614,771,2574,2196,7933,6357,4715,1997,2082,8963,6363,1163,6941,6408,4882,5056,3693,5676,772,723,1218,705,9473,4537,610,9923,5054,9844,7975,9093,4046,8036,7531,7314,8362,7880,7122,2399,4955,1374,1596,9187,6284,745,5484,8934,9685,3520,3422,3155,2723,4268,6025,6061,4240,3522,1171,6269,6029,9856,2722,7633,8874,7242,1509,7935,2263,6886,2284,2959,9848,3266,9465,DDoS
3518,6215,2015,9109,9143,7663,8346,8492,8386,7564,6352,1437,8924,3044,1451,7087,4709,1288,3247,1375,4279,7491,3973,4594,999,6338,2042,1044,4893,5688,9270,4399,9749,5260,2136,2927,1834,7754,4400,3819,7384,4379,7529,7535,8632,3954,9660,1962,3448,3567,7817,2894,3010,3863,7325,744,7392,556,3800,4725,1851,2356,3864,4197,6275,1883,4297,7454,3843,6437,8209,671,6092,9330,8399,160,4414,PortScan
1582,2956,6195,8243,7338,4705,1744,6274,9155,8117,4932,1149,2559,1067,1829,4283,922,6746,1550,2982,2044,5813,7097,1597,5709,2321,4858,1317,3555,4297,1557,6304,1069,497,104,3753,5042,4035,5204,1847,9769,2572,6965,983,6434,6482,4629,4647,7540,9691,126,1757,7390,2269,1614,98,1506,3475,3257,375,3474,235,4753,4163,7111,8157,9391,7699,6727,8808,9009,52,5386,3103,190,9910,7354,DDoS
3472,5273,2098,2585,450,4429,8956,481,2407,4648,75,1460,7871,7501,1998,2590,5032,8390,1097,3494,3965,2141,7020,6503,7336,8488,2772,317,271,1367,7021,7250,3311,9850,8634,8800,1092,3784,6612,2857,1944,2871,9134,6604,9649,9556,7639,2138,8480,6937,6115,3344,7700,7148,7681,4686,6699,2630,7914,223,1521,1654,6048,5144,4772,6307,736,8337,6978,1033,6663,2281,7348,6033,4619,9919,8577,BENIGN
4939,6478,513,8218,664,2187,5824,6238,6311,1540,9947,2631,7157,8499,1993,703,6638,354,546,5136,109,1498,3671,8754,9779,6892,7952,465,176,5861,5382,2927,5056,9086,1482,6409,9400,7232,426,1527,5250,5952,2794,86,3567,5968,8584,6657,8947,6303,7943,9636,8974,4641,5780,5640,6183,7933,490,3989,3468,1048,198,8562,8590,459,2604,6932,7463,5461,4668,1293,1198,8661,5007,4934,6929,Bot
2277,9921,6273,9365,8357,7416,1691,5392,2415,6842,8818,2305,8034,6350,1131,3955,1644,2294,5262,3217,5196,2085,6803,9122,4216,336,1259,9250,7179,3448,2416,5931,8245,9344,4376,7164,1806,586,4452,486,7554,1708,4006,4627,6900,3030,4302,4380,937,6239,2031,2871,9074,5899,3636,5729,4921,3863,8252,5248,2017,3811,69,4780,6536,7624,5271,9787,1254,2513,9213,4527,5030,4369,3176,5467,7425,DoS Slowhttptest
232,1187,5423,4980,6999,4898,4805,848,9821,1650,8105,8137,5925,691,7,2082,4897,9353,1703,5227,8331,3432,658,4661,3437,2748,8593,7514,6527,851,2708,3868,8974,7509,8534,1786,2903,8973,3748,6646,6709,1338,6783,5306,3796,2870,691,3878,3916,658,8375,9395,5419,5933,1703,4431,5560,402,8164,7979,8427,605,8414,7979,4010,622,1833,9444,8430,5845,5708,6701,6899,9765,2432,5038,6506,Bot
9168,9151,5571,2334,3424,6029,886,8885,8372,9380,3167,1512,7921,4393,6838,1189,3976,5004,5461,4078,5363,6109,1234,9844,9,5048,3571,7286,3702,6100,7765,777,5508,4475,2379,9117,3640,8356,2897,3267,6106,4334,4089,2117,9990,4114,2285,5006,3444,7583,2117,197,3333,193,7640,131,6518,9285,766,9660,2418,5559,5988,8421,7309,7790,5557,5585,7097,8043,7113,4660,9810,5803,9005,7546,4546,DoS GoldenEye
9882,9459,8169,8870,2261,9299,6170,6963,4164,2241,556,1655,966,8483,5831,9367,675,3283,6035,180,360,2471,8801,6321,8521,7106,9441,4258,1855,9004,492,1829,7021,470,1380,4855,2632,3330,6878,3293,1039,3868,2765,611,9990,7102,6701,4071,8293,8856,3114,1590,7585,2368,4508,9119,1850,6893,444,1854,1689,716,5387,7701,9160,4407,4101,2595,8829,9956,5818,2618,3551,7987,119,5059,9039,Web Attack - SQL Injection
2994,5984,3651,5785,1320,9930,4020,9125,2675,2661,9563,5556,7639,274,3136,68,2774,4404,2194,8769,4271,3407,6856,5758,9366,1184,229,7098,5729,3984,9396,9037,3788,8618,5935,9619,8669,1954,1056,2640,2914,3531,513,4427,9631,532,3926,2911,3268,1277,866,7929,5714,6538,5800,5143,9898,2156,9417,9625,6940,2049,2813,1134,7753,6219,1976,9448,3013,4983,6494,5920,2369,206,9305,4160,6559,DDoS
7765,2524,9656,8561,4527,4388,6380,6788,1841,5845,8516,8036,6565,4525,4449,9870,9711,4388,2842,9472,5532,4476,5319,224,9094,4766,5413,8798,8633,2655,5401,2977,800,2512,992,6256,7484,9116,2025,1774,4777,3256,2182,4152,8981,5002,6048,693,9875,7940,7181,2946,1023,9657,8218,771,5503,8130,6463,4314,3803,1877,1193,9628,1615,2466,3187,6749,1998,5406,7774,2508,1002,148,1901,5854,1740,FTP-Patator
6076,3023,5577,8571,5819,7605,8056,700,9341,6895,7873,5319,5344,580,9737,5898,1269,8603,9988,5643,6764,7257,5084,1485,9507,3362,1295,2191,9768,7244,9525,6233,8068,3045,3265,5702,5917,6251,6750,510,2368,1499,6429,6958,7518,855,1950,4027,3316,8778,361,5455,9864,9198,4668,3333,4396,5068,2596,5090,7401,4709,4066,3992,9082,6982,8046,2846,1695,9007,7378,498,1680,7352,9528,248,9888,SSH-Patator
4770,688,8159,1699,223,1759,3815,53,5684,699,6625,585,3371,4384,1451,310,2505,1122,341,9174,9600,8648,5423,9841,6894,6995,1710,1582,6169,6784,8556,1168,8336,6310,1066,971,9768,7182,4153,9439,8324,1266,209,4337,6526,6358,9005,7257,3520,7323,3449,2131,9640,6127,1695,1509,6225,6944,6303,6705,4274,1228,9746,4211,3418,2448,4394,4764,3883,6195,1007,8731,8403,5228,8097,4070,3893,FTP-Patator
1393,9455,3473,9204,795,1203,3343,5024,5892,3372,420,2257,6079,61,4100,4591,3178,1546,5973,9942,8922,7554,8370,5609,7233,8720,1410,8527,4853,9266,6450,210,9859,1454,5030,4144,440,6120,8742,8643,8846,6504,667,6159,4376,3622,4240,2510,8051,1393,7474,7569,6637,1555,3414,6276,7679,3389,1894,6736,6813,6367,9103,971,7408,8308,3847,436,3287,1584,7156,4312,1595,3190,7597,1342,9854,DDoS
5441,8860,7344,7516,5910,5883,3151,4139,7059,8644,9199,9414,8080,8385,1035,7097,7556,8015,1149,7239,8631,8923,4397,3655,4216,785,5419,2602,6617,4309,1358,9365,212,7742,4593,8220,2944,7680,6216,8980,2253,3739,6195,9194,9441,9815,6162,7877,6666,8185,2703,7923,84,5658,7957,4866,3114,7877,3672,5924,1373,9655,9766,5011,5952,7330,2652,2090,296,1130,2984,8908,7597,3983,6520,9499,4426,Infiltration
9053,7818,4811,5176,2484,9289,6139,6262,570,1314,9139,7971,5452,4595,8922,4577,5588,325,7230,7347,5947,3235,9575,4073,8746,8394,4785,4879,1587,452,3074,1112,1074,3524,4767,8671,3318,2933,7850,3794,2443,4254,2512,9365,6714,4654,1896,7125,6686,2294,7402,1355,1194,1498,2889,9220,515,4582,6798,9089,5552,1671,2771,5399,4858,3042,693,6352,6861,7658,7995,8350,7167,6197,4488,8435,3745,Infiltration
4839,5455,7311,6981,2949,8482,5736,8322,5396,1414,8093,6070,3928,6210,5865,8584,4072,2084,8788,9751,4987,3197,9607,7664,7624,1029,848,2997,5484,6800,9522,1025,9009,6371,1222,7931,9615,3510,3533,3116,5555,1568,407,1108,2903,6172,1071,3217,9231,8538,6430,3355,7143,3634,5658,376,3451,9123,1851,8955,4840,4152,4782,4209,5849,7235,2351,3045,9291,5742,1647,2781,8056,9691,1,8014,5159,Web Attack - SQL Injection
2104,6155,8649,7491,4786,8732,1820,2386,3442,8120,7265,9274,375,5155,9728,7001,8578,9003,182,9662,7761,9975,3299,2876,7216,2859,5043,1822,2992,4397,6759,1088,1492,5596,1353,2056,1427,642,4923,4960,7473,8839,913,3869,6240,2325,9097,992,4591,3558,9424,6152,1326,7826,4012,5594,2720,1790,409,1654,7278,5537,5822,6043,5845,5197,3589,1069,6051,2672,7695,6394,4551,940,5369,6115,7727,BENIGN
2657,7127,8852,5929,6618,2943,305,9048,2941,448,7448,2794,1230,5498,481,6417,6424,3068,3427,5053,9352,1192,8030,7445,4325,1517,2024,8680,9900,1299,4092,7032,3723,1085,3204,2859,9372,5408,8022,5475,6961,3530,3578,9793,2275,4525,144,2208,8480,5471,4179,533,6268,180,3032,9259,929,7963,4514,963,6920,3349,7384,3156,2840,7504,2126,5638,3898,1759,1479,4802,7651,976,9152,3427,80,Web Attack - XSS
4665,2859,9848,1071,9852,2456,9016,3084,1868,3851,6367,4322,987,5483,8382,8183,6845,8051,1023,7606,3294,7127,8051,3113,3663,5745,7531,1156,9903,8354,4399,2794,8245,8565,9068,5546,6893,5161,7782,8118,2865,6485,2708,3288,8231,1654,797,8901,5612,24,5060,7452,5114,7383,9648,9265,9427,4697,4484,7436,3366,4524,2064,4538,3426,1016,2017,5690,7648,2425,4226,4496,4218,9111,3834,7359,4169,Web Attack - SQL Injection
3543,8302,2224,3091,2252,1990,5152,2127,9759,2173,4603,2422,7132,4629,4313,4377,4400,4757,1218,1449,1587,3984,4749,6847,7837,396,743,5279,9645,2017,3611,2322,2631,361,399,3654,8986,562,7802,2064,8411,2631,2016,625,9856,3341,9094,63,1927,9141,8630,896,5858,7367,2079,0,4801,4009,6024,2763,2633,3432,1682,562,6992,257,6665,9156,4741,4673,4931,7006,3875,4093,2654,3984,3815,PortScan
377,2392,6206,848,779,3411,865,3639,7091,1930,538,4029,9297,9957,6061,9947,7541,8425,6222,5416,7707,7143,8079,7214,896,7582,6488,3595,8467,8594,2301,3048,2584,4258,5227,242,2350,9154,9331,1045,9678,9156,6633,2665,2011,6526,7297,5245,8561,1394,9020,6404,2075,2896,8374,375,3990,8401,9077,6259,3706,4467,994,2489,2661,5490,3515,4062,5834,9546,5010,7824,5635,5515,7920,1926,5076,BENIGN
228,6585,6052,5687,8037,2639,7966,1294,4225,1548,5879,516,3488,4607,3009,8163,1980,5557,8416,2250,7911,8327,5152,9244,9566,3037,9543,6588,3929,1393,7859,370,4733,1659,9113,3443,7657,1276,6629,8793,8410,9393,208,3206,210,272,7327,6287,9918,3579,7501,8693,6587,3825,3944,1109,3064,3151,8143,1349,8200,3499,4287,9305,4587,7874,5384,6923,7111,7410,7161,676,2772,1383,498,6711,9832,DoS Slowhttptest
1854,1069,4276,9787,4321,8538,6589,828,9821,6019,1686,7464,4347,9667,9636,2698,6051,6627,3906,623,157,8760,5821,5762,4604,4639,2636,4190,9492,5654,5068,2969,3032,4212,1479,4455,5149,2372,1943,8265,5074,3903,1442,3989,4902,9478,550,2761,7970,5380,823,1106,2219,361,9955,6417,4595,7620,2957,7086,9268,9612,6337,463,1378,7507,5549,7824,7635,1795,794,3067,9491,724,1232,9782,7518,Infiltration
6999,108,2071,9888,4594,2419,1188,6540,7594,7240,8241,3694,70,8683,473,5320,8660,1460,4309,4242,6525,9901,1439,1028,9035,9063,2897,5126,722,3400,3311,2874,2051,9929,6249,6690,8151,6699,9478,7446,8768,6487,8979,9759,7646,1888,8355,8593,2532,8544,672,3153,264,1065,7134,206,5763,3501,5862,6215,8599,9851,2756,8470,7274,1889,7822,8242,5242,4526,8515,4013,5959,1804,7845,1444,1778,Web Attack - SQL Injection
7803,5336,9920,9766,6120,5529,5631,7357,5940,9154,1329,4202,5788,1248,9745,59,6515,3213,117,6823,7359,285,9884,8210,1005,6745,3693,5689,5109,4211,7207,8312,6507,4766,3470,2593,5949,6473,5336,4263,2579,9324,198,8184,401,3801,16,4649,3014,1044,5540,9366,5230,9530,8831,8047,8649,9197,9267,7440,805,9054,3883,7187,9646,2628,9385,8518,7386,6929,1893,4360,321,2363,4203,1828,5868,Bot
2588,6718,1550,237,9224,120,4408,183,5357,1793,329,4917,9234,1303,7475,7381,9544,5838,2747,4111,6580,5,6424,3758,5546,7648,1663,5880,9761,385,5651,4857,7439,2973,6614,9458,7160,214,3826,6220,8336,836,4600,9537,1781,4558,2198,2986,1213,3429,7272,368,8363,8911,7489,7775,6713,5239,3327,1445,8347,4808,3673,1881,7612,1526,3396,4030,6992,1817,8694,5785,8180,456,4787,5114,5224,Web Attack - Brute Force
7027,9157,8448,1157,951,7452,9963,8812,4521,848,6890,3113,1783,8973,3965,5987,5292,288,1939,3411,322,7850,2782,864,4553,8055,371,5337,1997,7815,2863,7537,5594,4320,5460,8054,2531,4443,4794,1397,8604,1441,2880,7059,4377,1266,4294,2837,9646,4322,9198,9411,4828,2916,227,2385,4705,9742,1917,113,2151,427,4598,6120,3378,9408,1944,956,8336,8800,5683,7888,6692,2282,6091,5739,2342,DoS slowloris
2733,5237,4439,5872,46,6047,6506,7500,4709,7147,7863,1187,7028,4265,593,9862,2870,511,5451,5322,9335,2076,3010,3745,8021,558,6243,1759,6200,3705,6626,5264,7009,3225,1404,2697,6182,7944,5646,2160,650,5597,5525,8125,7319,6051,4497,3335,3854,1612,4067,4476,4726,2276,3886,5649,7650,5587,3753,9311,676,3054,1263,7003,3344,2638,5947,1081,7614,6407,9419,1480,6681,1901,421,3120,2490,SSH-Patator
4116,396,6498,9304,2975,1812,7693,2526,6,4835,8290,1490,4225,5185,4814,3215,2315,6627,9685,9179,6453,6826,4597,2051,4555,7956,6550,2217,7002,8799,5753,9488,6325,2394,1909,869,2677,6483,8443,3896,98,1312,5657,4695,3863,5168,584,6853,6558,9231,4204,4182,5828,8848,6152,9561,3517,3340,4998,7919,7655,7268,8599,1974,1311,3078,275,6892,6546,6845,2915,4697,5724,734,7831,8327,1753,DDoS
1785,2929,8215,1264,2560,5876,3694,3542,8649,6141,6560,5662,4172,6165,1670,9349,8715,8103,3524,1977,9090,99,3626,6985,9868,4279,7929,1170,4374,2346,2327,4482,224,4493,1440,4950,8346,9261,4323,8493,5201,3215,2617,5460,8618,4570,6680,1437,9259,5201,7233,2972,4030,6696,3787,5468,8929,740,944,9919,9527,7558,2629,1556,5947,6032,4328,7257,4880,4860,710,5793,1817,9225,9552,3386,6255,DoS Slowhttptest
2095,90,9860,4791,7908,4005,4049,3156,8454,1257,7944,5096,215,6090,5464,9389,6180,902,9744,2934,2367,1874,2092,3436,9095,5228,6998,5057,2859,7471,1141,1103,4652,8584,1812,8066,7925,6889,4728,5075,3783,5867,5667,8717,4058,8482,3703,1710,5411,6776,7144,5817,8684,9630,867,7000,5868,5961,4557,8687,8217,8957,3026,6173,3430,1902,4945,3329,333,1427,9657,5350,3617,571,801,1188,8386,SSH-Patator
8318,4320,3294,2611,4651,9813,4250,3732,6156,2452,809,8416,7007,4399,219,7793,8469,6113,8720,8672,3173,2841,4774,5190,1982,2776,6895,9906,1181,4648,8096,2097,8126,7078,6545,2803,2673,5376,8607,3160,2569,7550,7644,3774,7401,2613,6119,1686,838,6449,9123,2309,4972,3947,4164,82,8961,9002,8662,3623,5123,6730,5224,8313,1890,8044,4784,9602,6094,316,504,8624,8783,6407,7268,600,3479,DDoS
2452,1147,4359,8850,6941,1114,9187,6515,8552,6906,3784,9900,5695,5661,5565,7337,9371,3641,1054,7001,5731,6510,4211,3595,5420,8513,2919,5535,2472,4278,3908,4612,3062,6514,7138,8100,7521,2715,7482,5819,5300,2727,2428,3379,4618,8881,2170,6325,5425,2800,2303,212,4994,1320,8095,6871,1214,8082,8320,9248,5563,3286,9969,7660,1781,6333,1838,9616,2440,1106,3002,5188,3405,9004,3232,4202,3051,DoS Hulk
7614,7307,2882,359,7068,2197,5025,5957,98,7334,2703,9003,1875,7407,9432,5703,5536,684,2239,898,9879,5067,6814,5446,1831,5584,2481,8212,6164,4411,617,1088,8340,5302,7748,7886,7789,4377,7498,112,5332,9261,9285,2229,5292,9172,7671,2357,7092,5342,6059,4438,6751,3051,5239,4093,4485,2981,8021,5066,3964,4084,4860,4651,1123,9243,4671,815,978,2858,682,8140,3655,780,1442,7818,4500,Heartbleed
5993,3120,2545,4041,5875,9562,2828,1462,7942,553,7051,5899,8907,4295,5104,3389,5319,3651,3135,5263,7402,3495,1337,5088,6196,3011,2659,9356,2735,5307,4813,4713,6756,6597,178,1037,3834,4778,7426,5784,6177,4805,7399,7360,6331,3568,4423,3986,3313,6240,8683,8105,309,7277,9893,8997,6728,1892,9518,1917,6499,5221,2241,7241,1973,5938,5526,3978,1315,8802,9681,6795,8395,6548,1399,1372,9448,Infiltration
5106,3203,9886,2682,7922,8425,2137,7147,2806,4850,1957,9685,931,47,2270,5767,7918,4561,678,1590,2518,7132,9020,1566,6683,1567,205,1805,8671,2120,9653,5810,6685,1437,1942,2827,7380,8962,8258,9637,7636,8555,4495,2897,259,7929,1068,4993,9502,7707,7496,6458,1442,9520,7083,228,4845,9401,1970,6261,7952,4227,1725,9808,6185,2482,5285,1450,6191,5161,4280,5941,8032,1255,400,9939,5639,Web Attack - Brute Force
3464,5066,6645,2414,1087,3874,3160,6499,9584,9707,2693,2903,6051,5376,220,6416,3012,7544,5366,8049,5689,9462,4268,5447,4218,9944,635,2737,5350,2696,9691,8692,1656,3358,6464,1896,2108,9353,125,3775,4287,2240,588,3094,8934,6526,3227,9308,9017,1703,6847,9345,6217,9326,8043,1505,7032,2244,7080,3135,6085,7232,7942,8360,176,1168,586,54,6777,8327,7539,5142,8729,7927,2207,2565,1728,Web Attack - Brute Force
707,1240,4359,1575,2989,6143,9376,4979,6222,5586,4160,568,1442,946,8243,6969,7193,4487,233,4527,9321,4703,2551,4728,615,1924,7344,3928,2345,4889,2772,918,5195,7718,4855,6243,273,2345,3073,9147,3757,6352,5690,4792,6589,2888,2718,8788,4384,2239,4361,3844,9027,6386,4773,9183,4776,8892,4915,5559,1633,4681,8269,3745,2746,3285,3250,7997,7196,2652,6571,4925,1764,5187,5581,764,6597,BENIGN
7088,4247,8652,8791,7485,5197,4634,8487,6543,4533,1422,8856,7211,3443,8750,2532,1107,4761,6060,105,3678,9898,8135,790,9003,4945,8361,6923,4445,6609,6104,1932,1751,5200,8640,2679,9316,1392,1818,1683,9480,2249,9333,1048,5690,6051,7214,7584,4629,4202,9113,8901,5088,446,2509,7549,1072,3128,7175,6839,4118,9259,7745,5890,8628,5004,1092,593,276,4587,8274,3383,7553,467,5260,997,2379,Web Attack - Brute Force
9484,4095,9559,7821,7025,93,9114,7293,1909,7054,1879,9996,1158,5221,357,8333,9986,2218,7532,7906,9270,8693,6074,7925,885,2939,8794,5818,1724,5929,171,4676,1301,83,6231,9363,9135,4828,6679,1786,4309,8998,8502,1760,5491,2230,6341,1982,9548,6553,6864,356,4951,9390,5060,4734,2311,5610,8718,3244,6884,364,7562,3331,112,4574,9039,2529,9861,6571,7684,8151,8772,8567,2977,2613,9063,DoS Slowhttptest
6880,3760,5632,1710,1160,6417,9573,230,6374,3186,6853,2562,2031,111,3217,5907,9564,9423,8195,6252,3149,9954,1720,4834,2096,9324,9908,521,2423,5242,6731,634,8840,9364,7685,366,6289,3783,6026,3988,4307,5377,8816,1803,1234,9298,7250,761,8540,6331,7585,6970,895,7451,330,3551,922,1518,5428,3450,5113,3338,8196,8097,6461,8238,9241,5334,8490,8252,7141,3487,5758,1824,755,8767,7110,BENIGN
9742,6419,533,1991,863,4507,9246,3026,5961,1208,1610,4327,1097,252,433,1956,2788,9414,83,8903,5776,3045,8408,7628,5356,4015,2558,2276,4393,2665,504,4746,3835,9939,9976,6583,9800,940,4257,6137,4702,4953,1912,9963,7239,6725,401,3444,9752,9705,3347,1349,3087,6050,2230,4963,1791,7360,7181,4119,6949,9992,4350,4044,7474,9324,1341,2814,7945,8613,8322,5544,7312,4314,9800,8388,6738,Bot
6926,4713,1635,1394,9310,2436,1835,8238,5277,7947,6565,1051,5296,8878,6862,9802,2909,757,7435,8245,6528,6666,6366,3638,8099,2333,1603,6967,8635,9744,6910,4364,907,3451,9247,2140,594,7947,1539,8345,9809,7871,7039,7033,417,4348,6911,4407,6942,3863,4530,4032,3425,1005,4360,9223,9209,6250,2979,439,1837,3209,894,650,7795,9283,7661,4985,2562,9614,6075,4215,3783,54,9285,1517,8547,DoS slowloris
4869,5007,5841,9452,2265,8915,6124,9485,3389,4359,9692,9257,7185,1837,8623,1819,2377,4371,1445,7080,4822,1903,1915,5267,3121,8776,3965,2152,291,6375,5220,6402,9507,9260,5602,7779,3228,7047,9109,4008,7587,7581,4656,1002,4552,1539,8275,1936,3285,3462,2406,5492,1597,8249,6827,5945,2921,6983,9965,6229,7022,9791,6810,7546,6466,4106,3939,7745,8454,7191,5003,8645,9446,3671,6423,8171,198,Web Attack - XSS
3814,5975,7450,285,1151,9422,257,775,8702,700,4236,977,6036,4835,6250,5761,3966,1875,212,5772,4483,7281,9024,7705,797,37,9240,7258,9353,7376,4156,4353,134,2383,3072,2773,8277,6810,6715,5667,8992,7568,5956,4002,5586,7018,2222,9057,5720,1082,5692,8597,2534,8474,8928,4551,221,2927,7769,9742,1955,8044,715,1064,7596,4875,8899,6393,2754,5727,5849,2051,8640,8702,7684,7041,8237,Web Attack - SQL Injection
6269,9352,9863,7993,1894,1166,1449,2397,3506,8469,7261,3956,6473,1473,477,7317,7820,7910,509,8948,5934,4126,9592,1061,4646,4771,355,3008,4362,289,7940,9235,9707,12,6792,388,1957,3677,3419,6341,3240,3755,2204,1347,8142,9411,6413,8253,497,7824,8929,6260,914,4963,3649,2374,5659,6876,7444,5922,2533,6675,1222,6854,7263,8062,88,7685,2994,7066,9873,3581,8715,6418,8656,8846,8644,DoS slowloris
7161,3668,1833,3674,1917,3613,1209,8442,2668,1463,3284,8535,3925,7146,5781,5613,5216,9540,4962,7801,85,1040,2291,5917,7385,1932,6149,380,778,3306,3455,123,1083,2057,9162,6739,9641,3218,4552,4707,1806,5670,7666,3669,9720,4645,2739,2958,7186,7330,713,7950,9073,2999,8434,8851,996,970,7944,1540,650,6246,5978,3763,9461,2195,9010,4765,9391,768,4514,1945,8159,2824,3184,4628,9099,DoS slowloris
1626,9542,3037,7319,4273,2013,4563,6299,6403,6539,5698,270,7204,392,7391,4989,8785,2609,5197,8499,4677,559,6002,4008,1395,9329,4372,4557,6765,3480,6128,3601,8233,1039,646,7900,606,5617,8849,6638,8138,455,5196,4409,922,4057,5320,326,122,5127,8193,1169,2678,6625,1065,1381,1674,2618,6835,1737,6364,2096,951,8551,7621,751,639,1865,7965,8118,7195,2140,2738,6682,6782,5427,8609,Infiltration
6019,559,8975,3771,6958,6647,9317,8410,8079,2176,4650,943,9283,1743,3982,3809,1680,91,4019,5769,9710,9607,4609,8631,9977,8630,6774,5316,5474,7381,9322,7375,8820,3016,7075,3080,4237,5961,3752,3483,8896,923,9557,7859,1555,5060,3627,4081,5819,2017,4190,8553,7814,5725,5685,3665,1804,8861,5908,799,132,3433,6492,8738,8954,5678,5924,1067,1301,5974,9526,7404,8457,1239,116,7423,7923,Infiltration
1974,2481,7107,4329,608,529,7278,1876,1658,408,9502,217,2531,4208,7619,4256,5189,9222,9216,8037,6242,314,5153,225,8670,8414,9907,6026,4615,6386,8279,5078,479,308,6798,539,7309,89,2360,8371,548,1,1057,7752,5626,5045,4211,2161,8130,9757,594,6622,6007,5271,7327,7516,6825,4282,6482,7336,4920,52,256,5691,7755,2093,8206,2896,2675,4107,2048,2124,3785,9187,2949,6984,1665,DoS Hulk
6218,2898,7441,9523,5836,2803,1245,2325,7525,8876,2365,3138,8334,8345,7261,3268,4473,5726,7550,8185,8725,6780,6969,786,6305,465,7565,140,7802,1727,1991,9001,9462,2881,702,8361,2081,9625,9622,5155,264,9044,7465,1763,7746,8198,9631,8204,5879,2767,947,3781,3346,1810,9319,7209,2712,7458,6879,4535,3109,4204,2477,9636,6489,380,9719,2621,3581,5662,3101,3649,2205,3439,1382,8814,2771,SSH-Patator
6792,8021,133,4796,5796,9467,6086,6291,8699,7965,529,2238,6076,405,4183,4702,5552,4369,8252,8273,3779,3974,5440,7719,3110,4994,8299,7906,3334,1021,1880,3006,6477,1215,320,1051,3385,6161,3181,4728,6955,7716,1538,6413,6278,2448,1518,5202,1742,9894,4174,1331,9241,2214,8876,9758,460,9255,3940,3664,2221,6730,6697,3168,8358,6341,7782,6583,558,3749,1553,4609,7784,5221,5301,2461,2538,Heartbleed
5891,3590,1756,6896,2731,8172,7372,8679,1948,368,958,8449,6863,9827,7271,8168,8670,4335,2415,7458,3569,8479,9878,4229,5916,5950,9669,4320,2684,2031,2896,899,4921,6046,7061,410,8565,4179,481,7510,8171,271,3535,4614,3074,9952,9008,8179,796,8166,7555,2534,1191,936,6097,22,3203,451,273,1024,8357,6553,8488,7856,8020,7796,9128,8287,570,8332,5436,6706,766,1626,9024,6320,4710,PortScan
8333,5834,5624,6042,2877,4606,3525,5394,4555,9382,7155,383,2198,5367,570,2642,5221,3731,2988,9263,6474,761,7402,927,2144,1798,7518,7597,4247,450,9009,6391,9146,4580,6585,3885,2547,3032,3739,1209,9020,4022,7667,984,9761,4644,9727,5928,6354,5205,5624,6351,9177,4867,2672,7771,5877,2906,2051,8687,6522,4451,4563,4533,4059,9019,7708,4796,7155,4141,4704,4144,2167,3145,9215,7274,9011,DoS GoldenEye
5651,9884,1362,458,4785,3701,7054,3742,3127,2042,239,4933,4763,3663,9329,7712,1000,1455,5621,9586,5694,9753,9661,4700,4295,7786,5366,1907,3588,7983,8656,1257,2207,8971,7267,555,8160,6825,3092,1273,1212,8985,2719,6659,1062,7163,700,6489,8494,5249,6611,6977,8367,6337,2991,3857,9394,5871,2691,4176,4502,1204,1292,1593,2238,553,6499,3933,3173,7119,8864,2414,5831,5504,1689,8143,3952,DoS GoldenEye
9527,1133,4281,6102,1344,1980,8252,8040,3413,1891,5248,9791,7742,3356,1938,7722,9797,7423,5142,768,1084,8398,4888,7299,4972,758,5257,6465,7052,1626,5096,125,7408,6281,3317,5357,5422,2568,1069,3195,7235,5443,643,7528,748,3796,5000,1773,7577,4919,9264,2748,520,4489,4191,8276,1059,415,6087,4316,3901,1342,2492,4414,4611,1079,8761,4857,8500,4113,2872,9381,4947,8345,8301,8529,6060,Web Attack - SQL Injection
3065,9998,8163,3217,4894,988,5368,7744,8676,173,9573,7055,1462,9245,7644,784,5657,5237,5476,8439,1630,725,7149,7298,3483,2691,7079,4152,4526,2511,4257,1964,2079,9387,5101,8330,9528,3027,9880,8389,1444,6275,4633,9484,6215,4018,8494,7584,2026,7375,9385,4310,5235,8335,7479,3619,6379,1887,6991,6839,2012,1327,5612,9935,2830,9159,6030,6292,6612,8326,4915,4114,2645,4236,34,7810,7534,Bot
4751,3777,8016,3749,3029,4529,2262,363,2514,824,6379,1146,597,7245,8795,9548,9463,3685,5456,2120,6973,7693,9921,233,9403,1300,2466,2000,8614,2072,1451,5306,4003,6255,4736,529,931,7813,3786,9981,5035,9767,3101,9502,1465,3510,6307,4430,9775,589,5462,7952,2330,9662,3469,9113,170,4298,5760,4375,403,3527,9223,9597,2065,7669,9337,1902,9955,4690,5516,4584,6331,5273,123,7476,8798,Web Attack - XSS
2921,9286,2151,2713,7923,1715,9895,3459,6894,1889,4656,1895,2927,2693,5252,4241,5250,2561,1826,3506,4931,7202,2475,6477,5417,3184,4721,4152,3244,693,3073,6599,3540,1619,3914,3873,564,8687,8992,640,162,4346,7704,8835,4424,4464,9330,3708,6749,137,9875,7106,7242,4251,1058,4614,4277,8361,5413,5842,3903,7224,9579,3051,3666,2760,3835,1360,8614,3973,2829,145,2373,229,5388,4680,8049,Web Attack - XSS
3593,2829,3336,7816,1241,5048,3295,9576,3362,1388,8297,5752,1821,8476,595,9254,6655,8743,7877,5784,6884,6049,3605,9527,7287,695,3044,1946,2722,9715,9875,1806,8141,8301,8983,8125,2639,9178,3883,3725,8264,4973,2764,3989,591,8216,6320,5398,5339,9218,3899,9622,9760,6837,7320,9304,1876,7670,158,733,4454,2028,6843,764,191,8435,7137,9125,1100,8924,4052,8972,793,5098,8282,6711,1641,DDoS
3856,8627,1916,46,8182,2354,113,1081,4139,7150,8585,1589,7713,4855,9629,6030,1525,6567,4595,7445,5599,4310,8935,2165,6704,9846,5569,5778,3811,3469,262,4431,3801,9208,983,7671,1559,2702,5686,7521,4497,5802,6628,8581,4268,4048,506,6287,246,6684,7552,2714,6755,9634,2639,6684,4157,1918,5921,943,8308,2557,9415,6698,988,7936,6693,8155,4279,3567,7160,9928,3113,9515,8707,4214,3148,Heartbleed
2886,7290,2481,2010,1425,7517,667,5532,6472,102,5460,3685,5164,6488,48,4947,9617,8659,8238,4719,3827,1293,6100,6908,1316,7750,498,9892,486,7579,4474,8966,5740,888,4787,7332,4109,7736,7171,1104,9069,180,4767,869,8408,5385,2810,8816,6333,631,7567,130,8721,6559,1147,561,3586,1095,2172,7172,83,2987,6875,5142,5079,905,6793,3232,3144,9312,9801,8730,6205,8593,198,5333,6921,Infiltration
4122,5100,971,5314,5558,8042,2370,8089,7981,9825,5321,7618,8951,1371,2058,8626,3103,839,6291,6412,7801,4738,5006,6907,2299,2615,891,4010,8952,1225,2296,4909,6516,8367,3176,864,9878,6582,2101,2368,1242,927,5588,6891,2943,4499,346,6819,488,2847,2406,9272,7708,7085,1110,2425,9122,6222,9578,969,4403,1934,3160,4786,7454,6799,163,5414,8842,7920,7922,7641,2094,4101,9762,9338,4852,Web Attack - Brute Force
4938,3796,5933,2374,1931,7026,6887,7173,4138,7449,1589,2943,7818,5334,3096,907,4672,8451,8128,5537,5594,9324,2762,9869,869,2031,8124,9780,5237,8766,8332,4094,3372,6368,9398,6304,9277,396,1864,6372,8629,6557,6752,5951,651,2177,8846,848,9378,8669,1061,975,5883,518,2948,7996,3802,8256,4032,9044,9153,8197,4359,4148,2312,2853,6303,7190,2432,4970,9471,617,2359,3931,5602,2079,2885,Bot
9082,4129,3360,9559,6456,7829,5323,4715,4818,3500,5095,7674,9677,5302,7226,9504,6239,6648,8402,7949,7738,8974,8094,7136,7370,111,9580,5242,3784,696,7737,9052,8446,1252,9556,2974,9780,3409,257,3131,5077,8623,117,6076,2947,6169,339,1276,8723,3375,6520,1596,150,828,7870,8466,9419,9443,8010,8448,680,8073,6479,9834,3111,2982,5075,9991,6473,242,5054,479,5214,5030,8965,8400,9737,DoS Slowhttptest
2625,480,7691,1548,9195,1958,1637,3756,2260,1192,9423,2017,7042,520,5035,8210,9701,4625,2284,2151,936,236,3173,1971,9134,390,2808,3851,5080,5143,3503,9470,7665,629,4494,8347,5978,1150,8468,3051,7194,7086,7735,8174,8828,873,9101,20,5645,5360,6250,4811,8731,8048,2980,5733,241,3053,395,5322,4315,4514,3297,5333,2406,8692,3542,7947,8978,2261,2539,8413,1923,6412,1107,4838,6021,Infiltration
1611,5071,3948,8016,160,9592,4403,2386,9996,887,5769,6049,939,3492,2151,8247,9210,9522,8687,1164,4129,5475,8244,3074,329,7786,1669,8340,3577,8324,2306,1299,7228,7074,6290,4937,824,5785,5957,4591,6766,4697,8065,7728,1439,3987,8956,5213,2724,7788,3987,571,9808,4649,1686,8616,2632,2586,9808,9960,2221,1648,762,4042,1192,4680,781,2026,2626,3993,6914,8621,952,7903,9389,7949,2695,Heartbleed
3969,4467,286,3162,9424,2594,5693,9133,6295,4672,9049,9778,6763,855,5920,9407,7577,7524,9894,6201,4581,1140,6385,7397,842,3836,8904,8418,2616,1605,3831,2632,8958,4871,6746,6642,5591,8943,8713,5003,7324,9886,8453,9990,8692,8032,7191,8018,580,5269,1851,5909,2139,2192,5982,2222,3216,4798,6278,540,4332,1735,3943,7951,9807,5706,5818,5160,9019,6602,9156,6121,7909,4719,5592,2105,6828,Bot
9738,9783,7655,4044,4275,27,9330,2947,7905,5874,2038,6963,5896,1809,8897,1703,3093,7268,3247,271,5168,9569,6137,7780,6718,9569,2892,1967,9099,4814,3805,9950,6497,1567,8555,5782,4681,5396,202,1931,7088,8806,4270,5372,3437,1177,9511,7823,2993,9756,2412,9125,3772,5795,7508,8457,6318,7851,507,1387,4029,250,2566,8677,196,1298,5485,9879,5205,2196,1361,2661,6692,9264,1944,1062,1229,PortScan
8417,2485,7262,1456,8193,1534,8494,4582,2658,8581,6873,2559,6953,989,2631,5344,2697,3183,739,7912,502,5681,3819,5831,6852,7680,6594,8474,8380,4220,3759,1814,939,5031,7050,6794,3939,2661,1979,3382,8599,9533,8999,8464,2914,1035,5262,1190,268,2141,2153,5906,1736,1336,4155,695,1432,1383,3971,5043,3710,7268,3651,8939,3179,8108,2696,376,8578,4325,4049,2422,2285,4062,6390,8577,1061,DoS slowloris
8710,7561,1100,9658,9984,4132,4504,3649,843,6967,5582,4649,6192,3142,245,5110,6019,5967,8533,6210,8917,6067,2886,4152,1309,9671,9938,7622,4288,6769,9337,666,585,353,2614,7637,3097,8235,9796,2895,8715,9320,7255,6794,8849,7843,2386,5445,6742,1862,7019,776,5825,1663,755,4654,7532,3695,302,1098,7618,1404,1321,304,6173,4103,5540,7,9966,1214,6520,697,4001,2726,6799,1923,3423,DoS Slowhttptest
429,9926,5388,3153,9897,6156,7068,1220,3061,5726,5950,3941,3122,302,7510,2078,3669,8733,6549,4783,6886,5479,2479,3000,8510,7427,4582,9168,1360,3818,9127,2386,8955,5006,4996,5293,8215,1025,7866,1187,1007,5470,1117,8395,7290,8228,6773,9044,7307,633,9444,4514,9708,5859,4980,8519,7523,1030,2562,8919,9416,7059,5331,685,3140,6080,2025,5648,2379,429,2807,6883,1194,8397,5722,1160,2846,Bot
9582,7117,3817,7060,9970,6828,5502,2021,6407,5512,6588,9043,2914,4904,3996,4555,5685,3294,6878,8056,1578,4676,8399,1295,8857,3862,88,5880,3824,3189,5795,3874,416,6915,2617,4531,2247,1898,7817,9021,5919,4911,1242,6320,5585,889,7330,9499,6841,7217,2864,6585,8408,9424,8537,1428,2655,8040,5182,338,321,4258,335,5362,5271,5214,2025,8598,96,2852,2403,3134,3831,6462,6930,916,2130,Heartbleed
5529,8370,5691,4301,6353,633,4448,5509,1723,5564,9860,1125,142,7716,3049,9628,9474,2713,1639,4908,2693,98,215,1778,6581,6456,4330,5960,7250,4338,1759,1247,1120,320,1840,4995,2587,3562,1073,6411,4178,6387,8416,7905,3037,4485,2635,155,3274,97,4399,6305,7869,9657,2792,4636,6579,6497,5586,9735,7004,3983,8861,8534,8275,4944,2457,6072,4078,7206,4092,2080,1743,4884,3249,4479,8146,DoS Hulk
7867,8406,4953,8875,6350,9503,570,8038,3307,5712,2476,6070,551,7329,8304,9739,2045,6615,3336,6035,5208,5486,215,8461,9016,6901,8490,1237,7002,6207,769,6773,6975,9704,8519,6679,1409,3386,4709,6107,417,6455,9675,369,2052,108,1915,182,3363,2887,8029,5814,9300,9389,8755,7905,643,4279,1290,2517,3176,7868,9878,7549,3184,8477,122,8152,6140,87,541,8171,4047,9083,6026,9800,4515,SSH-Patator
691,4612,8905,1279,915,4195,7155,1304,1256,2817,9099,27,6187,6454,3975,6011,1396,1067,8202,3783,9114,4600,5588,9336,8090,7181,6620,5527,6719,6807,5877,1921,4019,8459,4288,4052,5084,93,8489,8704,7573,908,2253,2025,4319,6181,819,3564,8302,3543,6635,666,2145,5820,5116,6741,3645,258,3533,6502,6611,9704,5689,9373,2282,1874,9086,956,5531,4489,5263,5022,2057,2377,9371,529,3562,DoS GoldenEye
9151,263,477,8547,8254,4172,1943,7622,2060,1714,3914,8860,3599,8659,4436,3126,7501,6454,4776,1743,6757,5532,279,6194,7444,3030,8538,1396,6026,2773,6008,2770,6023,9210,3734,807,1800,9367,8267,735,2689,5370,2307,6460,1149,4799,547,9574,4261,6481,9007,3817,413,3811,702,5144,8963,1525,3424,8640,2624,1562,7886,5207,3003,3307,4145,8374,393,2924,1768,4281,8280,85,3687,119,8279,Heartbleed
9370,911,3365,8116,2582,4791,1742,734,7114,52,1737,9927,7683,3996,1964,4968,4733,8904,6127,5842,8810,7280,8858,4269,6328,4491,1221,8100,4805,2612,9748,4557,7693,8306,3801,6526,1230,1885,3503,7672,5559,6756,5288,2479,5787,9963,700,6991,9153,4432,3888,6422,1978,7398,4204,1896,1149,3828,6470,5386,7655,6791,3347,8362,3146,4216,5829,8190,8454,6281,5287,6659,2248,2149,3056,2196,8688,DoS GoldenEye
749,4102,6101,1046,1979,6233,3601,6004,4799,4237,1048,761,2735,3622,1401,7379,9348,7792,3148,4621,3006,8757,1788,6828,7665,945,2042,7848,8699,4225,5191,4748,7678,5245,5882,9720,4609,6622,1033,4566,7541,8927,7232,2156,7426,6766,6557,4123,2610,3708,2919,157,3437,6596,4717,4918,638,2639,51,4912,1471,7983,329,8976,8487,345,2201,7313,1505,3874,3447,8759,3956,8221,6641,3658,2541,DoS slowloris
6883,3209,693,3873,5310,4766,1503,177,9936,993,4898,3046,5857,5345,6050,8726,8188,3029,734,5468,7442,949,8739,311,9160,5951,2274,1082,5216,720,4344,8012,2308,1426,4153,72,4080,6677,4198,9327,818,917,1530,4465,6975,7352,1049,8216,927,1845,8156,4778,1927,685,6433,6723,8078,9873,138,5338,8689,1048,8597,5371,1750,7049,1616,9292,479,7325,1709,7316,5262,5456,452,4488,1369,FTP-Patator
6308,7563,530,6938,1551,6657,404,8713,617,2064,9928,3761,9726,9225,4879,1792,6156,2236,7599,6287,7592,1740,8519,694,2928,5086,8522,8966,7093,9472,1055,3025,9307,4284,5197,9036,6583,117,7707,7717,9429,7800,8403,4256,1600,8223,5941,5949,4716,901,4340,6005,4839,7318,3344,4122,8842,9806,5343,4810,2153,8668,3015,7844,7369,3081,7424,6289,8175,3429,4830,7270,4819,4143,5920,1208,1247,Web Attack - Brute Force
7979,1400,3030,4206,8513,4858,7153,7875,3224,6120,9571,7080,8534,4727,9632,8056,6427,8928,1180,879,6839,1422,2852,2962,7530,8634,3506,7799,7508,8439,2978,1497,4187,9763,4943,1547,1990,3146,1746,2760,6961,4636,9017,22,5648,8250,1679,7782,1629,1525,6585,3157,5817,620,3585,4651,715,8297,7788,6699,728,2543,3152,696,4229,8598,7165,9771,5185,2348,3314,515,2144,3425,7263,9144,1745,Infiltration
2184,3428,1071,1187,499,2549,9688,6081,7147,5745,820,9191,8765,5245,1698,3042,3256,7996,2187,1778,48,1494,9365,6467,9542,918,350,1926,1917,5266,9501,6010,3959,5269,5692,7240,5177,7903,4766,7455,4104,1501,5668,2823,67,9523,6676,7944,763,5572,8669,4613,5039,1023,5838,5576,4738,6814,2426,6758,4742,1531,4699,1401,5858,654,8966,6622,6053,5511,3823,7631,8801,384,8909,3158,191,FTP-Patator
6785,2743,9834,4944,8350,3385,7158,2009,4728,2722,5123,6939,7397,3998,9421,3849,1448,1004,7184,9970,7868,211,5947,8369,6108,8814,643,30,8195,17,7162,9553,4327,1825,8239,6206,6413,3161,2047,7766,8480,7248,8361,2943,7026,4778,7645,2190,8497,6515,8766,5223,9361,0,6871,5244,7203,241,5073,2537,4860,5284,5063,2641,1835,5195,8524,3917,3762,8968,9687,369,6480,8023,580,9833,1562,Heartbleed
4487,2053,5508,8629,3188,1990,3747,3062,3967,3381,6305,7455,4658,1666,5885,7508,3499,5383,825,891,3418,316,9975,9213,6068,4294,1099,3953,2467,4965,7530,2450,6161,9899,2707,2561,29,434,9387,46,8490,9738,3541,9641,4482,3554,7022,5797,4257,3378,9630,338,6202,5339,2408,6168,1929,2500,7374,9299,2295,7415,7218,7092,9737,2224,6268,8357,6120,8317,3440,881,5933,7414,4165,6137,522,SSH-Patator
9615,9601,3129,3545,6996,2981,3150,6328,1094,1139,4026,6466,8206,6585,1538,5177,6542,4795,7579,9902,9652,5011,1816,5635,6994,6203,4251,6612,9891,2976,8506,9900,4863,6275,3753,2458,135,813,2008,2073,6656,7136,8957,3794,6076,2769,3673,8389,9189,4032,1346,1719,8632,8583,9862,9547,5003,2255,5341,2026,4339,3730,1298,1612,107,1353,1646,4220,1116,8603,3020,236,2702,8400,7190,7594,6051,DDoS
3248,2813,2337,5726,1951,3801,7888,2453,6562,9605,8438,5721,2533,7685,8978,5229,5726,6742,5132,341,4802,6731,9374,1046,1020,6969,2242,8902,1161,2557,5342,5547,8005,8918,6359,9708,6466,5836,6054,7840,6858,6556,7312,7341,3341,4772,2929,1642,9975,1874,852,3100,5339,9936,7216,2040,5121,8901,69,4800,8237,3134,1654,6881,8020,916,1050,1214,1814,3299,4963,4319,1081,9004,4816,6797,6672,Bot
4591,6895,5157,8025,3169,2105,1370,528,8823,8726,4577,2769,8404,2195,1119,6403,4168,4426,4144,3293,7532,793,4600,2866,679,6180,1202,8248,7912,8527,583,4098,3262,4302,5230,7673,2610,9098,3205,2001,1304,5345,5657,8121,2639,3092,9776,5459,1595,4969,8945,8637,7698,4490,3661,5475,642,4309,4223,8703,1642,1068,4481,3940,5302,5906,9623,2564,1954,3090,9246,1514,7017,1872,8610,5492,2684,Heartbleed
7015,5272,2773,5772,1321,3214,8460,2378,5291,9677,7091,4386,9006,4330,4182,5452,709,732,1824,7169,4512,3642,5882,3096,3314,7594,8643,1101,2768,2152,2441,1138,9877,8789,4143,5694,8982,2273,3151,9115,9421,4723,9192,7566,9432,8647,4094,1766,9714,8106,9522,2809,9312,8843,5212,4747,9244,9064,9276,6803,4065,5933,2806,9885,5298,1472,3739,3378,5115,9479,9766,9403,1618,8847,394,471,9909,Web Attack - XSS
7179,3363,4152,8655,9153,601,4611,2780,6799,21,7274,2473,7406,8230,3828,7829,8221,7581,2208,615,5789,6041,2181,2613,4023,9858,7992,79,7130,5239,1157,9932,446,9243,5420,9785,978,28,2424,1973,32,7621,5055,8811,2947,7668,9487,2548,9090,4798,3664,1941,3217,6712,6427,5014,6279,3243,4984,9774,7177,2344,2754,4094,329,6591,8206,2263,9916,5372,4425,2611,5549,1082,6319,3889,3419,Web Attack - Brute Force
1789,7233,6056,2617,8830,2563,2480,5151,5806,1597,2273,6287,9667,6161,2779,6889,5509,746,2409,6078,4944,6243,4351,5434,9054,161,4012,5760,7932,3214,6366,6450,9825,570,6288,3895,6800,8977,822,6626,9774,8624,7062,4372,3740,2733,6243,5172,8838,9501,1884,4672,5140,7467,6502,7927,8334,4705,7169,642,7855,2499,4142,8618,867,1562,2947,2739,5036,6631,9778,4767,528,3350,9611,4661,8716,Web Attack - XSS
9155,6901,8641,8974,1763,9416,6807,496,2886,8399,5584,1501,6197,1779,9605,9080,6358,2501,4506,9932,3964,4027,4204,26,1439,1005,9504,1011,9868,6493,6005,6789,8521,6051,4017,3004,6226,4362,3457,5176,6942,2234,7504,1870,5606,9736,6256,6132,3413,7937,7630,3781,918,3701,8347,1598,9872,1046,3947,4882,3482,7941,227,5882,3152,2635,3352,6774,2811,8365,7526,1398,7222,7831,3402,3735,2434,Heartbleed
3219,1147,4835,9669,705,6222,2596,3528,3832,4807,8792,6369,2382,8313,475,8428,2826,3913,9859,8573,7571,4484,1470,3264,3724,2510,8776,514,3467,209,6967,4153,9944,3840,4039,5232,4166,9698,1068,3856,1765,6685,9419,4571,7407,571,7621,3225,9765,4561,224,8749,5673,3528,6635,8644,1897,2849,741,8900,8345,8657,8758,4057,2814,5569,6222,8202,1004,4905,4944,6304,498,6315,7000,6369,5939,Bot
4390,7486,1551,725,4681,6727,4429,6880,4457,9121,934,9264,4585,3812,872,8490,2606,5818,3268,3984,7186,6061,7540,5273,8385,2651,2435,5525,367,2609,7615,7122,7945,1889,8719,2147,5558,8469,1401,328,1023,8955,32,3168,385,6756,3388,6464,4181,2589,9279,8271,393,666,2925,7978,2258,7538,7266,2314,9267,7289,31,1020,9551,4563,291,7598,8791,170,6511,3892,7300,9298,2930,2939,111,BENIGN
354,5889,8073,8382,3642,2309,9939,9554,7215,5020,3927,4424,2919,8964,2064,5655,8026,5743,6225,5637,2843,6249,1683,7887,146,3079,3876,9916,2558,8926,4133,6070,7391,8078,8762,3658,7529,9939,1419,9072,848,6930,8956,6426,7604,5801,4347,9587,5420,9539,8899,9046,2083,7626,9445,9860,3354,9754,9822,7499,7103,2949,7243,3511,1151,277,3766,8522,6503,7731,870,6245,8568,2636,4093,9013,1863,PortScan
5978,4223,9134,6495,3753,8450,9425,2069,1184,5861,2406,1878,829,5404,5953,6449,47,7467,9457,3575,1734,9313,9007,5384,6328,9911,6926,8926,3516,1906,1262,557,6470,3362,8047,289,2274,3870,3595,4270,3712,846,2809,7874,4930,7473,4982,1919,7779,858,6896,1139,7843,5870,9226,8358,7177,1823,1971,8519,5166,3596,5954,820,4494,7924,2778,2682,488,9980,4845,9582,1338,1133,4651,3162,238,Infiltration
8961,7410,7120,4086,776,3778,5015,1733,2948,7235,1693,7395,946,4255,4937,6898,1124,9440,8746,1388,8606,7645,5142,3647,839,1206,8847,9847,4872,978,550,8491,9512,5388,3979,2095,204,8613,1985,6463,3746,7311,1703,6233,4024,3683,8165,1793,6101,5378,9902,6254,5658,6078,683,7175,22,5765,9624,6714,1791,6031,5454,4782,3495,5266,8186,751,7595,3426,8857,8499,1868,8494,711,525,7321,DDoS
8951,4701,2546,7911,8297,8076,4835,906,6301,6388,3665,5654,8261,2925,9290,134,8110,736,7033,8329,1876,6856,3958,1437,5551,2287,6680,216,2928,3083,6650,6561,386,5253,5434,922,8227,9020,9827,3264,6825,5261,6391,2368,5643,3457,3938,9676,8514,5932,9352,9884,6204,1824,2966,6471,2215,2405,2915,682,6227,4921,5615,3069,3967,9123,2528,8837,7455,4288,8691,8860,4670,5656,2038,316,2647,Bot
9178,5657,7445,6072,5949,4473,2165,1937,3870,6169,4334,7276,5209,8573,2840,1655,7859,5137,663,501,619,5774,1919,6919,216,6167,5613,5881,5095,6516,5952,5657,8521,7321,5953,935,6560,9656,8614,5760,3345,1181,1690,4795,3504,4208,9132,1780,7779,3509,17,158,1033,5881,7683,564,8890,9960,9081,8582,6282,7027,2809,2172,3699,2266,7919,6245,3111,1399,1214,8054,2481,2058,5819,5365,6275,DoS slowloris
414,7497,4663,2402,1579,9936,8452,6735,4675,7171,6484,969,94,6159,5230,4081,5341,7438,9066,8527,9716,163,5505,6555,8510,1278,1854,6693,1443,3765,186,6285,427,1147,4120,1826,6990,3758,1680,5142,3807,8313,982,9445,8208,4097,8458,5647,8442,4372,5933,5356,3606,9912,6076,2271,940,7653,8664,513,5461,8491,7118,2501,3961,2528,2122,2356,4171,7468,2794,9756,5935,9790,3568,1219,6623,Heartbleed
3176,1800,5193,9290,9312,7408,3722,7276,4123,9799,149,8873,3225,8953,8374,7370,8364,8546,2201,6744,8924,9111,9526,8037,5217,5419,8552,6027,9065,9278,717,6803,4936,8446,4356,7296,522,6019,5648,2627,8607,3076,917,8397,6612,9282,4852,8458,9958,9955,4570,9701,152,553,4582,7970,7758,7215,7191,1398,9963,6852,3428,9248,7639,9029,2612,9158,1521,3796,7975,9213,7170,3120,3085,8060,246,DDoS
8623,566,8672,8726,6251,4271,468,3958,2574,4247,5395,7205,1621,2995,1970,8622,4415,2118,1111,2214,4726,796,3307,2969,9613,6463,5934,4627,4102,9937,8429,8029,2498,5233,8640,3229,9196,8001,5518,638,7903,2629,8120,4760,1558,7817,2960,2227,952,9727,492,1616,7880,2990,3398,3583,8981,6065,9321,2381,9589,2499,4279,6847,6483,5991,4706,1476,224,6999,1316,3544,5973,2796,7428,1671,2813,DoS Slowhttptest
4462,5402,1506,832,5830,9215,1410,1212,6633,6193,2248,8366,3346,2237,7301,8070,1636,9049,7981,1568,1651,2376,7668,7708,1396,3582,2822,2529,9769,5586,430,3585,6147,4432,9310,7614,4125,9089,9033,6271,1887,8416,3345,407,6820,2205,6550,1192,2391,1422,6655,3273,2042,3659,5728,9385,2818,9520,4177,1316,6918,878,9253,6585,3204,594,4280,667,4644,216,6007,4703,9464,6756,8157,9553,4480,SSH-Patator
4192,8788,3981,2798,4783,4738,3578,4784,5559,1752,699,3317,352,7165,8062,8668,9618,4090,6809,6134,1069,861,85,6890,2641,6020,9441,5265,7421,7689,6785,6106,6588,9077,5525,3977,3386,4075,8254,1777,4030,3205,815,9742,6856,6031,2209,3069,8618,8215,5093,5221,1304,3947,7933,4394,3078,7098,7706,8739,6120,5522,7352,2275,7236,196,9729,9322,7313,3231,368,3228,9008,1491,7027,719,2762,Infiltration
4734,8987,2202,3207,2503,5782,6175,5134,1882,9594,1987,8287,814,2660,9333,2569,7347,5343,7421,4018,974,1861,648,8933,1576,2599,4879,1787,137,2056,1831,8760,4726,5894,4266,9075,4607,7678,4470,1895,8395,4152,656,9240,3462,3126,3024,3743,71,5653,749,952,6279,4612,4122,4179,6026,5171,73,2059,9551,1277,4698,9193,1127,602,6458,1524,5291,9898,1166,1932,9952,4292,8856,6333,962,Bot
9180,6698,87,4951,8664,2468,6212,4874,3495,8042,246,2878,6131,4494,3976,9713,325,8793,810,8595,6780,5986,5546,6845,4689,2274,2227,3017,8089,7133,1438,3384,663,8345,732,805,4217,8373,8072,3679,4068,1703,8529,6246,5301,6770,7018,3298,727,4958,2937,4023,2013,1833,9691,9099,5667,6007,2010,2249,8855,8519,9040,8456,1466,8445,9285,5654,1236,609,2033,3194,6680,8741,1218,9705,4294,PortScan
9456,5328,9481,354,2864,8154,2223,3118,2840,3718,8358,3626,6701,5418,1126,85,3777,3572,2714,5969,2050,2871,2926,1047,5593,7827,9433,2730,8781,5876,3173,29,3854,6610,6346,723,2090,1575,2490,2198,7211,5712,5376,3561,4045,1126,3964,9768,9609,4203,6472,3405,9723,7736,4728,1833,4692,4521,754,6659,3801,2531,1265,7844,8467,8031,2041,8369,8862,811,9758,8522,3555,6696,7437,173,6620,Infiltration
2557,7039,2648,598,5664,2184,2725,4184,5713,9258,5766,8535,2678,1341,8226,4430,4174,7300,6515,5287,5933,5652,4588,6792,5446,4250,2113,1767,9580,199,8703,6641,2732,1063,6415,6303,6178,6079,4381,7575,3009,8596,4583,9315,2792,9217,1532,527,6838,2446,7190,8438,627,2116,6041,6707,8799,6428,2193,5402,297,5826,3293,9736,5157,9674,5189,8973,2049,3684,6985,3284,82,4450,8332,1831,6743,FTP-Patator
5515,4930,6936,930,5007,2288,2671,5420,9208,9367,1020,9177,2953,4882,6935,5308,6276,4196,8097,5477,6107,9739,5484,3180,186,3476,5471,3032,46,2868,3912,3037,3305,1613,6360,6317,9892,8145,9628,112,4241,2691,3584,2345,55,580,3545,7561,7737,1667,8410,9083,4426,5258,6647,7938,843,3511,6708,3837,1119,9993,9327,6034,3765,7914,6397,6431,7958,1938,3055,8386,3096,1029,1504,864,2190,DDoS
9875,489,7127,5314,5355,2042,9733,5880,4882,8313,5935,3288,7113,8229,1961,5105,3836,4834,1026,5928,8863,4125,627,5286,3160,3767,5841,9077,6425,974,8580,5024,5452,4714,8603,8598,8188,2024,9340,2669,3578,5949,3119,9537,3261,7790,9949,6212,7497,6638,9891,1542,9088,7737,7669,3347,8609,5539,6041,1184,2048,5186,7714,8354,314,3680,8716,7445,592,7082,1737,3322,730,3692,4219,3142,9912,Web Attack - XSS
3496,9100,2959,8519,6710,5083,8646,6817,8928,9347,1974,8293,4033,7903,5350,5993,6714,808,1241,7086,3732,9953,1392,2186,3414,5142,9280,7738,3672,1733,8305,1904,9712,9697,2587,9112,7406,1308,7571,9261,7864,4747,4551,6822,3284,4507,9374,910,1979,550,5733,3542,3181,4871,6953,8634,1358,2893,915,3644,543,644,9962,3832,8214,143,4679,3296,1071,6548,6909,1552,4336,9471,1970,6210,4873,DoS Slowhttptest
4077,5878,6191,2381,9859,135,4614,7650,3359,8533,3349,3801,6770,8476,9155,7390,9813,1724,8568,52,327,638,7285,5699,7657,4601,4963,5063,8750,4035,9100,6797,8200,5531,2571,5723,276,6582,9253,6963,1817,5909,434,1267,9031,7716,6887,9557,6988,6052,4109,7150,1158,9915,5498,566,4897,126,9986,5114,6055,1867,3683,3230,1558,9415,738,78,9972,3163,2187,9216,266,7218,8420,1392,2604,SSH-Patator
596,9026,8920,7976,1921,2624,9108,8846,1974,7509,3091,8524,8486,3742,9930,2610,5815,8032,3868,249,7892,300,5125,4317,6456,4443,8882,6234,8102,3918,1194,293,2239,2853,8222,4877,5623,8190,5217,4147,7510,2857,4445,5137,6373,8905,7723,609,1504,5531,6531,8846,6145,2939,150,8944,7585,5772,1191,7177,4995,3409,1890,110,6323,976,9626,7943,4276,2133,1706,1629,5042,7230,7747,3724,5765,FTP-Patator
4264,4412,2451,212,633,6017,7913,9576,8863,2170,1045,3289,2600,876,393,6700,2571,1768,232,3569,5905,831,8278,7040,6836,5348,7761,9426,8684,5659,8213,3877,3382,344,5999,1160,483,4017,1828,6720,315,4862,2329,9805,4470,2100,808,4611,8705,2338,8186,5024,4580,1896,7601,2700,7282,1138,123,1626,1584,3458,4368,4760,1405,1244,5892,198,2130,5622,1330,3344,5757,9174,3132,4442,6174,DDoS
1344,4840,4928,5919,3311,5269,428,2298,6154,2464,576,8741,4552,9484,5039,4375,8995,3219,7722,9324,4194,9770,851,9319,4722,8765,4721,9413,6907,3993,1550,8825,9060,7698,4983,6600,6586,9552,6542,6329,3636,3995,9670,2013,6785,657,244,5113,3764,8327,8396,9075,3732,5979,4651,8006,6392,9076,9174,8163,5281,1220,8897,2606,9217,3283,7894,1316,3151,118,4693,6718,1908,4085,6378,426,5735,DoS GoldenEye
5881,639,9395,3765,2763,6692,7618,145,3130,7570,5772,9248,7133,1457,5490,1607,1073,1522,535,6212,3079,760,8399,8099,3263,1997,4005,9587,25,8698,860,4473,7683,8151,4160,3981,2850,596,2019,6422,5907,5977,168,1923,6506,7654,6227,3309,7625,7873,8700,4076,6984,5117,873,3842,5823,181,8198,4760,407,6405,9614,9806,7356,8058,825,5740,95,8590,1261,6023,7700,7980,8920,5090,1656,Heartbleed
5469,5470,8958,5130,5241,381,294,54,5963,8834,5546,79,8831,9704,5370,2343,3906,4834,898,3998,1512,1820,7293,2815,9504,2021,3250,5199,4192,29,993,5794,1286,9055,5185,6879,4948,5904,7437,9249,8787,1940,6831,2361,5574,9193,156,2952,1230,7579,1189,7694,4600,543,1575,9291,5889,5864,8483,1433,612,2640,7288,7678,8922,6377,8409,9677,7506,1770,5696,8437,403,6112,2080,9640,8460,BENIGN
6442,8304,3912,5623,5101,9536,7715,205,1909,9172,9450,2644,9951,39,6539,3676,3968,7951,3059,2353,9961,6998,1007,4027,7300,3988,1617,8340,2118,2368,5722,2491,7992,9999,5479,457,1875,8879,6116,4888,1219,7327,4187,7847,6288,1094,7866,2714,7566,3773,8965,7145,9318,4375,6276,6229,1204,1529,8801,4573,1746,465,2432,7848,3193,9524,7375,9341,1959,5181,5467,3594,239,819,4950,8239,812,DoS GoldenEye
3007,1613,5640,5633,7676,9674,5901,34,9791,5737,7576,2912,1544,6348,5897,4640,5612,904,1589,8343,7229,7551,6970,5431,8251,8160,3738,3691,3371,7736,2007,8138,5980,1135,6079,6006,5961,3806,5826,1716,7338,6503,5530,7216,6703,1487,738,4321,2440,9020,7800,8279,2146,2475,315,476,6270,550,2472,8072,7040,9156,2186,4227,6304,8748,3475,6308,6995,6369,1330,7823,6879,9635,4273,3575,3369,FTP-Patator
3258,950,2935,9951,5203,4987,2687,2698,921,4642,4071,3716,8809,2829,1809,971,1986,9831,8365,579,5688,6695,473,5519,3901,2326,215,6139,4605,4690,6247,7134,3122,8960,9292,1112,6793,4857,2077,8077,1759,5277,8708,6636,6414,5472,1739,2328,8466,9274,4566,678,894,9639,7380,8291,6162,3907,6633,5778,5434,5436,8223,7017,1580,2466,3509,1001,4832,8864,7958,5112,7785,7133,4676,8148,4303,DoS GoldenEye
7816,9776,8217,7391,5610,7450,6312,2020,8402,3178,9046,9025,316,4417,8088,2666,1085,7645,7250,3863,7541,4960,4026,8780,6238,8869,7687,1849,1309,1590,7521,9587,3973,6593,836,9257,5374,7122,4160,3045,6616,4431,1959,1715,7098,8212,2406,7246,132,8867,8818,7154,789,5511,990,3456,8987,7988,4247,7421,6273,1598,3922,6696,2032,7958,9905,8521,3542,1696,9682,3126,9266,3425,8868,5694,8002,Bot
1272,1350,9322,8368,7934,4003,3264,9309,9649,4191,688,5074,1582,9993,9515,9967,4907,3808,364,515,575,4917,6908,8142,4776,6133,8733,7238,7909,9128,4049,1373,7815,2132,6508,6470,2539,2756,5279,7375,6333,9945,9882,2549,5242,8923,833,4686,6118,9427,284,7491,3538,4233,75,9087,7015,1744,7237,6700,7345,4783,9130,3341,7008,1707,4251,3778,5013,6236,645,2239,9321,9653,2278,7094,9243,Web Attack - XSS
8718,4458,2417,2137,9917,9920,6765,4540,4054,128,3153,8400,8237,6635,0,3235,4932,8004,6015,1634,8989,9095,4353,1894,5656,5266,4850,7750,3943,2061,8067,4525,3364,9066,2845,8174,9933,5018,9079,268,7622,3409,3877,6118,4680,3495,5797,1254,5823,8759,4310,9008,4774,8185,9014,1794,2183,5838,4856,328,6407,3942,9203,5179,2015,2505,8971,8890,8378,9161,4139,8357,9367,700,6483,7983,8400,DoS slowloris
3269,7615,3176,9107,7089,4998,3751,5468,1495,1090,8360,2199,4569,8932,8353,6786,8799,727,642,7063,7499,4043,7760,9283,6377,3527,9214,9926,3766,153,4277,1207,2615,4660,5319,1980,7213,2889,8900,6002,8165,3157,8147,9575,7348,3645,2121,2941,3880,8556,5999,184,4788,3005,7655,729,5225,7601,566,1311,4438,7736,8803,623,7616,8689,6065,8414,5817,9144,1906,1160,2784,3834,5986,8894,6337,FTP-Patator
3408,996,5949,4827,8778,2984,2869,2723,1004,1775,1114,4720,7507,612,7377,1403,10,1997,8107,7782,7762,554,8955,4646,754,3155,8528,8246,1116,4203,6994,3421,6552,2793,5327,4945,4584,9013,4168,2867,447,6949,7979,8022,7402,7893,3287,165,433,1819,4165,8734,2232,9865,139,3334,4251,9695,7955,4416,6281,8082,8393,4185,5568,1469,4896,985,3553,8868,4748,8029,3049,1889,1828,7197,7381,BENIGN
8955,6311,4750,1359,84,9057,3175,1141,1061,6624,4231,8267,6438,315,8688,9147,8812,3639,8209,4527,8807,148,4535,4314,6149,8862,3681,6982,9210,2942,9466,9694,6005,5560,883,2671,9744,5186,5946,2562,1901,8346,7680,5454,387,3,9176,2427,9930,1034,715,7886,1532,6328,9369,1902,921,693,8858,1251,101,5813,1800,71,7666,883,3049,3903,7408,7956,1433,7822,5546,5848,9894,5647,6690,DoS GoldenEye
3211,8119,7919,307,4487,86,9354,5498,7210,865,8344,6615,2711,617,9710,3921,937,1614,5230,7435,2524,3731,6530,3407,3654,1264,4323,1685,9166,4168,1552,4318,5645,484,5804,6409,9173,6359,9910,6897,7349,5248,2612,5983,3791,8274,3096,7600,5193,5763,9879,2477,1989,6008,9611,9043,8651,7485,9803,5561,6309,5571,6288,2514,3754,7204,4507,8577,3493,4133,7385,3114,2165,2653,9539,197,9697,Web Attack - SQL Injection
9208,2515,9023,9764,7670,8295,2032,1257,6216,5281,5018,336,5608,4292,994,99,2110,9549,1020,3777,2331,9934,875,8173,7305,8610,5889,990,2474,8875,42,2035,3379,9837,4242,4912,2428,9966,9918,3187,9680,3740,843,3278,1076,7265,6068,6800,6900,2295,9705,2897,3927,7499,3107,7364,2231,8258,2080,5286,6841,9739,1268,9701,4691,9040,8135,6762,7692,1874,601,6259,7044,4780,7512,9604,2582,SSH-Patator
95,4220,8425,4677,6774,8213,2808,1235,8187,2522,7350,8609,552,2587,7966,7700,5193,8227,6092,4065,8722,3089,6227,4800,917,7889,6537,2067,9211,9532,2404,7317,8963,2873,7707,5480,716,9272,4159,6429,6485,2556,1457,7605,6678,3601,3837,8272,2428,6837,8030,3995,2695,4511,7029,3879,3762,222,6339,1014,1018,2296,8417,5773,4582,5269,3947,6353,4411,9778,4495,9707,5247,8069,768,9227,8215,PortScan
5290,3292,6111,7224,5780,2080,9376,6043,5227,7139,2112,3147,6048,3947,5572,6051,9141,4529,8817,7475,404,5755,8334,3720,2806,287,4167,1818,4649,5383,8970,1940,1067,989,8480,7746,6143,3107,4633,7461,5219,1174,9351,9997,3537,7591,7780,1688,6552,643,4346,5843,8044,4974,2619,9814,554,6069,1843,532,7831,3492,633,9169,5803,3282,2180,956,1323,8410,3056,9549,4482,2718,3372,4209,3657,DoS GoldenEye
8251,926,3837,4850,6258,8486,9595,615,1583,9242,3855,3507,5352,4349,5484,5507,8538,5256,3224,2105,219,5137,1200,5675,5613,4581,5834,9165,6053,704,4944,4048,3561,9952,6401,2929,2451,1247,770,2595,4356,5890,3427,2373,8063,3374,7,4709,6768,6351,8141,1068,8713,6485,5864,5598,5462,6312,2315,8940,9083,8791,3800,3895,3425,6215,2680,7339,4322,4702,3248,8293,9571,4038,9342,9609,259,DoS Slowhttptest
9001,4691,4560,7539,3326,2934,3358,7729,8545,2159,2763,3276,6209,460,8737,5593,4805,4139,7840,1358,5467,3556,9477,9741,8148,8196,1210,9140,6394,7543,4164,8183,5368,231,3534,1646,792,5255,9805,2790,4862,9887,6622,8278,2027,7680,2446,6889,5701,1423,6507,80,8263,1080,2554,9873,5548,719,9818,6764,3354,5579,264,8460,9132,263,3697,6967,3802,9824,4102,398,8375,7251,6583,2852,3647,Web Attack - Brute Force
5709,2408,8302,5461,4403,4172,6889,606,9261,1349,7626,6358,8632,4883,8771,1323,1309,7576,2541,9960,8717,9829,2198,6835,7122,1201,1568,3027,8,5470,6919,202,3056,5575,3635,3531,7367,8141,7555,1614,661,93,9056,7358,6619,1063,9279,5571,5761,3044,5870,4370,7245,2172,8712,5408,5246,6359,1129,2772,3648,6200,6887,3351,613,4267,7272,8197,4034,2968,8730,7697,2519,9823,9470,555,4342,DoS Slowhttptest
8508,5370,8945,3717,5926,2287,4231,2274,8650,5715,3829,1109,2984,7627,4164,1385,5562,6294,5603,1733,1577,6740,8006,740,2478,2963,3291,9362,2249,3793,2460,4315,6955,7550,616,1985,3349,2796,8906,8709,1981,6940,3114,8898,2295,5437,8972,5678,8462,3652,5925,5361,6237,6623,5523,2466,3207,2710,4954,1529,179,2695,8802,4420,960,7358,2775,9504,1281,7888,1417,740,6721,4555,3086,470,7027,FTP-Patator
1189,5788,3575,9421,1144,8874,5096,1509,3739,3933,5627,7367,8047,8274,3968,875,8413,8184,1564,647,1189,1794,5430,5115,2216,154,1115,9371,7358,6718,2824,5203,3548,9244,9610,6614,7888,1175,2082,4921,9150,6858,9974,3293,8891,7590,6547,5717,1623,4543,8845,4236,4352,2550,3674,1292,8071,1553,4769,9273,8474,3729,9272,4977,5823,590,4922,3778,9720,4373,5553,2454,83,6579,5894,1926,8140,Web Attack - Brute Force
744,8342,2883,2248,8553,1215,4625,4258,2326,1158,7868,944,5113,4850,4803,9601,2937,3758,4554,9229,8807,7297,3,4754,5063,1612,4529,4721,8403,2240,4322,8531,5963,7153,8870,2460,4418,2556,4170,7795,2387,3632,2366,794,3781,5992,7225,9849,3705,7432,8916,977,9088,75,3602,1657,5005,5849,1871,9723,4869,4208,349,4860,3090,5848,2264,1523,641,8905,8190,3496,5812,1927,8480,5546,6045,FTP-Patator
5987,6163,6461,6359,1623,252,6211,3662,6482,5778,367,9762,2030,2700,7558,4623,3337,2296,7845,8244,9761,5204,1408,718,6857,570,7010,1048,3999,5662,3964,3074,853,4289,5846,7015,829,692,5975,5496,3616,7920,3162,2700,6628,1574,2152,7192,6637,5568,1551,4679,1620,4042,3801,8627,1467,3364,1845,1534,1490,4270,6484,9213,3818,7633,169,4835,700,6130,4541,950,9742,3045,2618,3830,297,DoS slowloris
509,5893,3749,7118,1440,5465,7581,5229,448,633,5886,1018,8906,5609,5646,7115,917,9015,6937,4273,2032,8790,2364,2,5277,5305,6039,8004,4146,6965,3762,2714,2472,7792,4215,617,1393,2464,1802,8355,9848,8826,9147,4644,6031,718,3463,994,4616,836,8703,7759,1041,7627,4802,5235,8735,6366,4183,5792,9156,1921,2869,9189,8866,9078,2236,6514,4923,2297,4219,2013,2352,4886,1859,4493,7325,SSH-Patator
2043,6474,4674,2728,8111,5681,441,2062,5241,9775,8817,6976,6113,9150,9230,7555,90,2764,5878,1517,8039,6047,6664,3812,9432,8376,8386,8207,3152,3674,5769,6836,6208,4380,8337,9631,1898,3744,9685,1898,6410,5831,6434,8271,7787,5596,1185,5624,3059,6967,3934,1437,5103,8029,8649,2273,5694,2325,7992,5813,2051,7360,9982,3375,150,8050,7382,1765,7494,4000,9113,954,84,8609,8897,5365,8564,DoS GoldenEye
3273,7518,9095,4864,4316,1182,5327,2898,9945,4489,5092,8513,1203,3671,7549,6971,8013,125,5101,6961,3690,3159,6142,3597,3314,2577,4385,3624,1610,5296,8409,4820,2863,4032,3853,390,3997,4246,8654,5008,6017,9543,9126,9435,3375,510,4868,4065,3142,2909,5213,2766,1608,1690,8961,227,7342,807,6360,547,5516,723,114,6661,4035,9340,6451,9934,7682,4161,8469,138,675,7476,9258,1836,8872,DDoS
2347,1065,9812,7683,5032,6405,5840,3326,6224,4506,8921,4851,8049,7270,5663,9585,2902,50,7405,8231,6022,8960,2968,6366,8709,8155,2019,6415,7573,4324,5680,9466,4489,7462,6713,5830,2729,9516,600,1796,8504,5199,662,5777,8686,3975,3047,2194,6372,3995,1731,2901,4427,5568,775,441,3048,410,8300,7669,3173,5868,2936,6782,8078,4829,5826,1726,3165,483,6914,6963,4139,1339,6201,606,5261,DoS Hulk
6930,9661,8626,4218,3061,1817,4721,951,2806,9067,9700,4780,3294,6865,2945,4217,7532,7493,2887,9324,2883,4638,1145,2118,1198,7460,1744,9951,3090,9944,9268,9213,991,586,7811,8749,3486,9763,9347,8833,4774,3883,4186,8056,7976,3193,5984,3877,4041,2752,3185,418,4618,2234,7749,810,7654,9831,2904,2774,1653,4100,5785,6943,4398,1975,6498,5049,9883,5214,7758,4790,825,5108,429,3913,5804,Web Attack - XSS
1381,1755,3671,4600,5487,2911,5893,1418,4482,5063,1952,2030,978,761,6153,5906,134,2620,2573,2305,6587,2348,7955,5145,5562,5110,7143,9878,7375,9880,4723,6344,380,6046,1138,6446,141,4623,5267,1524,5893,9244,6403,2055,3375,7183,3374,6239,4321,8779,9539,7286,7338,33,7941,5424,9266,1544,7533,527,3258,6327,7360,3155,895,5513,5080,1526,603,8994,1085,2080,142,9577,9713,5234,1908,DoS Slowhttptest
9609,3575,6735,753,7774,4359,1260,1533,1594,3920,3246,1595,3240,7219,3299,7415,2379,2935,3509,7500,98,9927,7158,5386,6151,1597,5520,2892,4067,6028,9045,3181,9785,9047,2461,5004,3079,3647,5939,3973,5446,1973,4373,3262,8695,9949,699,8851,4190,1650,7852,6777,7481,7371,676,8413,6730,6089,4829,5341,6573,3305,120,7728,3450,9783,6311,8985,7763,7257,5730,7439,2122,4232,2308,3283,6007,Web Attack - SQL Injection
6753,8989,1567,4311,4880,363,4326,8170,382,2201,5156,5432,4107,7392,2202,518,5097,235,5157,6063,4393,1267,2170,9707,8073,7018,9480,3179,5345,1197,3932,6481,9909,1628,7798,2901,9743,2988,8735,8615,3417,8146,993,9723,3003,4426,3515,1572,5653,1932,911,4411,5846,6815,7850,6303,7013,155,9120,6887,5456,2729,7553,6898,1697,9069,5541,2315,5012,1114,1319,356,7165,8509,9532,2899,1019,PortScan
7400,9179,9628,1073,8552,3007,3573,3557,869,6281,876,3764,1819,1,9884,4915,7676,2189,6171,2304,3002,3057,7927,5092,3156,3314,5325,4880,1294,478,7725,5296,4877,3811,4570,3458,9059,7421,3461,1405,9690,5653,533,4831,4442,9414,3302,3403,9551,9449,5117,8120,9530,8361,3508,9509,7512,8067,7347,6651,4395,7702,3785,7390,8954,899,2690,2525,5156,17,3844,5672,2907,5771,1749,1541,1468,PortScan
5118,9663,7535,4572,4062,8772,5002,7101,2960,4026,1688,2415,3551,9116,9762,4197,4366,2354,6530,956,8450,4020,3618,4615,1455,4554,9071,7553,3473,2993,3093,8426,1821,4485,5512,2511,2588,5949,2076,9938,533,3760,2695,6225,7151,9795,9767,9306,7901,5195,1676,2535,6572,1470,4672,3798,1897,5350,1492,6491,7512,9603,3105,7160,9497,4468,9013,6554,1236,3348,7733,4316,9825,4649,2808,109,8135,DoS slowloris
5841,948,452,7922,8298,4,5263,136,8984,3512,9855,7232,8606,7968,6523,8388,7971,9711,8787,9717,4796,722,7227,8285,2894,9339,9766,4108,4835,2601,8100,1208,2082,6692,249,8129,246,5782,7606,3505,7787,3741,9564,3307,6777,3882,9448,5018,4159,5125,8031,2846,1227,1531,6742,4252,386,3680,5329,7275,3797,6291,2767,5177,2104,8262,8688,7201,1507,5472,2752,1903,3992,8620,4237,9848,2301,Bot
4871,9513,5775,3834,9382,3684,4446,4486,2435,1481,2801,7906,2860,7454,2485,5677,9440,7172,9458,3222,4409,859,4254,1000,2202,8585,3143,648,7818,857,1585,6244,6721,9150,1682,1265,5763,5424,6838,7693,1739,148,2686,931,2023,1342,297,6064,6214,4692,6793,8468,5071,6220,6961,228,8158,1734,9253,6139,7415,1384,7709,5917,7111,2121,582,9695,3396,7529,9139,7917,2775,7784,2477,6690,6172,DoS slowloris
7798,3105,6023,4033,4957,7508,7880,8641,3061,8816,7776,7173,4431,9092,7844,392,2015,5694,7406,3321,7864,246,2599,4060,6207,2782,9337,1834,5244,3107,4203,2233,8210,2959,3817,2141,3814,8319,8181,7983,6525,5890,1883,7409,8170,3698,9843,4065,2558,760,8893,6647,2303,3726,9504,4952,8335,2739,8396,5921,2174,7100,7016,7957,2224,7918,8918,3276,8391,7336,433,1287,1884,4213,4181,4417,6401,BENIGN
1756,4789,5483,6762,9139,7268,768,2895,394,8981,896,6476,8557,4912,5801,8795,7088,7436,7005,9977,6371,9923,3213,9123,4791,3286,5165,4110,9558,8327,1657,2743,5386,3990,3482,1822,3943,1345,875,2415,8967,3904,4504,407,3806,7794,6909,307,4158,8268,4046,7967,364,9490,1959,4135,8857,3588,8916,3527,8405,2006,8280,1606,5965,4479,1192,4530,7877,2655,318,3165,7537,5172,4960,1546,7689,Bot
987,8615,7414,6289,5201,5934,374,8238,499,6650,7758,5243,2392,4524,5550,5151,2033,4882,9361,3863,2990,9308,8437,3412,9876,303,2024,449,9132,533,2471,6181,2578,8082,2652,4977,3758,3897,952,9690,6358,3575,913,3037,4055,3279,5085,7960,3493,2022,5760,5287,950,9054,9822,4064,8779,9462,8874,1327,8485,9049,4349,912,8172,9380,7873,8861,9103,9771,1722,7299,4254,5416,9803,8577,5639,PortScan
5738,5159,6760,6461,9785,1350,7766,173,8550,9881,9001,942,4529,428,1944,2355,9606,4373,3228,7895,4263,5555,6513,4043,7679,6522,568,8029,6242,2210,8025,5394,7124,343,2583,6751,3192,153,7249,7444,4221,5403,7803,1870,7958,3252,5940,3547,3907,9576,7006,7804,1475,4001,9349,3934,4990,4785,3863,2520,4100,7733,777,8412,9821,1541,5647,7739,9156,6055,6643,6850,9185,3520,6388,8453,4638,DoS Hulk
3422,2081,487,9972,3420,7613,6613,6437,4983,1782,7555,276,9891,8689,5362,8038,3928,4454,2839,277,4266,1519,6832,4471,5137,6443,4204,9247,1465,1079,9955,2494,6635,9080,8323,9453,249,1065,996,230,9019,403,4076,3963,3452,8046,7956,4222,5764,8431,7717,6713,8879,8554,4269,4950,2304,2147,2534,9563,2592,3437,5271,2629,6797,8287,8530,9669,1107,7640,4220,2387,650,5628,6815,1436,3357,Bot
3157,4234,9171,703,6053,1211,9606,4998,8131,7459,1061,1059,8306,8705,8502,9981,844,3259,4120,8973,7407,5512,674,9476,4331,1485,9725,2116,5370,6830,734,7497,3567,1020,6492,6159,208,7210,9165,6827,1928,4934,9807,1723,7474,8727,8573,6906,3062,6125,9398,5877,5250,5486,5993,4038,8466,4521,3399,6870,7059,3872,8581,8462,3021,456,8537,3327,5918,3456,5266,9742,3873,5201,3757,9266,2314,Web Attack - SQL Injection
4945,7615,6400,2056,4416,1366,7424,3961,9363,2239,9107,5243,9552,84,5031,9687,7837,1558,5239,5175,6544,4609,4457,3799,32,1784,8462,9577,6817,8635,8339,2518,8734,2025,8543,368,6168,7679,4427,779,9675,7666,2485,6287,2749,4169,9207,6025,7258,9267,9231,2702,1015,4622,9861,8144,7788,6257,5206,2273,6267,1642,2392,4389,2511,1576,7307,5567,3738,503,325,9772,4887,551,3928,8484,9986,DoS slowloris
1603,2792,9821,8484,113,5674,3156,2819,6342,633,4636,7778,7775,9065,2803,7306,9713,5556,5648,5771,9734,3563,1588,5729,9468,8265,2484,7684,1888,4771,1389,4217,4746,8639,5464,6690,4898,6178,6944,9292,9592,7595,5863,293,9769,4268,7197,4058,5282,7195,5544,8495,2951,4761,7018,9953,5756,2930,2716,6966,5825,9541,3375,8143,1610,122,6564,5378,7604,8359,8720,8573,2789,5483,7982,3977,7228,FTP-Patator
244,1948,1352,1729,8003,4264,5351,1117,8170,458,518,9809,4231,9657,9325,762,8385,3689,7317,9139,1249,4016,5379,2648,8120,2116,8139,3380,1874,5502,2532,7350,5678,5080,3000,3704,8770,5633,4490,2029,7133,8332,1191,3400,3587,675,2079,6328,9355,6033,6638,941,422,1334,1948,3290,6496,8432,8875,6675,3167,6996,8548,2074,8485,985,4171,7946,5023,9446,4068,5499,2089,414,7818,635,9085,Web Attack - XSS
2451,9746,636,6533,4919,1489,2811,3473,7914,2345,2619,4151,258,7633,7119,6186,8603,8105,9352,8531,5140,3052,5001,939,4276,5877,7972,5815,2699,5626,4098,3725,8866,3425,8349,6726,8081,8656,9913,6968,1439,5744,3036,8931,8513,2980,6797,2367,3702,4884,4744,4497,1143,6212,6205,9871,2168,6659,9316,5837,2672,8090,1185,5891,6122,7659,3378,3969,745,7145,8607,569,4245,2066,7897,6499,6899,FTP-Patator
787,2348,5975,7470,3171,9773,9094,4912,8598,9180,2142,8350,6499,5649,4297,5382,3756,3099,1041,3061,9224,874,7695,9533,1919,4135,5592,4708,7261,8249,5828,6761,6493,9490,3610,2092,973,2462,5425,2286,1482,2214,3834,9428,4827,9207,1686,7533,6464,9148,1205,9868,967,5202,4759,2151,7344,9850,1752,3437,6623,3307,7938,2492,7496,7744,2961,8258,9869,447,6431,3779,5307,612,6548,6505,2692,SSH-Patator
8915,6824,6145,3323,5214,1626,7223,5178,3471,7257,2101,6906,5678,2995,7213,4312,6777,1177,7679,1328,9069,1181,5728,6296,4888,5018,8226,6413,1698,5665,7054,3590,2471,6945,2307,5167,107,6870,9564,3616,2582,2719,3510,8706,5003,7479,1219,5151,1608,2556,1282,5350,4388,6379,7970,544,9903,644,5323,5647,858,6833,7676,2232,9784,4928,6968,405,2944,8366,6037,4695,7967,8301,7745,6755,6982,DoS slowloris
4839,746,3619,6634,9483,6811,8850,9556,2352,367,7859,3540,571,7392,6953,8966,4905,1650,3480,8491,3621,8169,6386,4765,3983,3283,6716,5626,1668,3692,1357,2943,5544,1819,4233,8828,1203,4317,1393,4255,1227,527,6745,8127,6946,4712,9872,7279,214,1941,4785,5652,4833,7213,9701,1438,8096,9646,3202,1975,3089,6555,4238,9521,1563,4909,3447,5607,9978,9840,1117,7168,8646,7993,7629,3639,5776,PortScan
8838,1102,7099,247,3292,1150,4999,8605,8867,1409,7684,9901,8524,2343,8632,6922,8720,5706,7288,1817,7009,2545,4248,4439,4211,3997,8295,2295,9178,5041,363,1409,4983,9364,1226,3445,6119,964,1813,1284,6661,5391,2807,8599,8205,535,253,2891,7078,9989,5878,4584,3183,7469,104,227,7592,6631,2029,452,9897,1210,1954,7490,3410,8274,832,146,9177,2382,6936,2726,2270,4701,4955,9797,8873,PortScan
1466,440,7894,5086,4685,991,7614,9920,7024,8499,2696,143,8521,783,9181,3232,6450,2874,2051,3563,9601,4600,185,7013,8033,9496,9850,3865,2787,3055,9197,1965,6329,3466,3732,3075,3396,7365,8981,2925,3430,7173,1997,5781,6927,2015,6307,2737,7737,710,4694,1202,3049,7554,8244,9969,1310,1406,4085,4674,5456,5302,3521,1308,5282,6115,2353,9486,1564,408,1098,9700,5432,111,1271,5938,2883,Infiltration
6901,1675,6623,324,4073,3826,6628,1432,5955,5527,9340,7943,3784,4379,6581,6013,871,8235,6519,7321,4702,1,6891,4493,596,7035,6517,1789,3804,9976,7212,4066,4910,5651,2171,4668,7423,5835,8708,313,1360,2124,827,1676,4391,3778,1460,2754,5770,8969,1563,5238,8586,9712,1272,5126,5532,5056,8846,1475,6018,7187,1915,8194,412,4115,4091,4540,1369,9945,6820,3411,5170,8544,8669,2291,5676,DoS GoldenEye
7582,7190,2100,5161,4948,1350,372,6698,1489,4997,2867,3565,9665,9839,1022,5223,9283,5644,2379,7466,7023,5763,5211,489,2591,3980,35,1305,7372,7829,2698,2840,6990,8364,9891,3489,6431,3173,664,2498,120,1080,2286,1436,8212,9044,3604,7110,7465,6154,3641,6497,3823,1944,1217,7019,1009,6445,5141,8015,2694,6129,8208,3842,2443,3147,8394,8424,8978,1772,95,8465,7939,3989,9591,7877,1943,Bot
5498,1884,5001,4525,8867,1633,9522,1266,136,5177,9123,1941,6924,8360,8653,4505,8055,7551,8747,6616,8789,6732,1265,4004,9017,9890,1531,3760,5818,243,2268,7302,34,9382,7429,5453,5229,9173,1418,8,5001,3253,3114,3703,112,9133,1342,1456,765,4326,7134,7102,679,7099,6022,7933,5036,2094,7309,9300,2478,2140,3501,8350,5683,9086,9987,4213,7725,4252,3504,7360,256,1859,2046,2746,7399,PortScan
8612,4473,3763,7925,2689,1044,4892,9291,8168,7839,5800,8981,8675,6968,1204,8143,4848,7696,8754,7046,4028,3043,1851,9771,1356,7912,4026,9031,1043,5035,687,5449,9102,8395,9655,5303,3117,4536,2601,2055,13,793,2149,5148,6846,1804,5077,2028,4538,759,3860,7518,1641,7191,1812,1816,1825,3185,561,237,5978,9052,5833,7467,2207,5557,5003,2649,5314,4713,5578,8262,7065,5615,6175,7845,1235,Web Attack - XSS
4942,462,6390,3800,5829,6476,5194,9305,2840,51,7179,5768,9507,3168,7079,5207,5172,4960,3232,3356,4005,7983,972,9018,317,766,2478,3898,2433,5720,1017,6680,2161,6019,7111,3041,4353,6098,4955,9505,1704,261,6683,1159,1664,9551,2002,7441,2269,5455,9167,9738,1763,414,7570,8818,6528,4034,6087,652,512,2444,9001,2909,8694,8231,221,7094,9657,8161,1027,6063,9671,7022,5103,1041,5461,Web Attack - XSS
1906,7090,3445,7981,7873,6972,897,3490,3909,7619,576,6190,5337,1244,3082,189,7043,6049,6750,6473,7348,4630,1072,8924,3694,4240,5418,1632,1338,725,2585,9949,4439,5049,7196,5234,1289,481,5229,8596,3701,5754,4006,8908,1857,2810,5253,6656,8475,8074,6054,123,7364,3473,9747,9547,5978,2361,8801,125,8923,7528,2330,1621,8523,7101,8960,6788,7087,9860,5190,2329,6448,1861,1852,258,7334,PortScan
6832,531,1465,427,136,6846,7429,3685,9003,6148,7308,1399,3726,3820,2559,4279,1224,8537,1053,8661,2968,6467,6427,9205,4168,5246,9088,2269,8522,6440,580,1494,8146,903,6714,1904,2851,8886,5964,9693,8360,570,9533,4165,7667,4964,8144,2659,9191,4191,789,9590,4448,3605,4689,396,1489,8162,8081,7241,7583,4602,5021,8338,687,6239,5449,6054,682,5522,8522,9382,3053,3941,8149,4922,6893,PortScan
6493,1262,6065,202,4309,1289,8298,6517,9486,7483,7202,9216,6702,5230,1268,1297,7193,315,8744,2769,9258,2001,9465,7834,5808,7479,6568,3966,4450,598,311,9661,2621,4707,9897,3957,1179,7204,8979,4642,353,4114,9577,5127,3503,9665,783,5492,5772,5238,2504,925,5566,9990,1743,5919,9148,6990,266,3087,9631,9196,6621,5560,3041,9831,1886,5295,9781,1657,552,2552,5458,4668,9350,9140,7644,Web Attack - XSS
6757,2100,6243,3548,3420,4354,1389,8132,6463,6282,4044,7104,807,9598,8809,910,2146,3485,20,1759,5814,9043,702,8072,2355,6601,4852,4616,7648,6778,3183,8915,6099,1282,7053,6471,6259,7405,1710,9055,3728,6695,1081,6531,1878,8504,8024,6295,6050,3917,3731,51,1782,1293,934,6393,4691,498,7270,9227,469,4834,1672,9085,3634,5156,6280,463,9331,8127,7508,328,3866,9331,1009,8520,8666,Infiltration
8226,165,3679,7816,8578,6706,2636,6369,3037,5088,1698,2063,1191,4932,7175,7605,5792,5554,3457,6675,8512,6031,6888,9491,4970,9869,1740,1114,1464,5753,5537,4794,3663,6811,8106,1442,3470,7066,3710,4978,1429,4968,9446,4886,9174,908,5691,630,7159,8142,1291,8240,7909,1755,2229,2167,1811,6914,769,1499,277,8994,3308,9459,8845,8435,9119,8122,7203,5065,9791,9356,1952,1156,4055,7441,2065,DoS slowloris
3923,3942,1383,1875,1795,21,6360,6996,6637,8392,9480,3770,2310,2113,9201,9146,4864,5748,4958,7202,3366,8723,1376,4310,3124,1163,1671,447,9070,9849,5770,25,1573,6788,196,4207,1678,5994,5590,3218,7248,2001,22,9405,8147,2328,6303,6427,2138,5747,492,4579,4235,9678,5995,7506,5529,9812,1636,938,6577,9115,4120,6002,1491,5326,9617,8359,1366,7234,3774,8331,9477,8697,837,939,4308,Web Attack - Brute Force
558,9259,6084,8598,4182,3106,8912,4261,7347,3585,5010,878,2494,7874,9693,7520,8221,678,8415,7624,4156,6319,5726,9678,6284,4181,3559,3466,1447,7275,8773,1949,4509,205,9141,774,9282,478,9353,8416,9276,3960,1316,14,8241,7939,5220,3497,963,5129,122,4757,1918,8862,3043,3272,7265,2767,845,558,6513,588,1353,5340,4442,1589,8250,2079,7825,3715,8399,2385,309,6552,1661,2185,2438,PortScan
9972,4800,1888,5088,5992,4557,9862,4013,6890,3138,9817,3685,2218,7046,3305,1327,9721,5614,8748,6680,6147,3459,6373,9657,9085,3945,194,4251,4205,3530,1700,5840,4732,3890,7966,4692,3817,7632,9258,986,8475,8954,3238,5824,7567,8770,8910,9027,2595,8574,6941,6492,8982,446,3594,2935,9746,4394,3146,648,6893,8844,9024,8392,1511,8286,130,8305,3161,2845,9437,9482,7712,3588,8890,2295,6754,SSH-Patator
9792,3267,6713,9401,8677,676,9214,8763,7482,5513,800,8314,1869,931,805,7961,3986,6732,1110,1615,1432,7548,1497,1916,8276,5896,9838,8067,8501,3070,9639,6920,4347,5592,5377,75,3858,3704,6500,8548,1993,9313,2831,104,6790,6339,1766,3038,5003,6020,9738,1486,8708,4399,3028,4486,2914,8487,1988,4577,4945,7397,8159,8336,3032,6066,2255,8637,4509,5921,7403,8736,1154,4798,3852,4851,6535,Bot
2865,5188,9658,8286,4855,257,7430,4489,6684,4829,9171,7329,8647,2017,172,8774,2745,1357,6739,7396,7513,4825,2994,6309,448,187,4553,3446,2821,6209,9284,1125,5497,4606,3477,7744,3067,8112,9611,4722,3706,4541,1649,2641,2773,3840,323,1538,455,6920,1361,7492,1813,612,6550,4687,7652,2539,6694,6681,9206,3335,9684,1075,6013,7573,3557,2615,6698,5676,9517,8048,32,5246,9822,2843,2397,FTP-Patator
7248,2738,6690,492,8924,7353,7295,8086,269,2871,5016,3562,8134,2189,1561,743,5791,9564,2279,2490,5702,8504,8392,8194,8095,5262,8328,9387,7760,1179,9212,1964,1804,49,5541,8996,7656,8607,7607,1638,8986,8754,2735,8007,5842,5469,8969,4701,7560,3055,85,4190,8237,8073,2083,8201,2939,9242,8782,8223,4141,571,7235,8208,1540,4048,1078,1385,130,2545,6722,7452,6791,2423,4740,7481,9533,FTP-Patator
8985,7437,3544,3615,4090,2534,2856,5880,8845,6191,4442,5413,2410,7656,5143,3609,681,1118,4476,4748,2974,5855,1302,5284,1900,1082,8633,3783,2641,1800,3349,4682,7989,5013,9200,9229,1102,433,8668,3933,6544,7936,3213,3310,7734,3563,383,9058,862,8459,9537,5518,3489,5499,989,6989,7047,4678,7269,6023,3367,9109,2568,7227,8021,5921,6051,9563,3966,9798,7845,1886,9708,7704,2879,160,8516,PortScan
8476,2042,7609,84,737,4784,6382,1487,3436,703,4269,7098,724,90,1769,676,9538,6570,4204,6689,4796,2374,9948,3522,4780,8872,6067,1291,2685,9974,2319,4354,7066,8429,6079,303,1626,1253,9118,1998,9634,4259,2401,2749,7296,5061,6852,860,4933,9470,480,1971,9052,8299,5820,3913,2162,546,6815,2686,3885,7715,2118,8585,4633,175,6156,4765,4319,3525,483,6337,8503,5405,6710,4825,5336,BENIGN
9385,517,8455,4936,8407,6469,2599,4687,4439,5927,1127,2361,346,7113,6965,6962,8841,8456,377,2941,6937,6305,3810,2074,9431,3666,3377,1834,9063,6343,7220,4175,9484,4889,9839,9817,6199,8380,7667,3505,3220,4832,703,9601,839,2565,533,1341,1621,3695,6808,3537,5960,7029,672,362,3079,1383,7799,8332,6460,2287,628,1649,7477,8347,4308,2844,3260,3315,8008,3783,8236,592,6870,9958,1998,PortScan
6872,9551,3056,5265,9381,8819,142,8100,6847,1620,7460,3641,2056,6726,3262,7998,6563,4359,601,5615,1068,6057,4365,1897,9708,2423,1988,4788,3572,3890,8140,9345,9775,7629,7088,2127,1,4170,5079,5340,1805,6395,6613,7470,9121,895,3104,1382,4842,4113,216,1380,1311,9904,2979,3903,1567,9174,3692,6963,8840,1131,5663,3209,9697,8917,68,2826,3769,6427,5463,436,2665,807,5823,1673,554,Web Attack - Brute Force
8107,623,7608,6990,7741,3437,6380,3516,4908,3772,6361,2909,3906,4837,8476,621,430,3652,7230,3922,1381,1571,331,3671,6840,5277,7053,3878,1396,7379,1379,7539,726,6562,9505,2516,1404,3941,3882,8958,8562,861,7278,1203,8787,6227,813,7007,7996,1464,9534,7256,6910,3332,2402,3604,2659,324,3040,2286,1058,8506,1577,638,5849,356,7253,7216,6617,296,7272,6704,8655,3505,5786,8405,8037,DoS Slowhttptest
8898,2202,6,3052,3194,3521,3747,3897,6096,9990,9025,557,1789,2868,154,5912,7179,187,2064,9566,7797,9087,4236,2862,9961,6274,3017,8081,6652,1187,1915,987,6576,7844,9545,9185,8981,2708,8681,3968,9611,3834,7,2930,8964,5247,818,1006,5036,7074,543,6549,2096,4091,778,5702,2115,8359,2977,1898,2151,725,6461,2725,8733,7199,5235,1432,6649,7766,1547,4360,9596,2980,272,8098,6642,DDoS
368,6109,8568,1083,771,7619,2007,3970,5256,6922,8159,9715,1278,6631,9564,737,3439,5217,9492,4120,5693,9811,3780,2472,7096,7402,4743,6269,6751,6982,549,3219,1530,2126,6118,4635,4574,9959,8304,5810,2839,7393,5192,6582,3075,2791,57,7948,1756,6298,6253,8550,6009,763,5312,6998,528,2446,1929,6095,2276,2971,4386,6602,2102,1743,7731,9638,6897,9686,5819,9671,7489,439,4185,167,2450,DoS Hulk
7136,7030,9779,5475,9511,1733,3377,6802,7953,3482,7776,9308,9032,1835,5181,1457,5940,9574,2506,2101,7917,2758,8526,357,6571,6442,3839,6814,899,332,806,2141,18,7363,2112,2855,1227,4819,2032,3830,3563,6655,9627,3307,1712,8796,3240,2156,8348,1664,7458,1735,2181,4750,3484,8150,1114,7785,7771,3839,6689,6386,2444,6026,8369,6676,7739,6188,6697,6046,4478,707,6950,7397,17,3689,6306,Web Attack - XSS
2486,9610,734,9637,6269,7827,2407,9866,6849,7526,6871,7005,4132,6533,437,7664,174,9698,3374,6424,8611,8182,3049,4025,3882,7446,7232,2364,6473,9816,4181,7406,9415,2623,6004,4299,550,3723,2095,1842,6535,5327,8675,2943,2667,9283,1121,2017,7788,601,3146,1052,6973,522,6216,2265,4213,1210,4351,8404,4167,1833,2870,3025,1285,9492,8175,8951,2479,209,9084,1242,4012,1978,5899,3155,5138,DoS GoldenEye
1403,5508,6034,4088,7676,7435,9307,9912,8612,4175,7486,8046,8425,8501,6534,801,524,2760,6948,8613,8420,8129,1490,722,9019,2316,5012,9310,4267,6939,6072,7808,9186,7687,1996,9150,4345,6210,1946,2833,9250,4476,7979,3681,8830,2043,7252,7597,3626,239,6183,2871,2202,1171,717,4920,5131,3824,7702,9332,4203,7851,38,9769,2781,47,2394,5975,9026,3549,5666,4863,2852,935,3056,783,8081,PortScan
9001,5121,7220,1753,982,9275,959,9918,7000,7444,643,3678,3895,259,1155,2102,9298,3359,1403,3385,456,9406,244,4873,4356,4252,9985,5385,8586,3124,4407,6390,7124,963,603,732,5836,6769,5530,5506,9749,9691,1468,7589,1915,3396,8831,9557,8464,6474,6883,808,6637,2919,9398,1132,8943,504,8370,6325,6801,8999,2144,208,3959,5544,43,4841,5660,7896,9129,2589,7415,4315,3017,9198,3745,Heartbleed
5565,5263,4124,8953,4216,8206,4919,4567,1705,8083,2734,4097,1055,4974,1333,7977,5789,3336,645,2816,3468,2821,8802,1180,4289,7674,7751,4520,1830,9016,2590,8204,6214,3122,4672,4652,624,2027,4660,4536,9497,143,3829,271,5466,3123,7896,2041,2642,5574,1529,2635,8855,452,6912,6598,2543,4695,4284,5693,1231,4579,7236,6740,5808,3506,3616,8150,1849,7004,1769,6822,5861,8440,5062,6588,3164,Web Attack - XSS
2835,236,7816,6853,5907,5695,8823,3135,6447,2350,191,5804,1296,8626,6849,5993,2251,8076,2586,3161,626,2087,3652,8351,9315,9459,8527,1865,7673,1403,499,6408,1846,2879,3854,2083,9123,2624,8224,7744,9338,2949,4954,2500,6217,7018,1049,689,3125,4301,7360,1826,7196,7838,8459,1092,7917,8324,8207,5702,4305,3951,4681,472,6315,840,7439,1149,6679,3770,481,7814,3483,9650,3234,3001,5919,PortScan
3169,4695,5160,4077,7937,6825,266,9327,4827,8534,2808,3729,1002,279,5108,9155,2069,2570,5755,8827,4550,7353,6628,609,7660,2241,5486,8116,9714,6508,8041,8359,2226,2440,652,6475,6281,9626,7570,5991,1247,1624,3850,2716,824,9280,7173,90,6434,7807,314,4621,9130,5805,2934,6331,2537,2132,1409,6468,2799,5843,6617,4798,5026,5113,855,8217,6780,7409,1818,8466,3620,7971,7388,9127,3199,Web Attack - SQL Injection
9099,4943,2510,1823,8447,5361,7287,7173,2920,8848,5611,6913,1291,2924,7563,3634,8239,7846,1513,5224,69,6504,4953,2861,5694,5095,4910,5165,4175,2470,4572,1585,7472,1433,2013,9632,8554,1299,1252,7542,8524,6623,3537,8872,5501,2314,9782,9194,7038,4173,817,1908,360,8252,4102,1294,4616,212,9380,8422,6970,8859,8073,3189,4183,5635,750,2274,1267,420,4526,1383,5590,5832,3654,146,3884,Web Attack - XSS
5173,3884,8962,2123,3461,1773,1740,4541,392,9865,40,2970,7860,2057,560,9106,9366,9827,6632,7560,6873,2685,3762,6371,2314,3330,3835,2492,2632,6173,1615,1031,1192,2199,380,7587,7056,3839,1350,9645,4686,3131,1151,9598,1193,551,9242,6588,6095,3379,9958,5503,252,5083,6790,8370,8448,9671,6675,2601,9359,7768,2642,6927,8079,6831,3039,3382,8939,7835,2710,2492,95,4439,243,8729,4371,Infiltration
3857,7267,9869,5977,6540,601,6184,7118,3512,7638,6793,8132,9265,1635,8463,6111,8074,3942,4064,9698,6639,7107,5590,192,507,1161,7478,3999,7724,6330,7013,6430,3540,4567,1658,2135,4531,5893,3803,3833,1865,9038,9150,2903,5182,9289,5593,8064,3091,9244,2753,1729,1991,4917,3928,1297,9964,1744,1287,7218,1874,7012,3537,8824,7729,7720,7483,4420,6990,222,5725,838,4883,38,9986,770,3334,BENIGN
